Protocollo;Gruppo;DataOraIncidente;Localizzazione1;STRADA1;Localizzazione2;STRADA2;Strada02;Chilometrica;DaSpecificare;NaturaIncidente;particolaritastrade;TipoStrada;FondoStradale;Pavimentazione;Segnaletica;CondizioneAtmosferica;Traffico;Visibilita;Illuminazione;NUM_FERITI;NUM_RISERVATA;NUM_MORTI;NUM_ILLESI;Longitudine;Latitudine;Confermato;Progressivo;TipoVeicolo;StatoVeicolo;TipoPersona;Sesso;Tipolesione;Deceduto;DecedutoDopo;CinturaCascoUtilizzato;Airbag
3858693;15;05/06/2018 07:40:00;Strada Urbana;VIALE GIUSEPPE SIRTORI;all'intersezione con;PIAZZA AUGUSTO LORENZINI;PIAZZA AUGUSTO LORENZINI;;;Scontro frontale/laterale SX fra veicoli in marcia;Intersezione non regolata/non segnalata;Due carreggiate;Asciutto;Asfaltata;Verticale ed orizzontale;Sereno;Normale;Buona;Ore Diurne;1;0;0;1;12,44856;41,85556;-1;1;Autovettura privata;In marcia / fermata / arresto;Conducente;F;Illeso;0;;Utilizzato;
3858693;15;05/06/2018 07:40:00;Strada Urbana;VIALE GIUSEPPE SIRTORI;all'intersezione con;PIAZZA AUGUSTO LORENZINI;PIAZZA AUGUSTO LORENZINI;;;Scontro frontale/laterale SX fra veicoli in marcia;Intersezione non regolata/non segnalata;Due carreggiate;Asciutto;Asfaltata;Verticale ed orizzontale;Sereno;Normale;Buona;Ore Diurne;1;0;0;1;12,44856;41,85556;-1;2;Motociclo a solo;In marcia / fermata / arresto;Conducente;M;Rimandato;0;NON DECEDUTO;Utilizzato;
3858703;17;05/06/2018 16:30:00;Strada Urbana;VIA POMPEO MAGNO;all'intersezione con;VIA EZIO;VIA EZIO;;;Scontro frontale/laterale SX fra veicoli in marcia;Incrocio;Una carreggiata a senso unico di marcia;Asciutto;Asfaltata;Verticale ed orizzontale;Nuvoloso;Normale;Buona;Ore Diurne;1;0;0;2;12,46754;41,91013;-1;1;Autovettura privata;In marcia / fermata / arresto;Conducente;M;Illeso;0;;;
3858703;17;05/06/2018 16:30:00;Strada Urbana;VIA POMPEO MAGNO;all'intersezione con;VIA EZIO;VIA EZIO;;;Scontro frontale/laterale SX fra veicoli in marcia;Incrocio;Una carreggiata a senso unico di marcia;Asciutto;Asfaltata;Verticale ed orizzontale;Nuvoloso;Normale;Buona;Ore Diurne;1;0;0;2;12,46754;41,91013;-1;2;Autovettura privata;In marcia / fermata / arresto;Conducente;F;Rimandato;0;NON DECEDUTO;;
3858703;17;05/06/2018 16:30:00;Strada Urbana;VIA POMPEO MAGNO;all'intersezione con;VIA EZIO;VIA EZIO;;;Scontro frontale/laterale SX fra veicoli in marcia;Incrocio;Una carreggiata a senso unico di marcia;Asciutto;Asfaltata;Verticale ed orizzontale;Nuvoloso;Normale;Buona;Ore Diurne;1;0;0;2;12,46754;41,91013;-1;2;Autovettura privata;In marcia / fermata / arresto;Passeggero;F;Illeso;0;;;
3858717;17;05/06/2018 10:55:00;Strada Urbana;VIA GERMANICO;all'intersezione con;VIA CAIO MARIO;VIA CAIO MARIO;;;Investimento di pedone;Intersezione stradale segnalata;Una carreggiata a senso unico di marcia;Asciutto;Asfaltata;Verticale ed orizzontale;Sereno;Normale;Buona;Ore Diurne;0;0;0;2;12,46026;41,90834;0;;;;Pedone;M;Illeso;0;;;
3858717;17;05/06/2018 10:55:00;Strada Urbana;VIA GERMANICO;all'intersezione con;VIA CAIO MARIO;VIA CAIO MARIO;;;Investimento di pedone;Intersezione stradale segnalata;Una carreggiata a senso unico di marcia;Asciutto;Asfaltata;Verticale ed orizzontale;Sereno;Normale;Buona;Ore Diurne;0;0;0;2;12,46026;41,90834;0;1;Autovettura privata;In marcia / fermata / arresto;Conducente;M;Illeso;0;;;
3858722;2;05/06/2018 14:30:00;Strada Urbana;PIAZZALE FLAMINIO;da specificare;;;;dir. Viale del Muro Torto alt. Porta del Popolo;Tamponamento Multiplo;Rettilineo;Due carreggiate;Asciutto;Asfaltata;Verticale ed orizzontale;Nuvoloso;Intenso;Buona;Ore Diurne;0;0;0;4;12,47568;41,91187;-1;1;Autovettura privata;In marcia / fermata / arresto;Conducente;M;Illeso;0;;Non accertato;Inesploso
3858722;2;05/06/2018 14:30:00;Strada Urbana;PIAZZALE FLAMINIO;da specificare;;;;dir. Viale del Muro Torto alt. Porta del Popolo;Tamponamento Multiplo;Rettilineo;Due carreggiate;Asciutto;Asfaltata;Verticale ed orizzontale;Nuvoloso;Intenso;Buona;Ore Diurne;0;0;0;4;12,47568;41,91187;-1;2;Autovettura privata;In marcia / fermata / arresto;Conducente;M;Illeso;0;;Non accertato;Inesploso
3858722;2;05/06/2018 14:30:00;Strada Urbana;PIAZZALE FLAMINIO;da specificare;;;;dir. Viale del Muro Torto alt. Porta del Popolo;Tamponamento Multiplo;Rettilineo;Due carreggiate;Asciutto;Asfaltata;Verticale ed orizzontale;Nuvoloso;Intenso;Buona;Ore Diurne;0;0;0;4;12,47568;41,91187;-1;3;Autovettura privata;In marcia / fermata / arresto;Conducente;M;Illeso;0;;Non accertato;Inesploso
3858722;2;05/06/2018 14:30:00;Strada Urbana;PIAZZALE FLAMINIO;da specificare;;;;dir. Viale del Muro Torto alt. Porta del Popolo;Tamponamento Multiplo;Rettilineo;Due carreggiate;Asciutto;Asfaltata;Verticale ed orizzontale;Nuvoloso;Intenso;Buona;Ore Diurne;0;0;0;4;12,47568;41,91187;-1;3;Autovettura privata;In marcia / fermata / arresto;Passeggero;F;Illeso;0;;Non accertato;Inesploso
3858725;1;05/06/2018 07:45:00;Strada Urbana;LUNGOTEVERE TESTACCIO;in prossimit�;;del civico n.;7;;Scontro laterale fra veicoli in marcia;Rettilineo;Una carreggiata a senso unico di marcia;Asciutto;Asfaltata;Verticale ed orizzontale;Sereno;Intenso;Buona;Ore Diurne;1;0;0;2;12,47514;41,88231;-1;1;Autovettura privata;In marcia / fermata / arresto;Conducente;F;Illeso;0;;Non accertato;
3858725;1;05/06/2018 07:45:00;Strada Urbana;LUNGOTEVERE TESTACCIO;in prossimit�;;del civico n.;7;;Scontro laterale fra veicoli in marcia;Rettilineo;Una carreggiata a senso unico di marcia;Asciutto;Asfaltata;Verticale ed orizzontale;Sereno;Intenso;Buona;Ore Diurne;1;0;0;2;12,47514;41,88231;-1;2;Motociclo a solo;In marcia / fermata / arresto;Conducente;F;Rimandato;0;NON DECEDUTO;Non accertato;
3858725;1;05/06/2018 07:45:00;Strada Urbana;LUNGOTEVERE TESTACCIO;in prossimit�;;del civico n.;7;;Scontro laterale fra veicoli in marcia;Rettilineo;Una carreggiata a senso unico di marcia;Asciutto;Asfaltata;Verticale ed orizzontale;Sereno;Intenso;Buona;Ore Diurne;1;0;0;2;12,47514;41,88231;-1;3;Motociclo a solo;In marcia / fermata / arresto;Conducente;M;Illeso;0;;Non accertato;
3858727;12;05/06/2018 15:00:00;Strada Urbana;VIA ALVARO DEL PORTILLO;da specificare;;;;pross. civ. 200 direz. via Vallerano;Veicolo in marcia contro veicolo in sosta;Rettilineo;Una carreggiata a doppio senso;Asciutto;Asfaltata;Verticale ed orizzontale;Sereno;Normale;Buona;Ore Diurne;0;0;0;1;12,46686;41,77249;-1;1;Autovettura privata;In marcia / fermata / arresto;Conducente;F;Illeso;0;;Non accertato;Inesploso
3858730;6;05/06/2018 17:30:00;Strada Urbana;VIALE DELLA PRIMAVERA;da specificare;;;;FRONTE CIVICO 151;Scontro laterale fra veicoli in marcia;Rettilineo;Due carreggiate;Asciutto;Asfaltata;Verticale ed orizzontale;Sereno;Intenso;Buona;Ore Diurne;0;0;0;3;12,56044;41,88148;-1;1;Autovettura privata;In marcia / fermata / arresto;Conducente;M;Illeso;0;;Non accertato;Inesploso
3858730;6;05/06/2018 17:30:00;Strada Urbana;VIALE DELLA PRIMAVERA;da specificare;;;;FRONTE CIVICO 151;Scontro laterale fra veicoli in marcia;Rettilineo;Due carreggiate;Asciutto;Asfaltata;Verticale ed orizzontale;Sereno;Intenso;Buona;Ore Diurne;0;0;0;3;12,56044;41,88148;-1;2;Autovettura privata;In marcia / fermata / arresto;Conducente;M;Illeso;0;;Non accertato;Inesploso
3858730;6;05/06/2018 17:30:00;Strada Urbana;VIALE DELLA PRIMAVERA;da specificare;;;;FRONTE CIVICO 151;Scontro laterale fra veicoli in marcia;Rettilineo;Due carreggiate;Asciutto;Asfaltata;Verticale ed orizzontale;Sereno;Intenso;Buona;Ore Diurne;0;0;0;3;12,56044;41,88148;-1;2;Autovettura privata;In marcia / fermata / arresto;Passeggero;F;Illeso;0;;Non accertato;Inesploso
3858745;10;05/06/2018 10:45:00;Strada Urbana;VIA FRANCESCO ANTOLISEI;in prossimit�;;del civico n.;19;;Veicolo in marcia contro ostacolo accidentale;Rettilineo;Due carreggiate;Asciutto;Asfaltata;Assente;Sereno;Normale;Buona;Ore Diurne;0;0;0;1;12,60636;41,84857;-1;1;Autovettura privata;In marcia / fermata / arresto;Conducente;F;Illeso;0;;Non accertato;Inesploso
3858767;1;05/06/2018 11:00:00;Strada Urbana;VIA PIAVE;in corrispondenza;;del civico n.;8;;Veicolo in marcia contro ostacolo accidentale;Rettilineo;Una carreggiata a doppio senso;Asciutto;Asfaltata;Verticale ed orizzontale;Nuvoloso;Normale;Buona;Ore Diurne;1;0;0;0;12,49848;41,90822;-1;2;Velocipede;In marcia / fermata / arresto;Conducente;M;Rimandato;0;NON DECEDUTO;Esente;
3858786;12;05/06/2018 16:00:00;Strada Urbana;VIALE DEGLI EROI DI RODI;da specificare;;;;pross. via di Mezzocammino;Infortunio per caduta del veicolo;Curva a visuale libera;Una carreggiata a senso unico di marcia;Asciutto;Asfaltata;Verticale ed orizzontale;Sereno;Normale;Buona;Ore Diurne;1;0;0;0;12,43883;41,77987;-1;1;Motociclo a solo;In marcia / fermata / arresto;Conducente;M;Rimandato;0;NON DECEDUTO;Non accertato;
3858789;9;05/06/2018 17:40:00;Strada Urbana;VIA TUSCOLANA;all'intersezione semaforizzata con;VIA DELL'ARCO DI TRAVERTINO;VIA DELL'ARCO DI TRAVERTINO;;;Scontro laterale fra veicoli in marcia;Intersezione semaforizzata;Due carreggiate;Bagnato (pioggia);Asfaltata;Verticale ed orizzontale;Pioggia in atto;Normale;Sufficiente;Ore Diurne;0;0;0;2;12,53814;41869;-1;1;Autovettura privata;In marcia / fermata / arresto;Conducente;F;Illeso;0;;Non accertato;Inesploso
3858789;9;05/06/2018 17:40:00;Strada Urbana;VIA TUSCOLANA;all'intersezione semaforizzata con;VIA DELL'ARCO DI TRAVERTINO;VIA DELL'ARCO DI TRAVERTINO;;;Scontro laterale fra veicoli in marcia;Intersezione semaforizzata;Due carreggiate;Bagnato (pioggia);Asfaltata;Verticale ed orizzontale;Pioggia in atto;Normale;Sufficiente;Ore Diurne;0;0;0;2;12,53814;41869;-1;2;Motociclo a solo;In marcia / fermata / arresto;Conducente;F;Illeso;0;;Non accertato;
3858811;15;01/06/2018 12:30:00;Strada Urbana;VIA DELLA MAGLIANA;in corrispondenza;;del civico n.;263;;Scontro laterale fra veicoli in marcia;Rettilineo;Una carreggiata a doppio senso;Asciutto;Asfaltata;Verticale ed orizzontale;Sereno;Normale;Buona;Ore Diurne;0;0;0;5;12,45707;41,84608;-1;1;Autovettura privata;In marcia / fermata / arresto;Conducente;M;Illeso;0;;;
3858811;15;01/06/2018 12:30:00;Strada Urbana;VIA DELLA MAGLIANA;in corrispondenza;;del civico n.;263;;Scontro laterale fra veicoli in marcia;Rettilineo;Una carreggiata a doppio senso;Asciutto;Asfaltata;Verticale ed orizzontale;Sereno;Normale;Buona;Ore Diurne;0;0;0;5;12,45707;41,84608;-1;1;Autovettura privata;In marcia / fermata / arresto;Passeggero;F;Illeso;0;;Non accertato;
3858811;15;01/06/2018 12:30:00;Strada Urbana;VIA DELLA MAGLIANA;in corrispondenza;;del civico n.;263;;Scontro laterale fra veicoli in marcia;Rettilineo;Una carreggiata a doppio senso;Asciutto;Asfaltata;Verticale ed orizzontale;Sereno;Normale;Buona;Ore Diurne;0;0;0;5;12,45707;41,84608;-1;2;Autovettura privata;In marcia / fermata / arresto;Conducente;M;Illeso;0;;;
3858811;15;01/06/2018 12:30:00;Strada Urbana;VIA DELLA MAGLIANA;in corrispondenza;;del civico n.;263;;Scontro laterale fra veicoli in marcia;Rettilineo;Una carreggiata a doppio senso;Asciutto;Asfaltata;Verticale ed orizzontale;Sereno;Normale;Buona;Ore Diurne;0;0;0;5;12,45707;41,84608;-1;2;Autovettura privata;In marcia / fermata / arresto;Passeggero;M;Illeso;0;;;
3858811;15;01/06/2018 12:30:00;Strada Urbana;VIA DELLA MAGLIANA;in corrispondenza;;del civico n.;263;;Scontro laterale fra veicoli in marcia;Rettilineo;Una carreggiata a doppio senso;Asciutto;Asfaltata;Verticale ed orizzontale;Sereno;Normale;Buona;Ore Diurne;0;0;0;5;12,45707;41,84608;-1;2;Autovettura privata;In marcia / fermata / arresto;Passeggero;F;Illeso;0;;Non accertato;
3859112;6;06/06/2018 00:05:00;Strada Urbana;VIA DI ACQUA BULLICANTE;in prossimit�;;del civico n.;256;;Veicolo in marcia contro ostacolo accidentale;Rettilineo;Una carreggiata a doppio senso;Asciutto;Strada pavimentata dissestata;Verticale ed orizzontale;Sereno;Scarso;Buona;Sufficiente;1;0;0;0;12,5425;41,8892;-1;1;Motociclo a solo;In marcia / fermata / arresto;Conducente;M;Rifiuta cure immediate;0;NON DECEDUTO;Non accertato;
3859119;8;05/06/2018 19:00:00;Strada Urbana;VIA DI TOR VERGATA;da specificare;;;;prossimit� via F. TENSI;Scontro frontale/laterale SX fra veicoli in marcia;Rettilineo;Due carreggiate;Asciutto;Asfaltata;Verticale ed orizzontale;Sereno;Normale;Buona;Ore Diurne;0;0;0;4;12,62265;41,8469;-1;1;Autovettura privata;In marcia / fermata / arresto;Conducente;M;Illeso;0;;Non accertato;Inesploso
3859119;8;05/06/2018 19:00:00;Strada Urbana;VIA DI TOR VERGATA;da specificare;;;;prossimit� via F. TENSI;Scontro frontale/laterale SX fra veicoli in marcia;Rettilineo;Due carreggiate;Asciutto;Asfaltata;Verticale ed orizzontale;Sereno;Normale;Buona;Ore Diurne;0;0;0;4;12,62265;41,8469;-1;1;Autovettura privata;In marcia / fermata / arresto;Passeggero;F;Illeso;0;;Non accertato;Inesploso
3859119;8;05/06/2018 19:00:00;Strada Urbana;VIA DI TOR VERGATA;da specificare;;;;prossimit� via F. TENSI;Scontro frontale/laterale SX fra veicoli in marcia;Rettilineo;Due carreggiate;Asciutto;Asfaltata;Verticale ed orizzontale;Sereno;Normale;Buona;Ore Diurne;0;0;0;4;12,62265;41,8469;-1;1;Autovettura privata;In marcia / fermata / arresto;Passeggero;M;Illeso;0;;Non accertato;Inesploso
3859119;8;05/06/2018 19:00:00;Strada Urbana;VIA DI TOR VERGATA;da specificare;;;;prossimit� via F. TENSI;Scontro frontale/laterale SX fra veicoli in marcia;Rettilineo;Due carreggiate;Asciutto;Asfaltata;Verticale ed orizzontale;Sereno;Normale;Buona;Ore Diurne;0;0;0;4;12,62265;41,8469;-1;2;Autovettura privata;In marcia / fermata / arresto;Conducente;M;Illeso;0;;Non accertato;Inesploso
3859121;4;05/06/2018 16:15:00;Provinciale;VIA NOMENTANA;in corrispondenza;;del civico n.;1373;;Scontro frontale/laterale SX fra veicoli in marcia;Rettilineo;Una carreggiata a doppio senso;Bagnato (pioggia);Asfaltata;Verticale ed orizzontale;Nuvoloso;Intenso;Buona;Ore Diurne;0;0;1;1;12,60185;41,96796;0;1;Motociclo a solo;In marcia / fermata / arresto;Conducente;M;Deceduto sul posto;-1;;Non accertato;
3859121;4;05/06/2018 16:15:00;Provinciale;VIA NOMENTANA;in corrispondenza;;del civico n.;1373;;Scontro frontale/laterale SX fra veicoli in marcia;Rettilineo;Una carreggiata a doppio senso;Bagnato (pioggia);Asfaltata;Verticale ed orizzontale;Nuvoloso;Intenso;Buona;Ore Diurne;0;0;1;1;12,60185;41,96796;0;2;Autocarro inferiore 35 q.;In marcia / fermata / arresto;Conducente;M;Illeso;0;;Non accertato;
3859123;8;05/06/2018 15:00:00;Strada Urbana;VIA GROTTAGLIE;in corrispondenza;;del civico n.;49;;Veicolo in marcia contro ostacolo fisso;Rettilineo;Una carreggiata a doppio senso;Asciutto;Asfaltata;Orizzontale;Nuvoloso;Normale;Buona;Ore Diurne;0;0;0;1;12,6685;41,88709;-1;1;Autovettura privata;In marcia / fermata / arresto;Conducente;M;Illeso;0;;Non accertato;Inesploso
3859125;8;05/06/2018 07:20:00;Provinciale entro l'abitato;VIA PRENESTINA;all'intersezione semaforizzata con;VIA DI TORRENOVA;VIA DI TORRENOVA;;;Scontro laterale fra veicoli in marcia;Intersezione semaforizzata;Una carreggiata a doppio senso;Asciutto;Asfaltata;Verticale ed orizzontale;Sereno;Normale;Buona;Ore Diurne;0;0;0;3;12,61039;41,89349;-1;1;Autovettura privata;In marcia / fermata / arresto;Conducente;M;Illeso;0;;Non accertato;Inesploso
3859125;8;05/06/2018 07:20:00;Provinciale entro l'abitato;VIA PRENESTINA;all'intersezione semaforizzata con;VIA DI TORRENOVA;VIA DI TORRENOVA;;;Scontro laterale fra veicoli in marcia;Intersezione semaforizzata;Una carreggiata a doppio senso;Asciutto;Asfaltata;Verticale ed orizzontale;Sereno;Normale;Buona;Ore Diurne;0;0;0;3;12,61039;41,89349;-1;1;Autovettura privata;In marcia / fermata / arresto;Passeggero;F;Illeso;0;;Non accertato;Inesploso
3859125;8;05/06/2018 07:20:00;Provinciale entro l'abitato;VIA PRENESTINA;all'intersezione semaforizzata con;VIA DI TORRENOVA;VIA DI TORRENOVA;;;Scontro laterale fra veicoli in marcia;Intersezione semaforizzata;Una carreggiata a doppio senso;Asciutto;Asfaltata;Verticale ed orizzontale;Sereno;Normale;Buona;Ore Diurne;0;0;0;3;12,61039;41,89349;-1;2;Motociclo a solo;In marcia / fermata / arresto;Conducente;M;Illeso;0;;Non accertato;
3859136;8;05/06/2018 14:20:00;Strada Urbana;VIA DI GIARDINETTI;all'intersezione con;VIA FRATELLI POGGINI;VIA FRATELLI POGGINI;;;Scontro laterale fra veicoli in marcia;Incrocio;Una carreggiata a senso unico di marcia;Asciutto;Asfaltata;Verticale;Nuvoloso;Normale;Buona;Ore Diurne;0;0;0;2;12603;41,85992;-1;1;Autovettura privata;In marcia / fermata / arresto;Conducente;M;Illeso;0;;Non accertato;Inesploso
3859136;8;05/06/2018 14:20:00;Strada Urbana;VIA DI GIARDINETTI;all'intersezione con;VIA FRATELLI POGGINI;VIA FRATELLI POGGINI;;;Scontro laterale fra veicoli in marcia;Incrocio;Una carreggiata a senso unico di marcia;Asciutto;Asfaltata;Verticale;Nuvoloso;Normale;Buona;Ore Diurne;0;0;0;2;12603;41,85992;-1;2;Motociclo a solo;In marcia / fermata / arresto;Conducente;M;Illeso;0;;Non accertato;
3859141;8;05/06/2018 09:00:00;Strada Urbana;VIALE FRANCESCO CALTAGIRONE;da specificare;;;;20 MT DOPO VIA CORRADINO D'ASCANIO;Tamponamento;Rettilineo;Due carreggiate;Asciutto;Asfaltata;Verticale ed orizzontale;Sereno;Normale;Buona;Ore Diurne;0;0;0;3;12,65498;41,90911;-1;1;Autovettura privata;In marcia / fermata / arresto;Conducente;M;Illeso;0;;Non accertato;Inesploso
3859141;8;05/06/2018 09:00:00;Strada Urbana;VIALE FRANCESCO CALTAGIRONE;da specificare;;;;20 MT DOPO VIA CORRADINO D'ASCANIO;Tamponamento;Rettilineo;Due carreggiate;Asciutto;Asfaltata;Verticale ed orizzontale;Sereno;Normale;Buona;Ore Diurne;0;0;0;3;12,65498;41,90911;-1;2;Autovettura privata;In marcia / fermata / arresto;Conducente;M;Illeso;0;;Non accertato;Inesploso
3859141;8;05/06/2018 09:00:00;Strada Urbana;VIALE FRANCESCO CALTAGIRONE;da specificare;;;;20 MT DOPO VIA CORRADINO D'ASCANIO;Tamponamento;Rettilineo;Due carreggiate;Asciutto;Asfaltata;Verticale ed orizzontale;Sereno;Normale;Buona;Ore Diurne;0;0;0;3;12,65498;41,90911;-1;2;Autovettura privata;In marcia / fermata / arresto;Passeggero;M;Illeso;0;;Non accertato;Inesploso
3859145;8;05/06/2018 08:35:00;Strada Urbana;VIA NICOLA SALIOLA;in prossimit�;;del palo luce n.;8;;Tamponamento;Curva a visuale libera;Una carreggiata a doppio senso;Asciutto;Asfaltata;Orizzontale;Sereno;Normale;Buona;Ore Diurne;0;0;0;1;12,66414;41,90964;-1;1;Autovettura privata;In marcia / fermata / arresto;Conducente;F;Illeso;0;;;
3859149;8;05/06/2018 08:40:00;Strada Urbana;VIA MESORACA;in prossimit�;;del civico n.;21;;Veicolo in marcia contro ostacolo accidentale;Rettilineo;Una carreggiata a doppio senso;Asciutto;Con buche;Orizzontale;Sereno;Normale;Buona;Ore Diurne;1;0;0;0;12,67455;41,86987;-1;1;Motociclo a solo;In marcia / fermata / arresto;Conducente;M;Rifiuta cure immediate;0;NON DECEDUTO;Non accertato;
3859156;8;05/06/2018 20:00:00;Strada Urbana;VIA MARFORIO;in corrispondenza;;del civico n.;6;;Veicolo in marcia contro veicoli in sosta;Rettilineo;Una carreggiata a doppio senso;Asciutto;Asfaltata;Verticale;Sereno;Normale;Sufficiente;Sufficiente;0;0;0;2;12,57917;41,86692;-1;1;Autovettura privata;In marcia / fermata / arresto;Conducente;M;Illeso;0;;Non accertato;Inesploso
3859156;8;05/06/2018 20:00:00;Strada Urbana;VIA MARFORIO;in corrispondenza;;del civico n.;6;;Veicolo in marcia contro veicoli in sosta;Rettilineo;Una carreggiata a doppio senso;Asciutto;Asfaltata;Verticale;Sereno;Normale;Sufficiente;Sufficiente;0;0;0;2;12,57917;41,86692;-1;2;Autovettura privata;In marcia / fermata / arresto;Conducente;M;Illeso;0;;Non accertato;Inesploso
3859157;13;05/06/2018 23:25:00;Strada Urbana;LUNGOMARE PAOLO TOSCANELLI;in corrispondenza;;del palo luce n.;49;;Veicolo in marcia contro ostacolo accidentale;Rettilineo;Una carreggiata a senso unico di marcia;Asciutto;Asfaltata;Verticale ed orizzontale;Sereno;Normale;Buona;Sufficiente;0;0;0;2;12,27543;41,73009;-1;1;Autovettura privata;In marcia / fermata / arresto;Conducente;M;Illeso;0;;Non accertato;Inesploso
3859157;13;05/06/2018 23:25:00;Strada Urbana;LUNGOMARE PAOLO TOSCANELLI;in corrispondenza;;del palo luce n.;49;;Veicolo in marcia contro ostacolo accidentale;Rettilineo;Una carreggiata a senso unico di marcia;Asciutto;Asfaltata;Verticale ed orizzontale;Sereno;Normale;Buona;Sufficiente;0;0;0;2;12,27543;41,73009;-1;1;Autovettura privata;In marcia / fermata / arresto;Passeggero;F;Illeso;0;;Non accertato;Inesploso
3859159;8;05/06/2018 12:50:00;Strada Urbana;PIAZZA DEGLI ALCIONI;da specificare;;;;FRONTE CIVICO 12;Veicolo in marcia contro ostacolo fisso;Rettilineo;Una carreggiata a doppio senso;Asciutto;Asfaltata;Verticale;Nebbia;Intenso;Buona;Ore Diurne;0;0;0;1;12,59259;41,86653;-1;1;Autocarro inferiore 35 q.;In marcia / fermata / arresto;Conducente;M;Illeso;0;;Non accertato;Inesploso
3859161;13;05/06/2018 18:00:00;Strada Urbana;VIA DELLE AZZORRE;in corrispondenza;;del civico n.;313;;Scontro frontale/laterale DX fra veicoli in marcia;Rettilineo;Due carreggiate;Asciutto;Asfaltata;Verticale ed orizzontale;Sereno;Normale;Buona;Ore Diurne;0;0;0;2;12,26801;41,74019;-1;1;Autovettura privata;In marcia / fermata / arresto;Conducente;F;Illeso;0;;Non accertato;Inesploso
3859161;13;05/06/2018 18:00:00;Strada Urbana;VIA DELLE AZZORRE;in corrispondenza;;del civico n.;313;;Scontro frontale/laterale DX fra veicoli in marcia;Rettilineo;Due carreggiate;Asciutto;Asfaltata;Verticale ed orizzontale;Sereno;Normale;Buona;Ore Diurne;0;0;0;2;12,26801;41,74019;-1;2;Autovettura privata;In marcia / fermata / arresto;Conducente;F;Illeso;0;;Non accertato;Inesploso
3859166;13;05/06/2018 14:50:00;Comunale extraurbana;VIA OSTIENSE;in corrispondenza;;della chilometrica;22.47;;Scontro laterale fra veicoli in marcia;Rettilineo;Una carreggiata a doppio senso;Asciutto;Asfaltata;Verticale ed orizzontale;Sereno;Scarso;Buona;Ore Diurne;0;0;0;2;12,41118;41,80896;-1;1;Autovettura privata;In marcia / fermata / arresto;Conducente;F;Illeso;0;;Non accertato;Inesploso
3859166;13;05/06/2018 14:50:00;Comunale extraurbana;VIA OSTIENSE;in corrispondenza;;della chilometrica;22.47;;Scontro laterale fra veicoli in marcia;Rettilineo;Una carreggiata a doppio senso;Asciutto;Asfaltata;Verticale ed orizzontale;Sereno;Scarso;Buona;Ore Diurne;0;0;0;2;12,41118;41,80896;-1;2;Autovettura privata;In marcia / fermata / arresto;Conducente;M;Illeso;0;;Non accertato;Inesploso
3859176;13;05/06/2018 11:15:00;Strada Urbana;VIA ALGAJOLA;in corrispondenza;;del civico n.;13;;Scontro frontale/laterale DX fra veicoli in marcia;Rettilineo;Una carreggiata a doppio senso;Asciutto;Asfaltata;Assente;Sereno;Normale;Buona;Ore Diurne;0;0;0;3;12,29118;41,7262;-1;1;Autovettura privata;In marcia / fermata / arresto;Conducente;M;Illeso;0;;Non accertato;Inesploso
3859176;13;05/06/2018 11:15:00;Strada Urbana;VIA ALGAJOLA;in corrispondenza;;del civico n.;13;;Scontro frontale/laterale DX fra veicoli in marcia;Rettilineo;Una carreggiata a doppio senso;Asciutto;Asfaltata;Assente;Sereno;Normale;Buona;Ore Diurne;0;0;0;3;12,29118;41,7262;-1;2;Autovettura privata;In marcia / fermata / arresto;Conducente;F;Illeso;0;;Non accertato;Inesploso
3859176;13;05/06/2018 11:15:00;Strada Urbana;VIA ALGAJOLA;in corrispondenza;;del civico n.;13;;Scontro frontale/laterale DX fra veicoli in marcia;Rettilineo;Una carreggiata a doppio senso;Asciutto;Asfaltata;Assente;Sereno;Normale;Buona;Ore Diurne;0;0;0;3;12,29118;41,7262;-1;2;Autovettura privata;In marcia / fermata / arresto;Passeggero;M;Illeso;0;;Non accertato;Inesploso
3859183;13;05/06/2018 09:00:00;Strada Urbana;PIAZZA ENRICO MILLO;da specificare;;;;xxxxxxxxxxxxxxxxxxx;Scontro frontale/laterale DX fra veicoli in marcia;Rettilineo;Una carreggiata a doppio senso;Asciutto;Asfaltata;Orizzontale;Sereno;Normale;Buona;Ore Diurne;1;0;0;1;12,28954;41,73228;-1;1;Autovettura privata;In marcia / fermata / arresto;Conducente;M;Rimandato;0;NON DECEDUTO;;
3859183;13;05/06/2018 09:00:00;Strada Urbana;PIAZZA ENRICO MILLO;da specificare;;;;xxxxxxxxxxxxxxxxxxx;Scontro frontale/laterale DX fra veicoli in marcia;Rettilineo;Una carreggiata a doppio senso;Asciutto;Asfaltata;Orizzontale;Sereno;Normale;Buona;Ore Diurne;1;0;0;1;12,28954;41,73228;-1;2;Autovettura privata;In marcia / fermata / arresto;Conducente;M;Illeso;0;;;