Protocollo;Gruppo;DataOraIncidente;Localizzazione1;STRADA1;Localizzazione2;STRADA2;Strada02;Chilometrica;DaSpecificare;NaturaIncidente;particolaritastrade;TipoStrada;FondoStradale;Pavimentazione;Segnaletica;CondizioneAtmosferica;Traffico;Visibilita;Illuminazione;NUM_FERITI;NUM_RISERVATA;NUM_MORTI;NUM_ILLESI;Longitudine;Latitudine;Confermato;Progressivo;TipoVeicolo;StatoVeicolo;TipoPersona;Sesso;Tipolesione;Deceduto;DecedutoDopo;CinturaCascoUtilizzato;Airbag
3859355;20;05/06/2018 15:30:00;Provinciale entro l'abitato;VIA TIBERINA;in corrispondenza;;del civico n.;105;;Scontro laterale fra veicoli in marcia;Rettilineo;Una carreggiata a doppio senso;Bagnato (pioggia);Asfaltata;Verticale ed orizzontale;Nuvoloso;Intenso;Buona;Ore Diurne;0;0;0;2;12,49671;42,00206;-1;2;Autovettura privata;In marcia / fermata / arresto;Conducente;F;Illeso;0;;Non accertato;
3859374;19;05/06/2018 17:05:00;Strada Urbana;VIA DELLA PINETA SACCHETTI;da specificare;;;;altezza Via S. Cleto Papa;Tamponamento Multiplo;Rettilineo;Una carreggiata a senso unico di marcia;Bagnato (pioggia);Asfaltata;Verticale ed orizzontale;Pioggia in atto;Normale;Buona;Ore Diurne;1;0;0;3;12,42441;41,92313;-1;1;Autovettura privata;In marcia / fermata / arresto;Conducente;F;Illeso;0;;Non accertato;Inesploso
3859374;19;05/06/2018 17:05:00;Strada Urbana;VIA DELLA PINETA SACCHETTI;da specificare;;;;altezza Via S. Cleto Papa;Tamponamento Multiplo;Rettilineo;Una carreggiata a senso unico di marcia;Bagnato (pioggia);Asfaltata;Verticale ed orizzontale;Pioggia in atto;Normale;Buona;Ore Diurne;1;0;0;3;12,42441;41,92313;-1;2;Autovettura privata;In marcia / fermata / arresto;Conducente;M;Illeso;0;;Non accertato;Inesploso
3859374;19;05/06/2018 17:05:00;Strada Urbana;VIA DELLA PINETA SACCHETTI;da specificare;;;;altezza Via S. Cleto Papa;Tamponamento Multiplo;Rettilineo;Una carreggiata a senso unico di marcia;Bagnato (pioggia);Asfaltata;Verticale ed orizzontale;Pioggia in atto;Normale;Buona;Ore Diurne;1;0;0;3;12,42441;41,92313;-1;2;Autovettura privata;In marcia / fermata / arresto;Passeggero;M;Rimandato;0;NON DECEDUTO;Non accertato;Inesploso
3859374;19;05/06/2018 17:05:00;Strada Urbana;VIA DELLA PINETA SACCHETTI;da specificare;;;;altezza Via S. Cleto Papa;Tamponamento Multiplo;Rettilineo;Una carreggiata a senso unico di marcia;Bagnato (pioggia);Asfaltata;Verticale ed orizzontale;Pioggia in atto;Normale;Buona;Ore Diurne;1;0;0;3;12,42441;41,92313;-1;3;Motociclo a solo;In marcia / fermata / arresto;Conducente;F;Illeso;0;;Non accertato;
3859376;20;06/06/2018 07:40:00;Strada Urbana;LARGO DELLA GIUSTINIANA;da specificare;;;;int area parcheggio ATAC fronte stazione;Investimento di pedone;Rettilineo;Una carreggiata a senso unico di marcia;Asciutto;Asfaltata;Verticale ed orizzontale;Sereno;Scarso;Buona;Ore Diurne;1;0;0;1;12,40464;41,98571;-1;;;;Pedone;M;Rimandato;0;NON DECEDUTO;;
3859376;20;06/06/2018 07:40:00;Strada Urbana;LARGO DELLA GIUSTINIANA;da specificare;;;;int area parcheggio ATAC fronte stazione;Investimento di pedone;Rettilineo;Una carreggiata a senso unico di marcia;Asciutto;Asfaltata;Verticale ed orizzontale;Sereno;Scarso;Buona;Ore Diurne;1;0;0;1;12,40464;41,98571;-1;1;Autovettura privata;In marcia / fermata / arresto;Conducente;F;Illeso;0;;Non accertato;Inesploso
3859379;19;05/06/2018 16:00:00;Strada Urbana;VIA DELLA STORTA;da specificare;;;;prossimit� via Libero Bovio;Veicolo in marcia contro ostacolo fisso;Curva senza visuale libera;Una carreggiata a doppio senso;Bagnato (pioggia);Asfaltata;Verticale ed orizzontale;Pioggia in atto;Scarso;Buona;Ore Diurne;1;0;0;0;12,37455;41,99945;-1;1;Autovettura privata;In marcia / fermata / arresto;Conducente;M;Rimandato;0;NON DECEDUTO;Non accertato;Inesploso
3859382;4;05/06/2018 09:00:00;Strada Urbana;VIA MARIO BACCHELLI;all'intersezione con;VIA DARIO NICCODEMI;VIA DARIO NICCODEMI;;;Scontro laterale fra veicoli in marcia;Incrocio;Una carreggiata a doppio senso;Asciutto;Asfaltata;Verticale ed orizzontale;Sereno;Normale;Buona;Ore Diurne;0;0;0;4;12,54874;41955;-1;1;Autovettura privata;In marcia / fermata / arresto;Conducente;M;Illeso;0;;Non accertato;Inesploso
3859382;4;05/06/2018 09:00:00;Strada Urbana;VIA MARIO BACCHELLI;all'intersezione con;VIA DARIO NICCODEMI;VIA DARIO NICCODEMI;;;Scontro laterale fra veicoli in marcia;Incrocio;Una carreggiata a doppio senso;Asciutto;Asfaltata;Verticale ed orizzontale;Sereno;Normale;Buona;Ore Diurne;0;0;0;4;12,54874;41955;-1;1;Autovettura privata;In marcia / fermata / arresto;Passeggero;F;Illeso;0;;Non accertato;Inesploso
3859382;4;05/06/2018 09:00:00;Strada Urbana;VIA MARIO BACCHELLI;all'intersezione con;VIA DARIO NICCODEMI;VIA DARIO NICCODEMI;;;Scontro laterale fra veicoli in marcia;Incrocio;Una carreggiata a doppio senso;Asciutto;Asfaltata;Verticale ed orizzontale;Sereno;Normale;Buona;Ore Diurne;0;0;0;4;12,54874;41955;-1;1;Autovettura privata;In marcia / fermata / arresto;Passeggero;M;Illeso;0;;Non accertato;Inesploso
3859382;4;05/06/2018 09:00:00;Strada Urbana;VIA MARIO BACCHELLI;all'intersezione con;VIA DARIO NICCODEMI;VIA DARIO NICCODEMI;;;Scontro laterale fra veicoli in marcia;Incrocio;Una carreggiata a doppio senso;Asciutto;Asfaltata;Verticale ed orizzontale;Sereno;Normale;Buona;Ore Diurne;0;0;0;4;12,54874;41955;-1;2;Autovettura privata;In marcia / fermata / arresto;Conducente;M;Illeso;0;;Non accertato;
3859385;7;05/06/2018 14:45:00;Strada Urbana;VIA CASILINA;all'intersezione con;VIALE PALMIRO TOGLIATTI;VIALE PALMIRO TOGLIATTI;;;Veicolo in marcia contro ostacolo fisso;Incrocio;Una carreggiata a senso unico di marcia;Asciutto;Asfaltata;Verticale ed orizzontale;Sereno;Normale;Buona;Ore Diurne;1;0;0;0;12,57048;41,87423;-1;1;Autovettura privata;In marcia / fermata / arresto;Conducente;M;Rimandato;0;NON DECEDUTO;Non accertato;Inesploso
3859396;11;06/06/2018 08:10:00;Strada Urbana;VIA DEI GEORGOFILI;all'intersezione con;VIA ANDREA MANTEGNA;VIA ANDREA MANTEGNA;;;Scontro frontale/laterale SX fra veicoli in marcia;Intersezione stradale segnalata;Due carreggiate;Asciutto;Asfaltata;Verticale ed orizzontale;Sereno;Normale;Sufficiente;Ore Diurne;1;0;0;1;12,49392;41,85188;-1;1;Autovettura privata;In marcia / fermata / arresto;Conducente;M;Illeso;0;;Non accertato;Inesploso
3859396;11;06/06/2018 08:10:00;Strada Urbana;VIA DEI GEORGOFILI;all'intersezione con;VIA ANDREA MANTEGNA;VIA ANDREA MANTEGNA;;;Scontro frontale/laterale SX fra veicoli in marcia;Intersezione stradale segnalata;Due carreggiate;Asciutto;Asfaltata;Verticale ed orizzontale;Sereno;Normale;Sufficiente;Ore Diurne;1;0;0;1;12,49392;41,85188;-1;2;Ciclomotore;In marcia / fermata / arresto;Conducente;M;Rimandato;0;NON DECEDUTO;Non accertato;
3859401;4;05/06/2018 13:30:00;Statale entro l'abitato;VIA SALARIA;da specificare;;;;prossimit� Aeroporto Urbe direzione GRA ;Tamponamento Multiplo;Rettilineo;Due carreggiate;Asciutto;Asfaltata;Verticale ed orizzontale;Nuvoloso;Intenso;Buona;Ore Diurne;1;0;0;2;12,50615;41,97072;-1;1;Autocarro inferiore 35 q.;In marcia / fermata / arresto;Conducente;M;Illeso;0;;;
3859401;4;05/06/2018 13:30:00;Statale entro l'abitato;VIA SALARIA;da specificare;;;;prossimit� Aeroporto Urbe direzione GRA ;Tamponamento Multiplo;Rettilineo;Due carreggiate;Asciutto;Asfaltata;Verticale ed orizzontale;Nuvoloso;Intenso;Buona;Ore Diurne;1;0;0;2;12,50615;41,97072;-1;2;Autovettura privata;In marcia / fermata / arresto;Conducente;F;Rimandato;0;NON DECEDUTO;Non accertato;Inesploso
3859401;4;05/06/2018 13:30:00;Statale entro l'abitato;VIA SALARIA;da specificare;;;;prossimit� Aeroporto Urbe direzione GRA ;Tamponamento Multiplo;Rettilineo;Due carreggiate;Asciutto;Asfaltata;Verticale ed orizzontale;Nuvoloso;Intenso;Buona;Ore Diurne;1;0;0;2;12,50615;41,97072;-1;3;Autocarro inferiore 35 q.;In marcia / fermata / arresto;Conducente;M;Illeso;0;;;
3859411;1;04/06/2018 13:15:00;Strada Urbana;PIAZZA DEI CINQUECENTO;in prossimit�;;del civico n.;10;;Scontro laterale fra veicoli in marcia;Rettilineo;Una carreggiata a senso unico di marcia;Asciutto;Lastricata;Verticale ed orizzontale;Sereno;Normale;Buona;Ore Diurne;0;0;0;2;12,50141;41,90171;-1;1;Autovettura pubblica;In marcia / fermata / arresto;Conducente;M;Illeso;0;;Non accertato;Inesploso
3859411;1;04/06/2018 13:15:00;Strada Urbana;PIAZZA DEI CINQUECENTO;in prossimit�;;del civico n.;10;;Scontro laterale fra veicoli in marcia;Rettilineo;Una carreggiata a senso unico di marcia;Asciutto;Lastricata;Verticale ed orizzontale;Sereno;Normale;Buona;Ore Diurne;0;0;0;2;12,50141;41,90171;-1;2;Autovettura pubblica;In marcia / fermata / arresto;Conducente;M;Illeso;0;;Non accertato;Inesploso
3859422;2;05/06/2018 11:30:00;Strada Urbana;VIA DEI MONTI PARIOLI;in prossimit�;;del civico n.;60;;Veicolo in marcia contro ostacolo accidentale;Rettilineo;Una carreggiata a senso unico di marcia;Asciutto;Asfaltata;Verticale ed orizzontale;Sereno;Scarso;Buona;Ore Diurne;0;0;0;1;12,47934;41,92099;-1;1;Ciclomotore;In marcia / fermata / arresto;Conducente;M;Illeso;0;;;
3859431;2;05/06/2018 15:45:00;Strada Urbana;VIALE PIETRO CANONICA;da specificare;;;;altezza piazza di Siena;Veicolo in marcia contro veicolo in sosta;Pendenza;Una carreggiata a doppio senso;Bagnato (pioggia);Sterrata;Assente;Pioggia in atto;Scarso;Buona;Ore Diurne;2;0;0;0;12,48603;41,91397;-1;2;Velocipede;In marcia / fermata / arresto;Conducente;F;Rimandato;0;NON DECEDUTO;Esente;
3859431;2;05/06/2018 15:45:00;Strada Urbana;VIALE PIETRO CANONICA;da specificare;;;;altezza piazza di Siena;Veicolo in marcia contro veicolo in sosta;Pendenza;Una carreggiata a doppio senso;Bagnato (pioggia);Sterrata;Assente;Pioggia in atto;Scarso;Buona;Ore Diurne;2;0;0;0;12,48603;41,91397;-1;2;Velocipede;In marcia / fermata / arresto;Passeggero;F;Rimandato;0;NON DECEDUTO;Esente;
3859435;2;05/06/2018 10:10:00;Strada Urbana;VIA NEMORENSE;in corrispondenza;;del civico n.;90;;Investimento di pedone;Rettilineo;Una carreggiata a doppio senso;Asciutto;Asfaltata;Verticale ed orizzontale;Sereno;Normale;Buona;Ore Diurne;1;0;0;1;12,51153;41,92802;-1;;;;Pedone;F;Rimandato;0;NON DECEDUTO;;
3859435;2;05/06/2018 10:10:00;Strada Urbana;VIA NEMORENSE;in corrispondenza;;del civico n.;90;;Investimento di pedone;Rettilineo;Una carreggiata a doppio senso;Asciutto;Asfaltata;Verticale ed orizzontale;Sereno;Normale;Buona;Ore Diurne;1;0;0;1;12,51153;41,92802;-1;1;Autovettura privata;In marcia / fermata / arresto;Conducente;F;Illeso;0;;;
3859440;2;05/06/2018 10:30:00;Strada Urbana;VIA PIETRO MASCAGNI;in corrispondenza;;del civico n.;142;;Veicolo in marcia contro veicoli in sosta;Rettilineo;Una carreggiata a senso unico di marcia;Asciutto;Asfaltata;Verticale ed orizzontale;Sereno;Normale;Buona;Ore Diurne;0;0;0;1;12,51638;41,93847;-1;1;Autovettura privata;In marcia / fermata / arresto;Conducente;M;Illeso;0;;;
3859443;2;05/06/2018 21:45:00;Strada Urbana;VIA DEL FORO ITALICO;da specificare;;;;dir. S. Giovanni alt. sv. Via dei Campi Sportivi;Fuoriuscita dalla sede stradale;Rettilineo;Una carreggiata a senso unico di marcia;Asciutto;Asfaltata;Verticale ed orizzontale;Sereno;Normale;Sufficiente;Sufficiente;0;0;0;1;12,48961;41,93924;-1;1;Autovettura privata;In marcia / fermata / arresto;Conducente;F;Illeso;0;;;
3859445;2;06/06/2018 00:30:00;Strada Urbana;VIA RIANO;in prossimit�;;del civico n.;30;;Veicolo in marcia contro veicolo fermo;Rettilineo;Una carreggiata a senso unico di marcia;Asciutto;Asfaltata;Verticale ed orizzontale;Sereno;Scarso;Sufficiente;Sufficiente;0;0;0;3;12,46957;41,93787;-1;1;Autovettura privata;In marcia / fermata / arresto;Conducente;M;Illeso;0;;Non accertato;Inesploso
3859445;2;06/06/2018 00:30:00;Strada Urbana;VIA RIANO;in prossimit�;;del civico n.;30;;Veicolo in marcia contro veicolo fermo;Rettilineo;Una carreggiata a senso unico di marcia;Asciutto;Asfaltata;Verticale ed orizzontale;Sereno;Scarso;Sufficiente;Sufficiente;0;0;0;3;12,46957;41,93787;-1;1;Autovettura privata;In marcia / fermata / arresto;Passeggero;M;Illeso;0;;Non accertato;Inesploso
3859445;2;06/06/2018 00:30:00;Strada Urbana;VIA RIANO;in prossimit�;;del civico n.;30;;Veicolo in marcia contro veicolo fermo;Rettilineo;Una carreggiata a senso unico di marcia;Asciutto;Asfaltata;Verticale ed orizzontale;Sereno;Scarso;Sufficiente;Sufficiente;0;0;0;3;12,46957;41,93787;-1;2;Quadriciclo leggero;In marcia / fermata / arresto;Conducente;M;Illeso;0;;Non accertato;Inesploso
3859449;12;06/06/2018 08:45:00;Strada Urbana;VIA CRISTOFORO COLOMBO;da specificare;;;;direz. Roma centro fronte palo luce n. 531;Investimento di pedone;Rettilineo;Due carreggiate;Asciutto;Asfaltata;Verticale ed orizzontale;Sereno;Normale;Buona;Ore Diurne;2;0;0;1;12,46753;41,82358;-1;;;;Pedone;M;Rimandato;0;NON DECEDUTO;;
3859449;12;06/06/2018 08:45:00;Strada Urbana;VIA CRISTOFORO COLOMBO;da specificare;;;;direz. Roma centro fronte palo luce n. 531;Investimento di pedone;Rettilineo;Due carreggiate;Asciutto;Asfaltata;Verticale ed orizzontale;Sereno;Normale;Buona;Ore Diurne;2;0;0;1;12,46753;41,82358;-1;1;Motociclo a solo;In marcia / fermata / arresto;Conducente;M;Rimandato;0;NON DECEDUTO;Utilizzato;
3859449;12;06/06/2018 08:45:00;Strada Urbana;VIA CRISTOFORO COLOMBO;da specificare;;;;direz. Roma centro fronte palo luce n. 531;Investimento di pedone;Rettilineo;Due carreggiate;Asciutto;Asfaltata;Verticale ed orizzontale;Sereno;Normale;Buona;Ore Diurne;2;0;0;1;12,46753;41,82358;-1;2;Autovettura privata;In marcia / fermata / arresto;Conducente;M;Illeso;0;;Utilizzato;Inesploso
3859453;4;05/06/2018 18:30:00;Strada Urbana;PONTE TAZIO;all'intersezione con;CORSO SEMPIONE;CORSO SEMPIONE;;;Tamponamento;Incrocio;Una carreggiata a doppio senso;Asciutto;Asfaltata;Verticale ed orizzontale;Sereno;Intenso;Buona;Ore Diurne;0;0;0;3;12,53255;41,93357;-1;1;Autovettura privata;In marcia / fermata / arresto;Conducente;M;Illeso;0;;Non accertato;
3859453;4;05/06/2018 18:30:00;Strada Urbana;PONTE TAZIO;all'intersezione con;CORSO SEMPIONE;CORSO SEMPIONE;;;Tamponamento;Incrocio;Una carreggiata a doppio senso;Asciutto;Asfaltata;Verticale ed orizzontale;Sereno;Intenso;Buona;Ore Diurne;0;0;0;3;12,53255;41,93357;-1;2;Autovettura privata;In marcia / fermata / arresto;Conducente;M;Illeso;0;;Non accertato;
3859453;4;05/06/2018 18:30:00;Strada Urbana;PONTE TAZIO;all'intersezione con;CORSO SEMPIONE;CORSO SEMPIONE;;;Tamponamento;Incrocio;Una carreggiata a doppio senso;Asciutto;Asfaltata;Verticale ed orizzontale;Sereno;Intenso;Buona;Ore Diurne;0;0;0;3;12,53255;41,93357;-1;2;Autovettura privata;In marcia / fermata / arresto;Passeggero;F;Illeso;0;;Non accertato;
3859455;2;06/06/2018 05:55:00;Strada Urbana;VIA DEL FORO ITALICO;da specificare;;;;alt. rampa immissione C.so Francia;Tamponamento Multiplo;Rettilineo;Una carreggiata a senso unico di marcia;Asciutto;Asfaltata;Verticale ed orizzontale;Sereno;Normale;Buona;Ore Diurne;2;0;0;1;12,48277;41,94004;-1;1;Autovettura privata;In marcia / fermata / arresto;Conducente;M;Illeso;0;;;
3859455;2;06/06/2018 05:55:00;Strada Urbana;VIA DEL FORO ITALICO;da specificare;;;;alt. rampa immissione C.so Francia;Tamponamento Multiplo;Rettilineo;Una carreggiata a senso unico di marcia;Asciutto;Asfaltata;Verticale ed orizzontale;Sereno;Normale;Buona;Ore Diurne;2;0;0;1;12,48277;41,94004;-1;2;Autovettura privata;In marcia / fermata / arresto;Conducente;F;Rimandato;0;NON DECEDUTO;;
3859455;2;06/06/2018 05:55:00;Strada Urbana;VIA DEL FORO ITALICO;da specificare;;;;alt. rampa immissione C.so Francia;Tamponamento Multiplo;Rettilineo;Una carreggiata a senso unico di marcia;Asciutto;Asfaltata;Verticale ed orizzontale;Sereno;Normale;Buona;Ore Diurne;2;0;0;1;12,48277;41,94004;-1;3;Autovettura privata;In marcia / fermata / arresto;Conducente;F;Rimandato;0;NON DECEDUTO;;
3859461;19;05/06/2018 18:15:00;Strada Urbana;VIA MATTIA BATTISTINI;all'intersezione con;VIA DEL FORTE BRASCHI;VIA DEL FORTE BRASCHI;;;Scontro laterale fra veicoli in marcia;Incrocio;Una carreggiata a doppio senso;Asciutto;Asfaltata;Verticale;Sereno;Intenso;Sufficiente;Ore Diurne;0;0;0;3;12,41843;41,91391;-1;1;Autovettura privata;In marcia / fermata / arresto;Conducente;M;Illeso;0;;;
3859461;19;05/06/2018 18:15:00;Strada Urbana;VIA MATTIA BATTISTINI;all'intersezione con;VIA DEL FORTE BRASCHI;VIA DEL FORTE BRASCHI;;;Scontro laterale fra veicoli in marcia;Incrocio;Una carreggiata a doppio senso;Asciutto;Asfaltata;Verticale;Sereno;Intenso;Sufficiente;Ore Diurne;0;0;0;3;12,41843;41,91391;-1;2;Autovettura privata;In marcia / fermata / arresto;Conducente;F;Illeso;0;;Non accertato;Inesploso
3859461;19;05/06/2018 18:15:00;Strada Urbana;VIA MATTIA BATTISTINI;all'intersezione con;VIA DEL FORTE BRASCHI;VIA DEL FORTE BRASCHI;;;Scontro laterale fra veicoli in marcia;Incrocio;Una carreggiata a doppio senso;Asciutto;Asfaltata;Verticale;Sereno;Intenso;Sufficiente;Ore Diurne;0;0;0;3;12,41843;41,91391;-1;2;Autovettura privata;In marcia / fermata / arresto;Passeggero;M;Illeso;0;;Non accertato;Inesploso
3859472;19;05/06/2018 19:15:00;Strada Urbana;VIA TRIONFALE;da specificare;;;;fronte civ. 8610;Scontro frontale/laterale SX fra veicoli in marcia;Rettilineo;Una carreggiata a senso unico di marcia;Asciutto;Asfaltata;Verticale ed orizzontale;Sereno;Intenso;Buona;Ore Diurne;0;0;0;2;12,41855;41,94431;-1;1;Autovettura privata;In marcia / fermata / arresto;Conducente;M;Illeso;0;;Non accertato;Inesploso
3859472;19;05/06/2018 19:15:00;Strada Urbana;VIA TRIONFALE;da specificare;;;;fronte civ. 8610;Scontro frontale/laterale SX fra veicoli in marcia;Rettilineo;Una carreggiata a senso unico di marcia;Asciutto;Asfaltata;Verticale ed orizzontale;Sereno;Intenso;Buona;Ore Diurne;0;0;0;2;12,41855;41,94431;-1;2;Autovettura privata;In marcia / fermata / arresto;Conducente;M;Illeso;0;;Non accertato;Inesploso
3859485;20;05/06/2018 09:30:00;Strada Urbana;VIA DEL FORO ITALICO;da specificare;;;;altezza svincolo Tor di Quinto;Scontro laterale fra veicoli in marcia;Rettilineo;Due carreggiate;Asciutto;Asfaltata;Orizzontale;Sereno;Normale;Buona;Ore Diurne;1;0;0;3;12,48126;41,94023;-1;1;Autovettura privata;In marcia / fermata / arresto;Conducente;M;Illeso;0;;Non accertato;
3859485;20;05/06/2018 09:30:00;Strada Urbana;VIA DEL FORO ITALICO;da specificare;;;;altezza svincolo Tor di Quinto;Scontro laterale fra veicoli in marcia;Rettilineo;Due carreggiate;Asciutto;Asfaltata;Orizzontale;Sereno;Normale;Buona;Ore Diurne;1;0;0;3;12,48126;41,94023;-1;1;Autovettura privata;In marcia / fermata / arresto;Passeggero;M;Illeso;0;;Non accertato;
3859485;20;05/06/2018 09:30:00;Strada Urbana;VIA DEL FORO ITALICO;da specificare;;;;altezza svincolo Tor di Quinto;Scontro laterale fra veicoli in marcia;Rettilineo;Due carreggiate;Asciutto;Asfaltata;Orizzontale;Sereno;Normale;Buona;Ore Diurne;1;0;0;3;12,48126;41,94023;-1;2;Motociclo con passeggero;In marcia / fermata / arresto;Conducente;M;Illeso;0;;Non accertato;
3859485;20;05/06/2018 09:30:00;Strada Urbana;VIA DEL FORO ITALICO;da specificare;;;;altezza svincolo Tor di Quinto;Scontro laterale fra veicoli in marcia;Rettilineo;Due carreggiate;Asciutto;Asfaltata;Orizzontale;Sereno;Normale;Buona;Ore Diurne;1;0;0;3;12,48126;41,94023;-1;2;Motociclo con passeggero;In marcia / fermata / arresto;Passeggero;F;Rimandato;0;NON DECEDUTO;Non accertato;
3859520;1;04/06/2018 13:30:00;Strada Urbana;VIA VITTORIO EMANUELE ORLANDO;in prossimit�;;del civico n.;83/84;;Tamponamento;Rettilineo;Una carreggiata a senso unico di marcia;Asciutto;Asfaltata;Orizzontale;Sereno;Normale;Buona;Ore Diurne;0;0;0;2;12,49488;41,90371;-1;1;Motociclo a solo;In marcia / fermata / arresto;Conducente;M;Illeso;0;;Non accertato;
3859520;1;04/06/2018 13:30:00;Strada Urbana;VIA VITTORIO EMANUELE ORLANDO;in prossimit�;;del civico n.;83/84;;Tamponamento;Rettilineo;Una carreggiata a senso unico di marcia;Asciutto;Asfaltata;Orizzontale;Sereno;Normale;Buona;Ore Diurne;0;0;0;2;12,49488;41,90371;-1;2;Autovettura di polizia;In marcia / fermata / arresto;Conducente;M;Illeso;0;;Non accertato;
3859523;10;06/06/2018 09:10:00;Strada Urbana;VIA WALTER PROCACCINI;all'intersezione con;VIA DI TORRE SPACCATA;VIA DI TORRE SPACCATA;;;Scontro laterale fra veicoli in marcia;Rotatoria;Una carreggiata a senso unico di marcia;Asciutto;Asfaltata;Orizzontale;Sereno;Normale;Buona;Ore Diurne;0;0;0;2;12,58263;41,85176;-1;1;Autovettura privata;In marcia / fermata / arresto;Conducente;F;Illeso;0;;Non accertato;Inesploso
3859523;10;06/06/2018 09:10:00;Strada Urbana;VIA WALTER PROCACCINI;all'intersezione con;VIA DI TORRE SPACCATA;VIA DI TORRE SPACCATA;;;Scontro laterale fra veicoli in marcia;Rotatoria;Una carreggiata a senso unico di marcia;Asciutto;Asfaltata;Orizzontale;Sereno;Normale;Buona;Ore Diurne;0;0;0;2;12,58263;41,85176;-1;2;Autovettura privata;In marcia / fermata / arresto;Conducente;M;Illeso;0;;Non accertato;Inesploso
3859550;16;05/06/2018 14:45:00;Strada Urbana;VIA DELLA MASSIMILLA;in corrispondenza;;del civico n.;53;;Veicolo in marcia contro veicoli in sosta;Rettilineo;Una carreggiata a doppio senso;Asciutto;Asfaltata;Verticale ed orizzontale;Sereno;Normale;Buona;Ore Diurne;1;0;0;0;12,34991;41,87925;-1;1;Autovettura privata;In marcia / fermata / arresto;Conducente;M;Rifiuta cure immediate;0;NON DECEDUTO;Non accertato;Inesploso
3859565;7;05/06/2018 12:00:00;Strada Urbana;VIALE DELLE ORCHIDEE;in prossimit�;;del civico n.;40;;Veicolo in marcia contro veicolo fermo;Rettilineo;Due carreggiate;Asciutto;Asfaltata;Orizzontale;Sereno;Scarso;Buona;Ore Diurne;0;0;0;2;12,56924;41,88954;-1;1;Motociclo a solo;In marcia / fermata / arresto;Conducente;M;Illeso;0;;;
3859565;7;05/06/2018 12:00:00;Strada Urbana;VIALE DELLE ORCHIDEE;in prossimit�;;del civico n.;40;;Veicolo in marcia contro veicolo fermo;Rettilineo;Due carreggiate;Asciutto;Asfaltata;Orizzontale;Sereno;Scarso;Buona;Ore Diurne;0;0;0;2;12,56924;41,88954;-1;2;Autovettura privata;In marcia / fermata / arresto;Conducente;M;Illeso;0;;;
3859597;1;05/06/2018 09:20:00;Strada Urbana;PIAZZA DELLA ROVERE;all'intersezione con;LUNGOTEVERE GIANICOLENSE;LUNGOTEVERE GIANICOLENSE;;;Scontro laterale fra veicoli in marcia;Intersezione non regolata/non segnalata;Una carreggiata a senso unico di marcia;Asciutto;Asfaltata;Verticale;Sereno;Normale;Buona;Ore Diurne;0;0;0;3;12,46249;41,89939;-1;1;Autovettura privata;In marcia / fermata / arresto;Conducente;F;Illeso;0;;Non accertato;
3859597;1;05/06/2018 09:20:00;Strada Urbana;PIAZZA DELLA ROVERE;all'intersezione con;LUNGOTEVERE GIANICOLENSE;LUNGOTEVERE GIANICOLENSE;;;Scontro laterale fra veicoli in marcia;Intersezione non regolata/non segnalata;Una carreggiata a senso unico di marcia;Asciutto;Asfaltata;Verticale;Sereno;Normale;Buona;Ore Diurne;0;0;0;3;12,46249;41,89939;-1;1;Autovettura privata;In marcia / fermata / arresto;Passeggero;M;Illeso;0;;Non accertato;
3859597;1;05/06/2018 09:20:00;Strada Urbana;PIAZZA DELLA ROVERE;all'intersezione con;LUNGOTEVERE GIANICOLENSE;LUNGOTEVERE GIANICOLENSE;;;Scontro laterale fra veicoli in marcia;Intersezione non regolata/non segnalata;Una carreggiata a senso unico di marcia;Asciutto;Asfaltata;Verticale;Sereno;Normale;Buona;Ore Diurne;0;0;0;3;12,46249;41,89939;-1;2;Autocarro superiore 35 q.;In marcia / fermata / arresto;Conducente;M;Illeso;0;;Non accertato;
3859598;20;06/06/2018 10:00:00;Regionale entro l'abitato;VIA CASSIA;in corrispondenza;;del civico n.;2040;;Scontro frontale/laterale SX fra veicoli in marcia;Curva a visuale libera;Una carreggiata a doppio senso;Asciutto;Asfaltata;Verticale ed orizzontale;Sereno;Normale;Buona;Ore Diurne;0;0;0;2;12,37798;42,03537;-1;1;Autovettura privata;In marcia / fermata / arresto;Conducente;M;Illeso;0;;Non accertato;Inesploso
3859598;20;06/06/2018 10:00:00;Regionale entro l'abitato;VIA CASSIA;in corrispondenza;;del civico n.;2040;;Scontro frontale/laterale SX fra veicoli in marcia;Curva a visuale libera;Una carreggiata a doppio senso;Asciutto;Asfaltata;Verticale ed orizzontale;Sereno;Normale;Buona;Ore Diurne;0;0;0;2;12,37798;42,03537;-1;2;Autovettura privata;In marcia / fermata / arresto;Conducente;M;Illeso;0;;Non accertato;Inesploso
3859600;1;01/06/2018 16:25:00;Strada Urbana;PIAZZA DELL'ESQUILINO;all'intersezione con;VIA CAVOUR;VIA CAVOUR;;;Scontro laterale fra veicoli in marcia;Intersezione stradale segnalata;Una carreggiata a senso unico di marcia;Asciutto;Asfaltata;Assente;Sereno;Intenso;Buona;Ore Diurne;1;0;0;1;12,49779;41,89851;-1;1;Motociclo a solo;In marcia / fermata / arresto;Conducente;M;Rimandato;0;NON DECEDUTO;;