Protocollo;Gruppo;DataOraIncidente;Localizzazione1;STRADA1;Localizzazione2;STRADA2;Strada02;Chilometrica;DaSpecificare;NaturaIncidente;particolaritastrade;TipoStrada;FondoStradale;Pavimentazione;Segnaletica;CondizioneAtmosferica;Traffico;Visibilita;Illuminazione;NUM_FERITI;NUM_RISERVATA;NUM_MORTI;NUM_ILLESI;Longitudine;Latitudine;Confermato;Progressivo;TipoVeicolo;StatoVeicolo;TipoPersona;Sesso;Tipolesione;Deceduto;DecedutoDopo;CinturaCascoUtilizzato;Airbag
3859600;1;01/06/2018 16:25:00;Strada Urbana;PIAZZA DELL'ESQUILINO;all'intersezione con;VIA CAVOUR;VIA CAVOUR;;;Scontro laterale fra veicoli in marcia;Intersezione stradale segnalata;Una carreggiata a senso unico di marcia;Asciutto;Asfaltata;Assente;Sereno;Intenso;Buona;Ore Diurne;1;0;0;1;12,49779;41,89851;-1;2;Autovettura privata;In marcia / fermata / arresto;Conducente;M;Illeso;0;;;
3859699;1;06/06/2018 00:10:00;Strada Urbana;VIA CICERONE;all'intersezione con;VIA GIUSEPPE GIOACHINO BELLI;VIA GIUSEPPE GIOACHINO BELLI;;;Scontro frontale/laterale SX fra veicoli in marcia;Incrocio;Una carreggiata a doppio senso;Asciutto;Asfaltata;Verticale ed orizzontale;Sereno;Normale;Buona;Sufficiente;1;0;0;2;12,46859;41,90724;-1;1;Autovettura pubblica;In marcia / fermata / arresto;Conducente;M;Rifiuta cure immediate;0;NON DECEDUTO;Non accertato;
3859699;1;06/06/2018 00:10:00;Strada Urbana;VIA CICERONE;all'intersezione con;VIA GIUSEPPE GIOACHINO BELLI;VIA GIUSEPPE GIOACHINO BELLI;;;Scontro frontale/laterale SX fra veicoli in marcia;Incrocio;Una carreggiata a doppio senso;Asciutto;Asfaltata;Verticale ed orizzontale;Sereno;Normale;Buona;Sufficiente;1;0;0;2;12,46859;41,90724;-1;2;Autovettura privata;In marcia / fermata / arresto;Conducente;M;Illeso;0;;Non accertato;
3859699;1;06/06/2018 00:10:00;Strada Urbana;VIA CICERONE;all'intersezione con;VIA GIUSEPPE GIOACHINO BELLI;VIA GIUSEPPE GIOACHINO BELLI;;;Scontro frontale/laterale SX fra veicoli in marcia;Incrocio;Una carreggiata a doppio senso;Asciutto;Asfaltata;Verticale ed orizzontale;Sereno;Normale;Buona;Sufficiente;1;0;0;2;12,46859;41,90724;-1;2;Autovettura privata;In marcia / fermata / arresto;Passeggero;M;Illeso;0;;Non accertato;
3859705;11;06/06/2018 09:10:00;Strada Urbana;VIA DELL'AUTOMOBILISMO;da specificare;;;;prossimit� civ.101-109-117;Scontro laterale fra veicoli in marcia;Rettilineo;Una carreggiata a doppio senso;Asciutto;Asfaltata;Verticale ed orizzontale;Sereno;Normale;Buona;Ore Diurne;0;0;0;2;12,50603;41,83334;-1;1;Autovettura privata;In marcia / fermata / arresto;Conducente;F;Illeso;0;;Non accertato;Inesploso
3859705;11;06/06/2018 09:10:00;Strada Urbana;VIA DELL'AUTOMOBILISMO;da specificare;;;;prossimit� civ.101-109-117;Scontro laterale fra veicoli in marcia;Rettilineo;Una carreggiata a doppio senso;Asciutto;Asfaltata;Verticale ed orizzontale;Sereno;Normale;Buona;Ore Diurne;0;0;0;2;12,50603;41,83334;-1;2;Autovettura privata;In marcia / fermata / arresto;Conducente;M;Illeso;0;;Non accertato;Inesploso
3859707;5;06/06/2018 10:00:00;Strada Urbana;VIA GALLA PLACIDIA;da specificare;;;;in uscita dalla A/24;Scontro laterale fra veicoli in marcia;Curva a visuale libera;Una carreggiata a senso unico alternato;Asciutto;Asfaltata;Verticale ed orizzontale;Sereno;Normale;Buona;Ore Diurne;0;0;0;2;12,5411;41,90063;-1;1;Autocarro inferiore 35 q.;In marcia / fermata / arresto;Conducente;M;Illeso;0;;Non accertato;Inesploso
3859707;5;06/06/2018 10:00:00;Strada Urbana;VIA GALLA PLACIDIA;da specificare;;;;in uscita dalla A/24;Scontro laterale fra veicoli in marcia;Curva a visuale libera;Una carreggiata a senso unico alternato;Asciutto;Asfaltata;Verticale ed orizzontale;Sereno;Normale;Buona;Ore Diurne;0;0;0;2;12,5411;41,90063;-1;2;Autovettura privata;In marcia / fermata / arresto;Conducente;M;Illeso;0;;Non accertato;Inesploso
3859709;9;05/06/2018 16:35:00;Strada Urbana;PIAZZA ZAMA;in corrispondenza;;del civico n.;16;;Veicolo in marcia contro ostacolo accidentale;Rotatoria;Una carreggiata a senso unico di marcia;Asciutto;Asfaltata;Verticale ed orizzontale;Sereno;Normale;Buona;Ore Diurne;0;0;0;1;12,50983;41,87578;-1;1;Autovettura privata;In marcia / fermata / arresto;Conducente;M;Illeso;0;;;
3859725;16;05/06/2018 13:50:00;;VIA DANTE DE BLASI;in corrispondenza;;del civico n.;152;;Veicolo in marcia contro veicolo arresto;;;;;;;;;;0;0;0;2;;;0;1;Autovettura privata;In marcia / fermata / arresto;Conducente;M;Illeso;0;;;
3859725;16;05/06/2018 13:50:00;;VIA DANTE DE BLASI;in corrispondenza;;del civico n.;152;;Veicolo in marcia contro veicolo arresto;;;;;;;;;;0;0;0;2;;;0;2;Autovettura privata;In marcia / fermata / arresto;Conducente;M;Illeso;0;;;
3859733;12;06/06/2018 09:50:00;Strada Urbana;VIA PRAGA;in prossimit�;;del palo luce n.;3;;Scontro laterale fra veicoli in marcia;Curva a visuale libera;Una carreggiata a doppio senso;Asciutto;Asfaltata;Temporanea di cantiere;Sereno;Normale;Buona;Ore Diurne;0;0;0;2;12,4491;41,82393;-1;1;Autocarro inferiore 35 q.;In marcia / fermata / arresto;Conducente;M;Illeso;0;;Utilizzato;Inesploso
3859733;12;06/06/2018 09:50:00;Strada Urbana;VIA PRAGA;in prossimit�;;del palo luce n.;3;;Scontro laterale fra veicoli in marcia;Curva a visuale libera;Una carreggiata a doppio senso;Asciutto;Asfaltata;Temporanea di cantiere;Sereno;Normale;Buona;Ore Diurne;0;0;0;2;12,4491;41,82393;-1;2;Autovettura privata;In marcia / fermata / arresto;Conducente;M;Illeso;0;;Utilizzato;Inesploso
3859735;18;05/06/2018 19:55:00;Strada Urbana;VIA MATTIA BATTISTINI;all'intersezione semaforizzata con;VIA DEL FORTE BRASCHI;VIA DEL FORTE BRASCHI;;;Veicolo in marcia contro ostacolo accidentale;Intersezione semaforizzata;Una carreggiata a doppio senso;Asciutto;Asfaltata;Verticale ed orizzontale;Sereno;Scarso;Sufficiente;Sufficiente;1;0;0;0;12,41843;41,91391;-1;1;Motociclo a solo;In marcia / fermata / arresto;Conducente;M;Rimandato;0;NON DECEDUTO;;
3859753;12;05/06/2018 17:00:00;Provinciale;VIA ARDEATINA;da specificare;;;;KM12 dir. ROMA CENTRO (Altezza Santuario Divino Am;Tamponamento;Rettilineo;Una carreggiata a doppio senso;Asciutto;Asfaltata;Verticale;Sereno;Intenso;Buona;Ore Diurne;0;0;0;4;12,54202;41,77728;-1;1;Autovettura privata;In marcia / fermata / arresto;Conducente;M;Illeso;0;;Non accertato;
3859753;12;05/06/2018 17:00:00;Provinciale;VIA ARDEATINA;da specificare;;;;KM12 dir. ROMA CENTRO (Altezza Santuario Divino Am;Tamponamento;Rettilineo;Una carreggiata a doppio senso;Asciutto;Asfaltata;Verticale;Sereno;Intenso;Buona;Ore Diurne;0;0;0;4;12,54202;41,77728;-1;2;Autovettura privata;In marcia / fermata / arresto;Conducente;M;Illeso;0;;;
3859753;12;05/06/2018 17:00:00;Provinciale;VIA ARDEATINA;da specificare;;;;KM12 dir. ROMA CENTRO (Altezza Santuario Divino Am;Tamponamento;Rettilineo;Una carreggiata a doppio senso;Asciutto;Asfaltata;Verticale;Sereno;Intenso;Buona;Ore Diurne;0;0;0;4;12,54202;41,77728;-1;2;Autovettura privata;In marcia / fermata / arresto;Passeggero;M;Illeso;0;;Non accertato;
3859753;12;05/06/2018 17:00:00;Provinciale;VIA ARDEATINA;da specificare;;;;KM12 dir. ROMA CENTRO (Altezza Santuario Divino Am;Tamponamento;Rettilineo;Una carreggiata a doppio senso;Asciutto;Asfaltata;Verticale;Sereno;Intenso;Buona;Ore Diurne;0;0;0;4;12,54202;41,77728;-1;2;Autovettura privata;In marcia / fermata / arresto;Passeggero;M;Illeso;0;;Non accertato;
3859773;3;05/06/2018 14:10:00;Strada Urbana;VIA CESARE DE LOLLIS;all'intersezione con;VIA DEI MARRUCINI;VIA DEI MARRUCINI;;;Scontro laterale fra veicoli in marcia;Incrocio;Una carreggiata a senso unico di marcia;Asciutto;Asfaltata;Verticale ed orizzontale;Sereno;Normale;Buona;Ore Diurne;0;0;0;2;12,51616;41,90111;-1;2;Autovettura privata;In marcia / fermata / arresto;Conducente;M;Illeso;0;;Non accertato;Inesploso
3859773;3;05/06/2018 14:10:00;Strada Urbana;VIA CESARE DE LOLLIS;all'intersezione con;VIA DEI MARRUCINI;VIA DEI MARRUCINI;;;Scontro laterale fra veicoli in marcia;Incrocio;Una carreggiata a senso unico di marcia;Asciutto;Asfaltata;Verticale ed orizzontale;Sereno;Normale;Buona;Ore Diurne;0;0;0;2;12,51616;41,90111;-1;3;Autovettura privata;In marcia / fermata / arresto;Conducente;F;Illeso;0;;Non accertato;Inesploso
3859803;12;06/06/2018 01:30:00;Provinciale;VIA PONTINA;da specificare;;;;altezza Km 16 Dir. Pomezia;Veicolo in marcia contro ostacolo accidentale;Rettilineo;Due carreggiate;Asciutto;Asfaltata;Verticale ed orizzontale;Sereno;Scarso;Buona;Sufficiente;0;0;0;1;12,45214;41,79383;-1;1;Autovettura privata;In marcia / fermata / arresto;Conducente;M;Illeso;0;;Utilizzato;
3859806;3;05/06/2018 16:00:00;Strada Urbana;VIALE REGINA ELENA;da specificare;;;;fronte civ 289;Tamponamento;Rettilineo;Pi� di due carreggiate;Asciutto;Asfaltata;Assente;Sereno;Intenso;Buona;Ore Diurne;0;0;0;4;12,51562;41,90563;-1;1;Autovettura privata;In marcia / fermata / arresto;Conducente;F;Illeso;0;;Non accertato;
3859806;3;05/06/2018 16:00:00;Strada Urbana;VIALE REGINA ELENA;da specificare;;;;fronte civ 289;Tamponamento;Rettilineo;Pi� di due carreggiate;Asciutto;Asfaltata;Assente;Sereno;Intenso;Buona;Ore Diurne;0;0;0;4;12,51562;41,90563;-1;1;Autovettura privata;In marcia / fermata / arresto;Passeggero;M;Illeso;0;;Non accertato;
3859806;3;05/06/2018 16:00:00;Strada Urbana;VIALE REGINA ELENA;da specificare;;;;fronte civ 289;Tamponamento;Rettilineo;Pi� di due carreggiate;Asciutto;Asfaltata;Assente;Sereno;Intenso;Buona;Ore Diurne;0;0;0;4;12,51562;41,90563;-1;2;Autovettura privata;In marcia / fermata / arresto;Conducente;M;Illeso;0;;Non accertato;
3859806;3;05/06/2018 16:00:00;Strada Urbana;VIALE REGINA ELENA;da specificare;;;;fronte civ 289;Tamponamento;Rettilineo;Pi� di due carreggiate;Asciutto;Asfaltata;Assente;Sereno;Intenso;Buona;Ore Diurne;0;0;0;4;12,51562;41,90563;-1;2;Autovettura privata;In marcia / fermata / arresto;Passeggero;F;Illeso;0;;Non accertato;
3859813;18;06/06/2018 04:30:00;Strada Urbana;VIA DI PORTA FABBRICA;all'intersezione con;VIA BONIFACIO VIII;VIA BONIFACIO VIII;;;Scontro frontale/laterale DX fra veicoli in marcia;Incrocio;Una carreggiata a doppio senso;Asciutto;Asfaltata;Assente;Sereno;Scarso;Buona;Sufficiente;1;0;0;1;12,45339;41,89922;-1;1;Autovettura pubblica;In marcia / fermata / arresto;Conducente;M;Illeso;0;;;
3859813;18;06/06/2018 04:30:00;Strada Urbana;VIA DI PORTA FABBRICA;all'intersezione con;VIA BONIFACIO VIII;VIA BONIFACIO VIII;;;Scontro frontale/laterale DX fra veicoli in marcia;Incrocio;Una carreggiata a doppio senso;Asciutto;Asfaltata;Assente;Sereno;Scarso;Buona;Sufficiente;1;0;0;1;12,45339;41,89922;-1;2;Motociclo a solo;In marcia / fermata / arresto;Conducente;M;Rimandato;0;NON DECEDUTO;;
3859822;6;06/06/2018 10:55:00;Strada Urbana;PIAZZA DELLA MARRANELLA;in corrispondenza;;del civico n.;fr. 11;;Scontro laterale fra veicoli in marcia;Rettilineo;Una carreggiata a doppio senso;Asciutto;Asfaltata;Verticale ed orizzontale;Sereno;Normale;Buona;Ore Diurne;0;0;0;3;12,54236;41,88048;-1;1;Autovettura privata;In marcia / fermata / arresto;Conducente;M;Illeso;0;;;
3859822;6;06/06/2018 10:55:00;Strada Urbana;PIAZZA DELLA MARRANELLA;in corrispondenza;;del civico n.;fr. 11;;Scontro laterale fra veicoli in marcia;Rettilineo;Una carreggiata a doppio senso;Asciutto;Asfaltata;Verticale ed orizzontale;Sereno;Normale;Buona;Ore Diurne;0;0;0;3;12,54236;41,88048;-1;2;Autovettura privata;In marcia / fermata / arresto;Conducente;M;Illeso;0;;;
3859822;6;06/06/2018 10:55:00;Strada Urbana;PIAZZA DELLA MARRANELLA;in corrispondenza;;del civico n.;fr. 11;;Scontro laterale fra veicoli in marcia;Rettilineo;Una carreggiata a doppio senso;Asciutto;Asfaltata;Verticale ed orizzontale;Sereno;Normale;Buona;Ore Diurne;0;0;0;3;12,54236;41,88048;-1;2;Autovettura privata;In marcia / fermata / arresto;Passeggero;F;Illeso;0;;Non accertato;Inesploso
3859824;3;05/06/2018 21:10:00;Strada Urbana;VIA CHIANA;in prossimit�;;del civico n.;40;;Tamponamento;Rettilineo;Una carreggiata a senso unico di marcia;Asciutto;Asfaltata;Verticale ed orizzontale;Sereno;Scarso;Buona;Sufficiente;0;0;0;3;12,50338;41,92234;-1;1;Autovettura privata;In marcia / fermata / arresto;Conducente;F;Illeso;0;;Non accertato;Inesploso
3859824;3;05/06/2018 21:10:00;Strada Urbana;VIA CHIANA;in prossimit�;;del civico n.;40;;Tamponamento;Rettilineo;Una carreggiata a senso unico di marcia;Asciutto;Asfaltata;Verticale ed orizzontale;Sereno;Scarso;Buona;Sufficiente;0;0;0;3;12,50338;41,92234;-1;1;Autovettura privata;In marcia / fermata / arresto;Passeggero;F;Illeso;0;;Non accertato;Inesploso
3859824;3;05/06/2018 21:10:00;Strada Urbana;VIA CHIANA;in prossimit�;;del civico n.;40;;Tamponamento;Rettilineo;Una carreggiata a senso unico di marcia;Asciutto;Asfaltata;Verticale ed orizzontale;Sereno;Scarso;Buona;Sufficiente;0;0;0;3;12,50338;41,92234;-1;2;Autovettura privata;In marcia / fermata / arresto;Conducente;M;Illeso;0;;Non accertato;Inesploso
3859889;11;06/06/2018 11:40:00;Strada Urbana;VIA ERODE ATTICO;all'intersezione con;VIA LUCIO VOLUMNIO;VIA LUCIO VOLUMNIO;;;Scontro frontale/laterale SX fra veicoli in marcia;Incrocio;Una carreggiata a doppio senso;Asciutto;Asfaltata;Verticale ed orizzontale;Sereno;Normale;Buona;Ore Diurne;1;0;0;2;12,54182;41,83815;-1;1;Autovettura privata;In marcia / fermata / arresto;Conducente;M;Illeso;0;;Non accertato;Inesploso
3859889;11;06/06/2018 11:40:00;Strada Urbana;VIA ERODE ATTICO;all'intersezione con;VIA LUCIO VOLUMNIO;VIA LUCIO VOLUMNIO;;;Scontro frontale/laterale SX fra veicoli in marcia;Incrocio;Una carreggiata a doppio senso;Asciutto;Asfaltata;Verticale ed orizzontale;Sereno;Normale;Buona;Ore Diurne;1;0;0;2;12,54182;41,83815;-1;1;Autovettura privata;In marcia / fermata / arresto;Passeggero;M;Illeso;0;;Non accertato;Inesploso
3859889;11;06/06/2018 11:40:00;Strada Urbana;VIA ERODE ATTICO;all'intersezione con;VIA LUCIO VOLUMNIO;VIA LUCIO VOLUMNIO;;;Scontro frontale/laterale SX fra veicoli in marcia;Incrocio;Una carreggiata a doppio senso;Asciutto;Asfaltata;Verticale ed orizzontale;Sereno;Normale;Buona;Ore Diurne;1;0;0;2;12,54182;41,83815;-1;2;Motociclo a solo;In marcia / fermata / arresto;Conducente;M;Rimandato;0;NON DECEDUTO;;
3859931;12;06/06/2018 12:40:00;Strada Urbana;VIALE GUGLIELMO MARCONI;da specificare;;;;sottovia Cristoforo Colombo direz. via Laurentina;Scontro laterale fra veicoli in marcia;Curva senza visuale libera;Due carreggiate;Asciutto;Asfaltata;Verticale ed orizzontale;Sereno;Normale;Buona;Ore Diurne;0;0;0;3;12,47756;41,84541;-1;1;Autocarro inferiore 35 q.;In marcia / fermata / arresto;Conducente;M;Illeso;0;;Non accertato;Inesploso
3859931;12;06/06/2018 12:40:00;Strada Urbana;VIALE GUGLIELMO MARCONI;da specificare;;;;sottovia Cristoforo Colombo direz. via Laurentina;Scontro laterale fra veicoli in marcia;Curva senza visuale libera;Due carreggiate;Asciutto;Asfaltata;Verticale ed orizzontale;Sereno;Normale;Buona;Ore Diurne;0;0;0;3;12,47756;41,84541;-1;2;Autovettura privata;In marcia / fermata / arresto;Conducente;M;Illeso;0;;Utilizzato;Inesploso
3859931;12;06/06/2018 12:40:00;Strada Urbana;VIALE GUGLIELMO MARCONI;da specificare;;;;sottovia Cristoforo Colombo direz. via Laurentina;Scontro laterale fra veicoli in marcia;Curva senza visuale libera;Due carreggiate;Asciutto;Asfaltata;Verticale ed orizzontale;Sereno;Normale;Buona;Ore Diurne;0;0;0;3;12,47756;41,84541;-1;2;Autovettura privata;In marcia / fermata / arresto;Passeggero;F;Illeso;0;;Non accertato;Inesploso
3859938;10;06/06/2018 12:15:00;Strada Urbana;VIA TUSCOLANA;all'intersezione semaforizzata con;VIALE TITO LABIENO;VIALE TITO LABIENO;;;Tamponamento Multiplo;Intersezione semaforizzata;Una carreggiata a doppio senso;Asciutto;Asfaltata;Verticale ed orizzontale;Sereno;Normale;Buona;Ore Diurne;1;0;0;4;12,56788;41,85368;-1;1;Autovettura privata;In marcia / fermata / arresto;Conducente;M;Illeso;0;;Non accertato;Inesploso
3859938;10;06/06/2018 12:15:00;Strada Urbana;VIA TUSCOLANA;all'intersezione semaforizzata con;VIALE TITO LABIENO;VIALE TITO LABIENO;;;Tamponamento Multiplo;Intersezione semaforizzata;Una carreggiata a doppio senso;Asciutto;Asfaltata;Verticale ed orizzontale;Sereno;Normale;Buona;Ore Diurne;1;0;0;4;12,56788;41,85368;-1;1;Autovettura privata;In marcia / fermata / arresto;Passeggero;F;Illeso;0;;Non accertato;Inesploso
3859938;10;06/06/2018 12:15:00;Strada Urbana;VIA TUSCOLANA;all'intersezione semaforizzata con;VIALE TITO LABIENO;VIALE TITO LABIENO;;;Tamponamento Multiplo;Intersezione semaforizzata;Una carreggiata a doppio senso;Asciutto;Asfaltata;Verticale ed orizzontale;Sereno;Normale;Buona;Ore Diurne;1;0;0;4;12,56788;41,85368;-1;2;Autovettura privata;In marcia / fermata / arresto;Conducente;M;Rimandato;0;NON DECEDUTO;Non accertato;Inesploso
3859938;10;06/06/2018 12:15:00;Strada Urbana;VIA TUSCOLANA;all'intersezione semaforizzata con;VIALE TITO LABIENO;VIALE TITO LABIENO;;;Tamponamento Multiplo;Intersezione semaforizzata;Una carreggiata a doppio senso;Asciutto;Asfaltata;Verticale ed orizzontale;Sereno;Normale;Buona;Ore Diurne;1;0;0;4;12,56788;41,85368;-1;2;Autovettura privata;In marcia / fermata / arresto;Passeggero;M;Illeso;0;;Non accertato;Inesploso
3859938;10;06/06/2018 12:15:00;Strada Urbana;VIA TUSCOLANA;all'intersezione semaforizzata con;VIALE TITO LABIENO;VIALE TITO LABIENO;;;Tamponamento Multiplo;Intersezione semaforizzata;Una carreggiata a doppio senso;Asciutto;Asfaltata;Verticale ed orizzontale;Sereno;Normale;Buona;Ore Diurne;1;0;0;4;12,56788;41,85368;-1;3;Autovettura privata;In marcia / fermata / arresto;Conducente;M;Illeso;0;;Non accertato;Inesploso
3859949;6;06/06/2018 12:15:00;Strada Urbana;VIA DEI GORDIANI;in prossimit�;;del civico n.;189;;Veicolo in marcia contro ostacolo accidentale;Rotatoria;Una carreggiata a senso unico di marcia;Asciutto;Asfaltata;Verticale ed orizzontale;Sereno;Normale;Buona;Ore Diurne;1;0;0;1;12,55304;41,88403;-1;1;Motociclo a solo;In marcia / fermata / arresto;Conducente;M;Rifiuta cure immediate;0;NON DECEDUTO;;
3859949;6;06/06/2018 12:15:00;Strada Urbana;VIA DEI GORDIANI;in prossimit�;;del civico n.;189;;Veicolo in marcia contro ostacolo accidentale;Rotatoria;Una carreggiata a senso unico di marcia;Asciutto;Asfaltata;Verticale ed orizzontale;Sereno;Normale;Buona;Ore Diurne;1;0;0;1;12,55304;41,88403;-1;2;Autovettura privata;In marcia / fermata / arresto;Conducente;M;Illeso;0;;Non accertato;Inesploso
3859999;5;06/06/2018 12:40:00;Strada Urbana;VIA LUIGI LUCATELLI;in prossimit�;;del civico n.;43/a;;Scontro frontale fra veicoli in marcia;Curva senza visuale libera;Una carreggiata a doppio senso;Asciutto;Asfaltata;Verticale ed orizzontale;Sereno;Normale;Sufficiente;Ore Diurne;0;0;0;4;12,55337;41,90896;-1;1;Autovettura privata;In marcia / fermata / arresto;Conducente;M;Illeso;0;;Non accertato;Inesploso
3859999;5;06/06/2018 12:40:00;Strada Urbana;VIA LUIGI LUCATELLI;in prossimit�;;del civico n.;43/a;;Scontro frontale fra veicoli in marcia;Curva senza visuale libera;Una carreggiata a doppio senso;Asciutto;Asfaltata;Verticale ed orizzontale;Sereno;Normale;Sufficiente;Ore Diurne;0;0;0;4;12,55337;41,90896;-1;1;Autovettura privata;In marcia / fermata / arresto;Passeggero;F;Illeso;0;;Non accertato;Inesploso
3859999;5;06/06/2018 12:40:00;Strada Urbana;VIA LUIGI LUCATELLI;in prossimit�;;del civico n.;43/a;;Scontro frontale fra veicoli in marcia;Curva senza visuale libera;Una carreggiata a doppio senso;Asciutto;Asfaltata;Verticale ed orizzontale;Sereno;Normale;Sufficiente;Ore Diurne;0;0;0;4;12,55337;41,90896;-1;2;Autovettura privata;In marcia / fermata / arresto;Conducente;F;Illeso;0;;Non accertato;Inesploso
3859999;5;06/06/2018 12:40:00;Strada Urbana;VIA LUIGI LUCATELLI;in prossimit�;;del civico n.;43/a;;Scontro frontale fra veicoli in marcia;Curva senza visuale libera;Una carreggiata a doppio senso;Asciutto;Asfaltata;Verticale ed orizzontale;Sereno;Normale;Sufficiente;Ore Diurne;0;0;0;4;12,55337;41,90896;-1;2;Autovettura privata;In marcia / fermata / arresto;Passeggero;F;Illeso;0;;Non accertato;Inesploso
3860063;1;06/06/2018 09:20:00;Strada Urbana;PIAZZA DI PORTA S. GIOVANNI;all'intersezione semaforizzata con;VIA EMANUELE FILIBERTO;VIA EMANUELE FILIBERTO;;;Scontro laterale fra veicoli in marcia;Intersezione semaforizzata;Una carreggiata a doppio senso;Asciutto;Asfaltata;Verticale ed orizzontale;Sereno;Normale;Buona;Ore Diurne;1;0;0;1;12,50862;41,88648;-1;1;Motociclo a solo;In marcia / fermata / arresto;Conducente;M;Rifiuta cure immediate;0;NON DECEDUTO;Non accertato;
3860063;1;06/06/2018 09:20:00;Strada Urbana;PIAZZA DI PORTA S. GIOVANNI;all'intersezione semaforizzata con;VIA EMANUELE FILIBERTO;VIA EMANUELE FILIBERTO;;;Scontro laterale fra veicoli in marcia;Intersezione semaforizzata;Una carreggiata a doppio senso;Asciutto;Asfaltata;Verticale ed orizzontale;Sereno;Normale;Buona;Ore Diurne;1;0;0;1;12,50862;41,88648;-1;2;Autovettura privata;In marcia / fermata / arresto;Conducente;M;Illeso;0;;Non accertato;Inesploso
3860122;1;05/06/2018 16:10:00;Strada Urbana;VIA DEL TEMPIO;in prossimit�;;del palo luce n.;1;;Veicolo in marcia contro ostacolo fisso;Rettilineo;Una carreggiata a senso unico di marcia;Bagnato (pioggia);Asfaltata;Verticale ed orizzontale;Sereno;Scarso;Buona;Ore Diurne;0;0;0;1;;;0;1;Autovettura privata;In marcia / fermata / arresto;Conducente;F;Illeso;0;;Non accertato;Inesploso
3860152;1;05/06/2018 20:05:00;Strada Urbana;LUNGOTEVERE DEI PIERLEONI;in prossimit�;;del palo luce n.;7;;Investimento di pedone;Rettilineo;Due carreggiate;Asciutto;Asfaltata;Verticale ed orizzontale;Sereno;Normale;Buona;Ore Diurne;1;0;0;1;;;0;;;;Pedone;M;Rimandato;0;NON DECEDUTO;;
3860152;1;05/06/2018 20:05:00;Strada Urbana;LUNGOTEVERE DEI PIERLEONI;in prossimit�;;del palo luce n.;7;;Investimento di pedone;Rettilineo;Due carreggiate;Asciutto;Asfaltata;Verticale ed orizzontale;Sereno;Normale;Buona;Ore Diurne;1;0;0;1;;;0;1;Autovettura privata;In marcia / fermata / arresto;Conducente;M;Illeso;0;;Non accertato;Inesploso
3860165;17;06/06/2018 00:05:00;Strada Urbana;VIALE DELLE MILIZIE;all'intersezione semaforizzata con;VIA LEPANTO;VIA LEPANTO;;;Scontro frontale/laterale SX fra veicoli in marcia;Intersezione semaforizzata;Pi� di due carreggiate;Asciutto;Asfaltata;Verticale ed orizzontale;Sereno;Scarso;Sufficiente;Sufficiente;1;0;0;1;12,46529;41,91292;-1;1;Autovettura privata;In marcia / fermata / arresto;Conducente;M;Illeso;0;;;
3860165;17;06/06/2018 00:05:00;Strada Urbana;VIALE DELLE MILIZIE;all'intersezione semaforizzata con;VIA LEPANTO;VIA LEPANTO;;;Scontro frontale/laterale SX fra veicoli in marcia;Intersezione semaforizzata;Pi� di due carreggiate;Asciutto;Asfaltata;Verticale ed orizzontale;Sereno;Scarso;Sufficiente;Sufficiente;1;0;0;1;12,46529;41,91292;-1;2;Motociclo a solo;In marcia / fermata / arresto;Conducente;M;Rimandato;0;NON DECEDUTO;;
3860174;12;06/06/2018 13:30:00;Strada Urbana;VIALE EUROPA;in corrispondenza;;del civico n.;179;;Scontro frontale/laterale DX fra veicoli in marcia;Rettilineo;Una carreggiata a doppio senso;Asciutto;Asfaltata;Verticale ed orizzontale;Sereno;Normale;Buona;Ore Diurne;0;0;0;3;12,46821;41,83126;-1;1;Autovettura privata;In marcia / fermata / arresto;Conducente;F;Illeso;0;;Utilizzato;Inesploso
3860174;12;06/06/2018 13:30:00;Strada Urbana;VIALE EUROPA;in corrispondenza;;del civico n.;179;;Scontro frontale/laterale DX fra veicoli in marcia;Rettilineo;Una carreggiata a doppio senso;Asciutto;Asfaltata;Verticale ed orizzontale;Sereno;Normale;Buona;Ore Diurne;0;0;0;3;12,46821;41,83126;-1;1;Autovettura privata;In marcia / fermata / arresto;Passeggero;F;Illeso;0;;Utilizzato;Inesploso
3860174;12;06/06/2018 13:30:00;Strada Urbana;VIALE EUROPA;in corrispondenza;;del civico n.;179;;Scontro frontale/laterale DX fra veicoli in marcia;Rettilineo;Una carreggiata a doppio senso;Asciutto;Asfaltata;Verticale ed orizzontale;Sereno;Normale;Buona;Ore Diurne;0;0;0;3;12,46821;41,83126;-1;2;Autovettura privata;In marcia / fermata / arresto;Conducente;F;Illeso;0;;Utilizzato;Inesploso
3860176;1;06/06/2018 09:45:00;Strada Urbana;VIA DEL LAVATORE;in prossimit�;;del civico n.;87 B;;Investimento di pedone;Rettilineo;Una carreggiata a senso unico di marcia;Asciutto;In cubetti di porfido;Verticale ed orizzontale;Sereno;Normale;Buona;Ore Diurne;0;0;0;2;;;0;;;;Pedone;M;Illeso;0;;;