Protocollo;Gruppo;DataOraIncidente;Localizzazione1;STRADA1;Localizzazione2;STRADA2;Strada02;Chilometrica;DaSpecificare;NaturaIncidente;particolaritastrade;TipoStrada;FondoStradale;Pavimentazione;Segnaletica;CondizioneAtmosferica;Traffico;Visibilita;Illuminazione;NUM_FERITI;NUM_RISERVATA;NUM_MORTI;NUM_ILLESI;Longitudine;Latitudine;Confermato;Progressivo;TipoVeicolo;StatoVeicolo;TipoPersona;Sesso;Tipolesione;Deceduto;DecedutoDopo;CinturaCascoUtilizzato;Airbag
3861186;12;06/06/2018 19:20:00;Strada Urbana;VIA LAURENTINA;all'intersezione semaforizzata con;VIA DEI CORAZZIERI;VIA DEI CORAZZIERI;;;Investimento di pedone;Intersezione semaforizzata;Due carreggiate;Asciutto;Asfaltata;Verticale ed orizzontale;Sereno;Intenso;Buona;Ore Diurne;0;0;0;3;12,47974;41,82252;-1;;;;Pedone;M;Illeso;0;;;
3861186;12;06/06/2018 19:20:00;Strada Urbana;VIA LAURENTINA;all'intersezione semaforizzata con;VIA DEI CORAZZIERI;VIA DEI CORAZZIERI;;;Investimento di pedone;Intersezione semaforizzata;Due carreggiate;Asciutto;Asfaltata;Verticale ed orizzontale;Sereno;Intenso;Buona;Ore Diurne;0;0;0;3;12,47974;41,82252;-1;1;Autovettura privata;In marcia / fermata / arresto;Conducente;F;Illeso;0;;;
3861186;12;06/06/2018 19:20:00;Strada Urbana;VIA LAURENTINA;all'intersezione semaforizzata con;VIA DEI CORAZZIERI;VIA DEI CORAZZIERI;;;Investimento di pedone;Intersezione semaforizzata;Due carreggiate;Asciutto;Asfaltata;Verticale ed orizzontale;Sereno;Intenso;Buona;Ore Diurne;0;0;0;3;12,47974;41,82252;-1;1;Autovettura privata;In marcia / fermata / arresto;Passeggero;F;Illeso;0;;Utilizzato;
3861192;18;06/06/2018 19:20:00;Strada Urbana;VIA DEL FORTE BRASCHI;in prossimit�;;del civico n.;fr.43;;Veicolo in marcia contro ostacolo accidentale;Curva a visuale libera;Una carreggiata a doppio senso;Asciutto;Asfaltata;Verticale ed orizzontale;Sereno;Normale;Buona;Ore Diurne;1;0;0;0;12,41999;41,91345;-1;1;Motociclo a solo;In marcia / fermata / arresto;Conducente;M;Rimandato;0;NON DECEDUTO;Non accertato;
3861221;4;06/06/2018 11:20:00;Strada Urbana;PIAZZA FERNANDO DE LUCIA;all'intersezione con;VIA ERMINIA FREZZOLINI;VIA ERMINIA FREZZOLINI;;;Scontro frontale/laterale SX fra veicoli in marcia;Intersezione non regolata/non segnalata;Una carreggiata a doppio senso;Asciutto;Asfaltata;Assente;Sereno;Scarso;Buona;Ore Diurne;0;0;0;2;12,5145;41,96553;-1;1;Autovettura privata;In marcia / fermata / arresto;Conducente;M;Illeso;0;;;
3861221;4;06/06/2018 11:20:00;Strada Urbana;PIAZZA FERNANDO DE LUCIA;all'intersezione con;VIA ERMINIA FREZZOLINI;VIA ERMINIA FREZZOLINI;;;Scontro frontale/laterale SX fra veicoli in marcia;Intersezione non regolata/non segnalata;Una carreggiata a doppio senso;Asciutto;Asfaltata;Assente;Sereno;Scarso;Buona;Ore Diurne;0;0;0;2;12,5145;41,96553;-1;2;Autovettura privata;In marcia / fermata / arresto;Conducente;M;Illeso;0;;;
3861231;12;07/06/2018 02:40:00;Strada Urbana;VIALE DELL'OCEANO ATLANTICO;in prossimit�;;del civico n.;230/232;;Veicolo in marcia contro ostacolo accidentale;Rettilineo;Due carreggiate;Asciutto;Asfaltata;Verticale ed orizzontale;Sereno;Scarso;Sufficiente;Sufficiente;0;0;0;1;12,46708;41,81935;-1;1;Autovettura privata;In marcia / fermata / arresto;Conducente;M;Illeso;0;;;
3861269;17;06/06/2018 12:30:00;Strada Urbana;PIAZZA DEI PRATI DEGLI STROZZI;da specificare;;;;in corrispondenza di fronte di Via G. Palumbo;Tamponamento;Rotatoria;Una carreggiata a senso unico di marcia;Asciutto;Asfaltata;Verticale ed orizzontale;Sereno;Normale;Sufficiente;Ore Diurne;0;0;0;3;12,45558;41,9151;-1;1;Autovettura privata;In marcia / fermata / arresto;Conducente;M;Illeso;0;;;
3861269;17;06/06/2018 12:30:00;Strada Urbana;PIAZZA DEI PRATI DEGLI STROZZI;da specificare;;;;in corrispondenza di fronte di Via G. Palumbo;Tamponamento;Rotatoria;Una carreggiata a senso unico di marcia;Asciutto;Asfaltata;Verticale ed orizzontale;Sereno;Normale;Sufficiente;Ore Diurne;0;0;0;3;12,45558;41,9151;-1;2;Quadriciclo leggero;In marcia / fermata / arresto;Conducente;M;Illeso;0;;;
3861269;17;06/06/2018 12:30:00;Strada Urbana;PIAZZA DEI PRATI DEGLI STROZZI;da specificare;;;;in corrispondenza di fronte di Via G. Palumbo;Tamponamento;Rotatoria;Una carreggiata a senso unico di marcia;Asciutto;Asfaltata;Verticale ed orizzontale;Sereno;Normale;Sufficiente;Ore Diurne;0;0;0;3;12,45558;41,9151;-1;2;Quadriciclo leggero;In marcia / fermata / arresto;Passeggero;M;Illeso;0;;;
3861270;1;06/06/2018 17:00:00;Strada Urbana;PASSEGGIATA DEL GIANICOLO;da specificare;;;;altezza albero n.137;Scontro laterale fra veicoli in marcia;Rettilineo;Una carreggiata a doppio senso;Asciutto;Asfaltata;Verticale ed orizzontale;Sereno;Normale;Buona;Ore Diurne;0;0;0;2;12,46057;41,89359;-1;1;Autovettura privata;In marcia / fermata / arresto;Conducente;M;Illeso;0;;Non accertato;Inesploso
3861270;1;06/06/2018 17:00:00;Strada Urbana;PASSEGGIATA DEL GIANICOLO;da specificare;;;;altezza albero n.137;Scontro laterale fra veicoli in marcia;Rettilineo;Una carreggiata a doppio senso;Asciutto;Asfaltata;Verticale ed orizzontale;Sereno;Normale;Buona;Ore Diurne;0;0;0;2;12,46057;41,89359;-1;2;Motociclo a solo;In marcia / fermata / arresto;Conducente;M;Illeso;0;;Non accertato;
3861292;2;07/06/2018 02:20:00;Strada Urbana;VIA DI TORREVECCHIA;all'intersezione con;VIA SIMONE MOSCA;VIA SIMONE MOSCA;;;Veicolo in marcia contro veicolo in sosta;Intersezione stradale segnalata;Una carreggiata a doppio senso;Asciutto;Asfaltata;Verticale ed orizzontale;Sereno;Scarso;Sufficiente;Sufficiente;0;0;0;5;;;0;1;Autovettura privata;In marcia / fermata / arresto;Conducente;F;Illeso;0;;Non accertato;Inesploso
3861292;2;07/06/2018 02:20:00;Strada Urbana;VIA DI TORREVECCHIA;all'intersezione con;VIA SIMONE MOSCA;VIA SIMONE MOSCA;;;Veicolo in marcia contro veicolo in sosta;Intersezione stradale segnalata;Una carreggiata a doppio senso;Asciutto;Asfaltata;Verticale ed orizzontale;Sereno;Scarso;Sufficiente;Sufficiente;0;0;0;5;;;0;1;Autovettura privata;In marcia / fermata / arresto;Passeggero;F;Illeso;0;;Non accertato;Inesploso
3861292;2;07/06/2018 02:20:00;Strada Urbana;VIA DI TORREVECCHIA;all'intersezione con;VIA SIMONE MOSCA;VIA SIMONE MOSCA;;;Veicolo in marcia contro veicolo in sosta;Intersezione stradale segnalata;Una carreggiata a doppio senso;Asciutto;Asfaltata;Verticale ed orizzontale;Sereno;Scarso;Sufficiente;Sufficiente;0;0;0;5;;;0;1;Autovettura privata;In marcia / fermata / arresto;Passeggero;F;Illeso;0;;Non accertato;Inesploso
3861292;2;07/06/2018 02:20:00;Strada Urbana;VIA DI TORREVECCHIA;all'intersezione con;VIA SIMONE MOSCA;VIA SIMONE MOSCA;;;Veicolo in marcia contro veicolo in sosta;Intersezione stradale segnalata;Una carreggiata a doppio senso;Asciutto;Asfaltata;Verticale ed orizzontale;Sereno;Scarso;Sufficiente;Sufficiente;0;0;0;5;;;0;1;Autovettura privata;In marcia / fermata / arresto;Passeggero;M;Illeso;0;;Non accertato;Inesploso
3861299;1;07/06/2018 07:15:00;Strada Urbana;VIA LIBERIANA;in corrispondenza;;del civico n.;17;;Veicolo in marcia contro veicolo arresto;Rettilineo;Una carreggiata a senso unico di marcia;Asciutto;Asfaltata;Verticale ed orizzontale;Sereno;Normale;Buona;Ore Diurne;0;0;0;3;12,49788;41,8971;-1;1;Autovettura pubblica;In marcia / fermata / arresto;Conducente;M;Illeso;0;;Non accertato;Inesploso
3861299;1;07/06/2018 07:15:00;Strada Urbana;VIA LIBERIANA;in corrispondenza;;del civico n.;17;;Veicolo in marcia contro veicolo arresto;Rettilineo;Una carreggiata a senso unico di marcia;Asciutto;Asfaltata;Verticale ed orizzontale;Sereno;Normale;Buona;Ore Diurne;0;0;0;3;12,49788;41,8971;-1;1;Autovettura pubblica;In marcia / fermata / arresto;Passeggero;F;Illeso;0;;Non accertato;Inesploso
3861299;1;07/06/2018 07:15:00;Strada Urbana;VIA LIBERIANA;in corrispondenza;;del civico n.;17;;Veicolo in marcia contro veicolo arresto;Rettilineo;Una carreggiata a senso unico di marcia;Asciutto;Asfaltata;Verticale ed orizzontale;Sereno;Normale;Buona;Ore Diurne;0;0;0;3;12,49788;41,8971;-1;2;Autocarro inferiore 35 q.;In marcia / fermata / arresto;Conducente;M;Illeso;0;;Non accertato;Inesploso
3861300;2;06/06/2018 20:15:00;Strada Urbana;VIA DEL FORO ITALICO;in prossimit�;;del civico n.;439;;Scontro laterale fra veicoli in marcia;Rettilineo;Due carreggiate;Asciutto;Asfaltata;Verticale ed orizzontale;Sereno;Scarso;Sufficiente;Sufficiente;3;0;0;0;12,48948;41,93979;-1;1;Autovettura privata;In marcia / fermata / arresto;Conducente;M;Rifiuta cure immediate;0;NON DECEDUTO;Non accertato;Inesploso
3861300;2;06/06/2018 20:15:00;Strada Urbana;VIA DEL FORO ITALICO;in prossimit�;;del civico n.;439;;Scontro laterale fra veicoli in marcia;Rettilineo;Due carreggiate;Asciutto;Asfaltata;Verticale ed orizzontale;Sereno;Scarso;Sufficiente;Sufficiente;3;0;0;0;12,48948;41,93979;-1;1;Autovettura privata;In marcia / fermata / arresto;Passeggero;F;Rifiuta cure immediate;0;NON DECEDUTO;Non accertato;Inesploso
3861300;2;06/06/2018 20:15:00;Strada Urbana;VIA DEL FORO ITALICO;in prossimit�;;del civico n.;439;;Scontro laterale fra veicoli in marcia;Rettilineo;Due carreggiate;Asciutto;Asfaltata;Verticale ed orizzontale;Sereno;Scarso;Sufficiente;Sufficiente;3;0;0;0;12,48948;41,93979;-1;2;Motociclo a solo;In marcia / fermata / arresto;Conducente;M;Rimandato;0;NON DECEDUTO;Non accertato;
3861301;2;06/06/2018 19:40:00;Strada Urbana;LUNGOTEVERE SALVO D'ACQUISTO;da specificare;;;;alt. via Peru';Tamponamento;Rettilineo;Una carreggiata a doppio senso;Asciutto;Asfaltata;Verticale ed orizzontale;Sereno;Normale;Buona;Ore Diurne;0;0;0;2;12,46969;41,93504;-1;1;Autovettura privata;In marcia / fermata / arresto;Conducente;F;Illeso;0;;Non accertato;Inesploso
3861301;2;06/06/2018 19:40:00;Strada Urbana;LUNGOTEVERE SALVO D'ACQUISTO;da specificare;;;;alt. via Peru';Tamponamento;Rettilineo;Una carreggiata a doppio senso;Asciutto;Asfaltata;Verticale ed orizzontale;Sereno;Normale;Buona;Ore Diurne;0;0;0;2;12,46969;41,93504;-1;2;Autovettura privata;In marcia / fermata / arresto;Conducente;M;Illeso;0;;Non accertato;Inesploso
3861304;7;07/06/2018 08:45:00;Strada Urbana;VIA FEDERICO DELPINO;all'intersezione con;PIAZZA TEOFRASTO;PIAZZA TEOFRASTO;;;Scontro frontale/laterale DX fra veicoli in marcia;Incrocio;Due carreggiate;Asciutto;Asfaltata;Verticale ed orizzontale;Sereno;Normale;Buona;Ore Diurne;0;0;0;1;12,56424;41,89145;-1;1;Autovettura privata;In marcia / fermata / arresto;Conducente;M;Illeso;0;;;
3861307;2;06/06/2018 16:00:00;Strada Urbana;VIA SALARIA;in prossimit�;;del civico n.;464;;Scontro frontale/laterale SX fra veicoli in marcia;Rettilineo;Una carreggiata a doppio senso;Asciutto;Asfaltata;Orizzontale;Sereno;Normale;Buona;Ore Diurne;1;1;0;1;12,50923;41,93384;-1;1;Autovettura privata;In marcia / fermata / arresto;Conducente;M;Illeso;0;;Non accertato;
3861307;2;06/06/2018 16:00:00;Strada Urbana;VIA SALARIA;in prossimit�;;del civico n.;464;;Scontro frontale/laterale SX fra veicoli in marcia;Rettilineo;Una carreggiata a doppio senso;Asciutto;Asfaltata;Orizzontale;Sereno;Normale;Buona;Ore Diurne;1;1;0;1;12,50923;41,93384;-1;1;Autovettura privata;In marcia / fermata / arresto;Passeggero;M;Prognosi riservata;0;NON DECEDUTO;;
3861307;2;06/06/2018 16:00:00;Strada Urbana;VIA SALARIA;in prossimit�;;del civico n.;464;;Scontro frontale/laterale SX fra veicoli in marcia;Rettilineo;Una carreggiata a doppio senso;Asciutto;Asfaltata;Orizzontale;Sereno;Normale;Buona;Ore Diurne;1;1;0;1;12,50923;41,93384;-1;2;Autovettura privata;In marcia / fermata / arresto;Conducente;F;Rimandato;0;NON DECEDUTO;;
3861313;2;06/06/2018 15:45:00;Strada Urbana;VIA DEL FORO ITALICO;da specificare;;;;prox uscita Salaria dir. S. Giovanni;Tamponamento Multiplo;Rettilineo;Due carreggiate;Asciutto;Asfaltata;Orizzontale;Sereno;Intenso;Buona;Ore Diurne;0;0;0;4;12,48375;41,93991;-1;1;Autovettura privata;In marcia / fermata / arresto;Conducente;F;Illeso;0;;Non accertato;Inesploso
3861313;2;06/06/2018 15:45:00;Strada Urbana;VIA DEL FORO ITALICO;da specificare;;;;prox uscita Salaria dir. S. Giovanni;Tamponamento Multiplo;Rettilineo;Due carreggiate;Asciutto;Asfaltata;Orizzontale;Sereno;Intenso;Buona;Ore Diurne;0;0;0;4;12,48375;41,93991;-1;2;Autovettura privata;In marcia / fermata / arresto;Conducente;F;Illeso;0;;Non accertato;Inesploso
3861313;2;06/06/2018 15:45:00;Strada Urbana;VIA DEL FORO ITALICO;da specificare;;;;prox uscita Salaria dir. S. Giovanni;Tamponamento Multiplo;Rettilineo;Due carreggiate;Asciutto;Asfaltata;Orizzontale;Sereno;Intenso;Buona;Ore Diurne;0;0;0;4;12,48375;41,93991;-1;3;Autovettura privata;In marcia / fermata / arresto;Conducente;M;Illeso;0;;Non accertato;Inesploso
3861313;2;06/06/2018 15:45:00;Strada Urbana;VIA DEL FORO ITALICO;da specificare;;;;prox uscita Salaria dir. S. Giovanni;Tamponamento Multiplo;Rettilineo;Due carreggiate;Asciutto;Asfaltata;Orizzontale;Sereno;Intenso;Buona;Ore Diurne;0;0;0;4;12,48375;41,93991;-1;4;Autovettura privata;In marcia / fermata / arresto;Conducente;M;Illeso;0;;Non accertato;Inesploso
3861326;7;06/06/2018 11:00:00;Strada Urbana;VIA DEI PLATANI;in corrispondenza;;del civico n.;39/d;;Veicolo in marcia contro ostacolo fisso;Rettilineo;Una carreggiata a doppio senso;Asciutto;Asfaltata;Verticale ed orizzontale;Sereno;Normale;Buona;Ore Diurne;0;0;0;1;12,56417;41,88132;-1;2;Motociclo con passeggero;In marcia / fermata / arresto;Conducente;M;Illeso;0;;Non accertato;
3861344;5;07/06/2018 08:20:00;;VIA DEL CASALE DI S. BASILIO;all'intersezione con;VIA CASTELRAIMONDO;VIA CASTELRAIMONDO;;;Scontro frontale/laterale DX fra veicoli in marcia;;;;;;;;;;0;0;0;2;12,57757;41,93906;0;1;Motociclo a solo;In marcia / fermata / arresto;Conducente;F;Illeso;0;;;
3861344;5;07/06/2018 08:20:00;;VIA DEL CASALE DI S. BASILIO;all'intersezione con;VIA CASTELRAIMONDO;VIA CASTELRAIMONDO;;;Scontro frontale/laterale DX fra veicoli in marcia;;;;;;;;;;0;0;0;2;12,57757;41,93906;0;2;Autovettura privata;In marcia / fermata / arresto;Conducente;F;Illeso;0;;;
3861359;4;06/06/2018 17:45:00;Strada Urbana;VIA DELLA BUFALOTTA;in prossimit�;;del civico n.;236;;Scontro frontale fra veicoli in marcia;Rettilineo;Una carreggiata a doppio senso;Asciutto;Asfaltata;Verticale ed orizzontale;Sereno;Normale;Buona;Ore Diurne;0;0;0;3;12,5423;41,95119;-1;1;Autovettura privata;In marcia / fermata / arresto;Conducente;M;Illeso;0;;;
3861359;4;06/06/2018 17:45:00;Strada Urbana;VIA DELLA BUFALOTTA;in prossimit�;;del civico n.;236;;Scontro frontale fra veicoli in marcia;Rettilineo;Una carreggiata a doppio senso;Asciutto;Asfaltata;Verticale ed orizzontale;Sereno;Normale;Buona;Ore Diurne;0;0;0;3;12,5423;41,95119;-1;1;Autovettura privata;In marcia / fermata / arresto;Passeggero;F;Illeso;0;;;
3861359;4;06/06/2018 17:45:00;Strada Urbana;VIA DELLA BUFALOTTA;in prossimit�;;del civico n.;236;;Scontro frontale fra veicoli in marcia;Rettilineo;Una carreggiata a doppio senso;Asciutto;Asfaltata;Verticale ed orizzontale;Sereno;Normale;Buona;Ore Diurne;0;0;0;3;12,5423;41,95119;-1;2;Autovettura privata;In marcia / fermata / arresto;Conducente;M;Illeso;0;;;
3861374;17;06/06/2018 20:45:00;Strada Urbana;VIA COLA DI RIENZO;in corrispondenza;;del civico n.;248;;Veicolo in marcia contro veicolo in sosta;Rettilineo;Una carreggiata a doppio senso;Asciutto;Acciotolata;Verticale ed orizzontale;Sereno;Normale;Buona;Sufficiente;0;0;0;1;12,46082;41,90675;-1;1;Autovettura privata;In marcia / fermata / arresto;Conducente;F;Illeso;0;;;
3861395;9;07/06/2018 09:20:00;Strada Urbana;PIAZZALE LABICANO;da specificare;;;;prossimit� via Eleniana;Scontro laterale fra veicoli in marcia;Strettoia;Una carreggiata a senso unico di marcia;Asciutto;Asfaltata;Verticale ed orizzontale;Sereno;Normale;Buona;Ore Diurne;2;0;0;1;12,5156;41,89125;-1;1;Autovettura pubblica;In marcia / fermata / arresto;Conducente;M;Illeso;0;;Non accertato;Inesploso
3861395;9;07/06/2018 09:20:00;Strada Urbana;PIAZZALE LABICANO;da specificare;;;;prossimit� via Eleniana;Scontro laterale fra veicoli in marcia;Strettoia;Una carreggiata a senso unico di marcia;Asciutto;Asfaltata;Verticale ed orizzontale;Sereno;Normale;Buona;Ore Diurne;2;0;0;1;12,5156;41,89125;-1;2;Autovettura privata;In marcia / fermata / arresto;Conducente;M;Rimandato;0;NON DECEDUTO;Non accertato;Esploso
3861395;9;07/06/2018 09:20:00;Strada Urbana;PIAZZALE LABICANO;da specificare;;;;prossimit� via Eleniana;Scontro laterale fra veicoli in marcia;Strettoia;Una carreggiata a senso unico di marcia;Asciutto;Asfaltata;Verticale ed orizzontale;Sereno;Normale;Buona;Ore Diurne;2;0;0;1;12,5156;41,89125;-1;2;Autovettura privata;In marcia / fermata / arresto;Passeggero;F;Rimandato;0;NON DECEDUTO;Non accertato;Esploso
3861416;11;07/06/2018 09:10:00;Strada Urbana;VIA ALESSIO BALDOVINETTI;in corrispondenza;;del civico n.;19;;Scontro frontale/laterale SX fra veicoli in marcia;Rettilineo;Una carreggiata a doppio senso;Asciutto;Asfaltata;Verticale ed orizzontale;Sereno;Normale;Buona;Ore Diurne;1;0;0;2;12,49472;41,83264;-1;1;Autovettura privata;In marcia / fermata / arresto;Conducente;M;Illeso;0;;Non accertato;Inesploso
3861416;11;07/06/2018 09:10:00;Strada Urbana;VIA ALESSIO BALDOVINETTI;in corrispondenza;;del civico n.;19;;Scontro frontale/laterale SX fra veicoli in marcia;Rettilineo;Una carreggiata a doppio senso;Asciutto;Asfaltata;Verticale ed orizzontale;Sereno;Normale;Buona;Ore Diurne;1;0;0;2;12,49472;41,83264;-1;1;Autovettura privata;In marcia / fermata / arresto;Passeggero;F;Illeso;0;;Non accertato;Inesploso
3861416;11;07/06/2018 09:10:00;Strada Urbana;VIA ALESSIO BALDOVINETTI;in corrispondenza;;del civico n.;19;;Scontro frontale/laterale SX fra veicoli in marcia;Rettilineo;Una carreggiata a doppio senso;Asciutto;Asfaltata;Verticale ed orizzontale;Sereno;Normale;Buona;Ore Diurne;1;0;0;2;12,49472;41,83264;-1;2;Motociclo a solo;In marcia / fermata / arresto;Conducente;M;Rimandato;0;NON DECEDUTO;Non accertato;
3861438;2;06/06/2018 15:30:00;Strada Urbana;VIA GIAMBATTISTA VICO;all'intersezione con;VIA CESARE BECCARIA;VIA CESARE BECCARIA;;;Investimento di pedone;Incrocio;Una carreggiata a doppio senso;Asciutto;Asfaltata;Verticale ed orizzontale;Sereno;Intenso;Buona;Ore Diurne;1;0;0;1;12,47458;41,91271;-1;;;;Pedone;M;Rimandato;0;NON DECEDUTO;;
3861438;2;06/06/2018 15:30:00;Strada Urbana;VIA GIAMBATTISTA VICO;all'intersezione con;VIA CESARE BECCARIA;VIA CESARE BECCARIA;;;Investimento di pedone;Incrocio;Una carreggiata a doppio senso;Asciutto;Asfaltata;Verticale ed orizzontale;Sereno;Intenso;Buona;Ore Diurne;1;0;0;1;12,47458;41,91271;-1;1;Autobus di linea;In marcia / fermata / arresto;Conducente;M;Illeso;0;;Non accertato;Inesploso
3861446;2;06/06/2018 14:25:00;Strada Urbana;VIA DEL FORO ITALICO;da specificare;;;;pross. svinc. Via Salaria dir. centro;Veicolo in marcia contro ostacolo fisso;Rettilineo;Pi� di due carreggiate;Asciutto;Asfaltata;Verticale ed orizzontale;Sereno;Intenso;Buona;Ore Diurne;0;1;0;0;12,50527;41,9382;-1;1;Motociclo a solo;In marcia / fermata / arresto;Conducente;M;Prognosi riservata;0;NON DECEDUTO;;
3861484;4;06/06/2018 18:30:00;Strada Urbana;VIA NOMENTANA;in corrispondenza;;del civico n.;564;;Investimento di pedone;Curva a visuale libera;Una carreggiata a doppio senso;Asciutto;Asfaltata;Verticale ed orizzontale;Sereno;Normale;Buona;Ore Diurne;1;0;0;2;12,53935;41,93669;-1;;;;Pedone;M;Rimandato;0;NON DECEDUTO;;
3861484;4;06/06/2018 18:30:00;Strada Urbana;VIA NOMENTANA;in corrispondenza;;del civico n.;564;;Investimento di pedone;Curva a visuale libera;Una carreggiata a doppio senso;Asciutto;Asfaltata;Verticale ed orizzontale;Sereno;Normale;Buona;Ore Diurne;1;0;0;2;12,53935;41,93669;-1;1;Autovettura privata;In marcia / fermata / arresto;Conducente;F;Illeso;0;;;
3861484;4;06/06/2018 18:30:00;Strada Urbana;VIA NOMENTANA;in corrispondenza;;del civico n.;564;;Investimento di pedone;Curva a visuale libera;Una carreggiata a doppio senso;Asciutto;Asfaltata;Verticale ed orizzontale;Sereno;Normale;Buona;Ore Diurne;1;0;0;2;12,53935;41,93669;-1;1;Autovettura privata;In marcia / fermata / arresto;Passeggero;M;Illeso;0;;;
3861501;8;06/06/2018 21:10:00;Strada Urbana;VIA DELLA RISERVA NUOVA;all'intersezione con;VIA DON PRIMO MAZZOLARI;VIA DON PRIMO MAZZOLARI;;;Scontro frontale fra veicoli in marcia;Intersezione stradale segnalata;Una carreggiata a doppio senso;Asciutto;Asfaltata;Verticale ed orizzontale;Sereno;Normale;Buona;Sufficiente;2;0;0;1;12,68055;41,8953;-1;1;Autovettura privata;In marcia / fermata / arresto;Conducente;M;Illeso;0;;Non accertato;Inesploso
3861501;8;06/06/2018 21:10:00;Strada Urbana;VIA DELLA RISERVA NUOVA;all'intersezione con;VIA DON PRIMO MAZZOLARI;VIA DON PRIMO MAZZOLARI;;;Scontro frontale fra veicoli in marcia;Intersezione stradale segnalata;Una carreggiata a doppio senso;Asciutto;Asfaltata;Verticale ed orizzontale;Sereno;Normale;Buona;Sufficiente;2;0;0;1;12,68055;41,8953;-1;1;Autovettura privata;In marcia / fermata / arresto;Passeggero;F;Rifiuta cure immediate;0;NON DECEDUTO;Non accertato;Inesploso
3861501;8;06/06/2018 21:10:00;Strada Urbana;VIA DELLA RISERVA NUOVA;all'intersezione con;VIA DON PRIMO MAZZOLARI;VIA DON PRIMO MAZZOLARI;;;Scontro frontale fra veicoli in marcia;Intersezione stradale segnalata;Una carreggiata a doppio senso;Asciutto;Asfaltata;Verticale ed orizzontale;Sereno;Normale;Buona;Sufficiente;2;0;0;1;12,68055;41,8953;-1;2;Motociclo a solo;In marcia / fermata / arresto;Conducente;M;Rimandato;0;NON DECEDUTO;;
3861517;6;07/06/2018 09:35:00;Strada Urbana;VIALE TELESE;da specificare;;;;circa 23/25 mt dal civico 41;Investimento di pedone;Rettilineo;Una carreggiata a doppio senso;Asciutto;Asfaltata;Verticale ed orizzontale;Sereno;Normale;Buona;Ore Diurne;1;0;0;1;12,54817;41,89197;-1;;;;Pedone;F;Rimandato;0;NON DECEDUTO;;
3861517;6;07/06/2018 09:35:00;Strada Urbana;VIALE TELESE;da specificare;;;;circa 23/25 mt dal civico 41;Investimento di pedone;Rettilineo;Una carreggiata a doppio senso;Asciutto;Asfaltata;Verticale ed orizzontale;Sereno;Normale;Buona;Ore Diurne;1;0;0;1;12,54817;41,89197;-1;1;Autovettura privata;In marcia / fermata / arresto;Conducente;M;Illeso;0;;;Inesploso
3861599;10;07/06/2018 11:00:00;Strada Urbana;VIA DEL QUADRARO;da specificare;;;;altezza Via Erminio;Scontro laterale fra veicoli in marcia;Rettilineo;Una carreggiata a senso unico di marcia;Asciutto;Asfaltata;Verticale ed orizzontale;Sereno;Normale;Sufficiente;Ore Diurne;0;0;0;2;12,55345;41,85708;-1;1;Autovettura privata;In marcia / fermata / arresto;Conducente;F;Illeso;0;;Non accertato;Inesploso
3861599;10;07/06/2018 11:00:00;Strada Urbana;VIA DEL QUADRARO;da specificare;;;;altezza Via Erminio;Scontro laterale fra veicoli in marcia;Rettilineo;Una carreggiata a senso unico di marcia;Asciutto;Asfaltata;Verticale ed orizzontale;Sereno;Normale;Sufficiente;Ore Diurne;0;0;0;2;12,55345;41,85708;-1;2;Autovettura privata;In marcia / fermata / arresto;Conducente;F;Illeso;0;;Non accertato;Inesploso
3861613;20;07/06/2018 11:20:00;Strada Urbana;VIA DELLA CAMILLUCCIA;in corrispondenza;;del civico n.;353;;Tamponamento Multiplo;Rettilineo;Una carreggiata a doppio senso;Asciutto;Asfaltata;Verticale ed orizzontale;Sereno;Scarso;Buona;Ore Diurne;0;0;0;3;12,44316;41,93879;-1;1;Autovettura privata;In marcia / fermata / arresto;Conducente;M;Illeso;0;;Non accertato;Inesploso
3861613;20;07/06/2018 11:20:00;Strada Urbana;VIA DELLA CAMILLUCCIA;in corrispondenza;;del civico n.;353;;Tamponamento Multiplo;Rettilineo;Una carreggiata a doppio senso;Asciutto;Asfaltata;Verticale ed orizzontale;Sereno;Scarso;Buona;Ore Diurne;0;0;0;3;12,44316;41,93879;-1;2;Autocarro inferiore 35 q.;In marcia / fermata / arresto;Conducente;M;Illeso;0;;Non accertato;Inesploso
3861613;20;07/06/2018 11:20:00;Strada Urbana;VIA DELLA CAMILLUCCIA;in corrispondenza;;del civico n.;353;;Tamponamento Multiplo;Rettilineo;Una carreggiata a doppio senso;Asciutto;Asfaltata;Verticale ed orizzontale;Sereno;Scarso;Buona;Ore Diurne;0;0;0;3;12,44316;41,93879;-1;3;Autocarro inferiore 35 q.;In marcia / fermata / arresto;Conducente;M;Illeso;0;;Non accertato;Inesploso
3861619;4;07/06/2018 02:00:00;Strada Urbana;VIA DELLA LEGA LOMBARDA;in corrispondenza;;del civico n.;12;;Veicolo in marcia contro veicoli in sosta;Rettilineo;Due carreggiate;Asciutto;Asfaltata;Verticale ed orizzontale;Sereno;Normale;Sufficiente;Sufficiente;0;0;0;1;12,52175;41,90911;-1;1;Autovettura privata;In marcia / fermata / arresto;Conducente;M;Illeso;0;;;