Protocollo;Gruppo;DataOraIncidente;Localizzazione1;STRADA1;Localizzazione2;STRADA2;Strada02;Chilometrica;DaSpecificare;NaturaIncidente;particolaritastrade;TipoStrada;FondoStradale;Pavimentazione;Segnaletica;CondizioneAtmosferica;Traffico;Visibilita;Illuminazione;NUM_FERITI;NUM_RISERVATA;NUM_MORTI;NUM_ILLESI;Longitudine;Latitudine;Confermato;Progressivo;TipoVeicolo;StatoVeicolo;TipoPersona;Sesso;Tipolesione;Deceduto;DecedutoDopo;CinturaCascoUtilizzato;Airbag
3868377;18;11/06/2018 18:00:00;Strada Urbana;CIRCONVALLAZIONE CORNELIA;in prossimit�;;del civico n.;9;;Veicolo in marcia contro ostacolo accidentale;Rettilineo;Due carreggiate;Asciutto;Asfaltata;Verticale ed orizzontale;Sereno;Normale;Buona;Ore Diurne;1;0;0;0;12,42698;41,89932;-1;1;Ciclomotore;In marcia / fermata / arresto;Conducente;M;Rimandato;0;NON DECEDUTO;Non accertato;
3868378;6;11/06/2018 16:00:00;Strada Urbana;VIA PIETRO ROVETTI;all'intersezione con;VIA GIUSEPPE CEI;VIA GIUSEPPE CEI;;;Scontro frontale/laterale SX fra veicoli in marcia;Incrocio;Una carreggiata a senso unico di marcia;Asciutto;Asfaltata;Assente;Sereno;Normale;Buona;Ore Diurne;1;0;0;1;12,54703;41,87756;-1;1;Autovettura privata;In marcia / fermata / arresto;Conducente;M;Illeso;0;;Non accertato;Esploso
3868378;6;11/06/2018 16:00:00;Strada Urbana;VIA PIETRO ROVETTI;all'intersezione con;VIA GIUSEPPE CEI;VIA GIUSEPPE CEI;;;Scontro frontale/laterale SX fra veicoli in marcia;Incrocio;Una carreggiata a senso unico di marcia;Asciutto;Asfaltata;Assente;Sereno;Normale;Buona;Ore Diurne;1;0;0;1;12,54703;41,87756;-1;2;Autovettura privata;In marcia / fermata / arresto;Conducente;M;Rifiuta cure immediate;0;NON DECEDUTO;Non accertato;Esploso
3868388;4;11/06/2018 12:50:00;Strada Urbana;VIA COMANO;all'intersezione con;VIA MOLAZZANA;VIA MOLAZZANA;;;Scontro frontale/laterale SX fra veicoli in marcia;Intersezione stradale segnalata;Una carreggiata a doppio senso;Asciutto;Asfaltata;Verticale ed orizzontale;Sereno;Scarso;Buona;Ore Diurne;1;0;0;1;12,51325;41,9549;-1;1;Autobus urbano;In marcia / fermata / arresto;Conducente;M;Illeso;0;;;
3868388;4;11/06/2018 12:50:00;Strada Urbana;VIA COMANO;all'intersezione con;VIA MOLAZZANA;VIA MOLAZZANA;;;Scontro frontale/laterale SX fra veicoli in marcia;Intersezione stradale segnalata;Una carreggiata a doppio senso;Asciutto;Asfaltata;Verticale ed orizzontale;Sereno;Scarso;Buona;Ore Diurne;1;0;0;1;12,51325;41,9549;-1;2;Autovettura privata;In marcia / fermata / arresto;Conducente;F;Rimandato;0;NON DECEDUTO;;
3868403;5;11/06/2018 17:45:00;Strada Urbana;VIA IGINO GIORDANI;in prossimit�;;del civico n.;55;;Scontro laterale fra veicoli in marcia;Rettilineo;Una carreggiata a doppio senso;Asciutto;Asfaltata;Orizzontale;Sereno;Normale;Buona;Ore Diurne;0;0;0;2;12,56311;41,90668;-1;1;Autovettura privata;In marcia / fermata / arresto;Conducente;M;Illeso;0;;Non accertato;Inesploso
3868403;5;11/06/2018 17:45:00;Strada Urbana;VIA IGINO GIORDANI;in prossimit�;;del civico n.;55;;Scontro laterale fra veicoli in marcia;Rettilineo;Una carreggiata a doppio senso;Asciutto;Asfaltata;Orizzontale;Sereno;Normale;Buona;Ore Diurne;0;0;0;2;12,56311;41,90668;-1;2;Autovettura privata;In marcia / fermata / arresto;Conducente;F;Illeso;0;;Non accertato;Inesploso
3868411;12;11/06/2018 18:35:00;Strada Urbana;VIA DI DECIMA;all'intersezione con;VIA DI ACQUA ACETOSA OSTIENSE;VIA DI ACQUA ACETOSA OSTIENSE;;;Scontro laterale fra veicoli in marcia;Incrocio;Due carreggiate;Asciutto;Asfaltata;Verticale ed orizzontale;Sereno;Normale;Buona;Ore Diurne;0;0;0;4;12,45362;41,80852;-1;1;Autovettura privata;In marcia / fermata / arresto;Conducente;M;Illeso;0;;Utilizzato;Inesploso
3868411;12;11/06/2018 18:35:00;Strada Urbana;VIA DI DECIMA;all'intersezione con;VIA DI ACQUA ACETOSA OSTIENSE;VIA DI ACQUA ACETOSA OSTIENSE;;;Scontro laterale fra veicoli in marcia;Incrocio;Due carreggiate;Asciutto;Asfaltata;Verticale ed orizzontale;Sereno;Normale;Buona;Ore Diurne;0;0;0;4;12,45362;41,80852;-1;2;Autovettura privata;In marcia / fermata / arresto;Conducente;M;Illeso;0;;Utilizzato;Inesploso
3868411;12;11/06/2018 18:35:00;Strada Urbana;VIA DI DECIMA;all'intersezione con;VIA DI ACQUA ACETOSA OSTIENSE;VIA DI ACQUA ACETOSA OSTIENSE;;;Scontro laterale fra veicoli in marcia;Incrocio;Due carreggiate;Asciutto;Asfaltata;Verticale ed orizzontale;Sereno;Normale;Buona;Ore Diurne;0;0;0;4;12,45362;41,80852;-1;2;Autovettura privata;In marcia / fermata / arresto;Passeggero;M;Illeso;0;;Non accertato;Inesploso
3868411;12;11/06/2018 18:35:00;Strada Urbana;VIA DI DECIMA;all'intersezione con;VIA DI ACQUA ACETOSA OSTIENSE;VIA DI ACQUA ACETOSA OSTIENSE;;;Scontro laterale fra veicoli in marcia;Incrocio;Due carreggiate;Asciutto;Asfaltata;Verticale ed orizzontale;Sereno;Normale;Buona;Ore Diurne;0;0;0;4;12,45362;41,80852;-1;2;Autovettura privata;In marcia / fermata / arresto;Passeggero;F;Illeso;0;;Non accertato;Inesploso
3868471;9;11/06/2018 18:10:00;Strada Urbana;PIAZZA RAGUSA;in prossimit�;;del civico n.;39;;Scontro frontale/laterale SX fra veicoli in marcia;Rettilineo;Una carreggiata a senso unico di marcia;Asciutto;Asfaltata;Verticale ed orizzontale;Sereno;Normale;Buona;Ore Diurne;0;0;0;4;12,52323;41,88127;-1;1;Autovettura privata;In marcia / fermata / arresto;Conducente;M;Illeso;0;;Non accertato;Inesploso
3868471;9;11/06/2018 18:10:00;Strada Urbana;PIAZZA RAGUSA;in prossimit�;;del civico n.;39;;Scontro frontale/laterale SX fra veicoli in marcia;Rettilineo;Una carreggiata a senso unico di marcia;Asciutto;Asfaltata;Verticale ed orizzontale;Sereno;Normale;Buona;Ore Diurne;0;0;0;4;12,52323;41,88127;-1;2;Autovettura privata;In marcia / fermata / arresto;Conducente;F;Illeso;0;;Non accertato;Inesploso
3868471;9;11/06/2018 18:10:00;Strada Urbana;PIAZZA RAGUSA;in prossimit�;;del civico n.;39;;Scontro frontale/laterale SX fra veicoli in marcia;Rettilineo;Una carreggiata a senso unico di marcia;Asciutto;Asfaltata;Verticale ed orizzontale;Sereno;Normale;Buona;Ore Diurne;0;0;0;4;12,52323;41,88127;-1;2;Autovettura privata;In marcia / fermata / arresto;Passeggero;F;Illeso;0;;Utilizzato;Inesploso
3868471;9;11/06/2018 18:10:00;Strada Urbana;PIAZZA RAGUSA;in prossimit�;;del civico n.;39;;Scontro frontale/laterale SX fra veicoli in marcia;Rettilineo;Una carreggiata a senso unico di marcia;Asciutto;Asfaltata;Verticale ed orizzontale;Sereno;Normale;Buona;Ore Diurne;0;0;0;4;12,52323;41,88127;-1;2;Autovettura privata;In marcia / fermata / arresto;Passeggero;F;Illeso;0;;Utilizzato;Inesploso
3868483;6;11/06/2018 18:10:00;Strada Urbana;VIA SESTIO MENAS;in prossimit�;;del civico n.;34;;Scontro frontale/laterale SX fra veicoli in marcia;Rettilineo;Una carreggiata a doppio senso;Asciutto;Asfaltata;Assente;Sereno;Normale;Buona;Ore Diurne;0;0;0;2;12,55264;41,86604;-1;1;Autovettura privata;In marcia / fermata / arresto;Conducente;F;Illeso;0;;Non accertato;Inesploso
3868483;6;11/06/2018 18:10:00;Strada Urbana;VIA SESTIO MENAS;in prossimit�;;del civico n.;34;;Scontro frontale/laterale SX fra veicoli in marcia;Rettilineo;Una carreggiata a doppio senso;Asciutto;Asfaltata;Assente;Sereno;Normale;Buona;Ore Diurne;0;0;0;2;12,55264;41,86604;-1;2;Autovettura privata;In marcia / fermata / arresto;Conducente;M;Illeso;0;;Non accertato;Inesploso
3868506;15;11/06/2018 16:30:00;Strada Urbana;VIA LEONARDO GREPPI;in corrispondenza;;del civico n.;53;;Veicolo in marcia contro veicolo in sosta;Rettilineo;Una carreggiata a doppio senso;Asciutto;Asfaltata;Orizzontale;Sereno;Normale;Buona;Ore Diurne;0;0;0;1;12,45988;41,86297;-1;1;Autovettura privata;In marcia / fermata / arresto;Conducente;F;Illeso;0;;Utilizzato;
3868838;9;11/06/2018 07:20:00;Strada Urbana;PIAZZA DI PONTE LUNGO;in prossimit�;;del civico n.;27;;Investimento di pedone;Rettilineo;Una carreggiata a senso unico di marcia;Asciutto;Asfaltata;Verticale ed orizzontale;Sereno;Normale;Buona;Ore Diurne;2;0;0;1;12,51861;41,87793;-1;;;;Pedone;M;Rimandato;0;NON DECEDUTO;;
3868838;9;11/06/2018 07:20:00;Strada Urbana;PIAZZA DI PONTE LUNGO;in prossimit�;;del civico n.;27;;Investimento di pedone;Rettilineo;Una carreggiata a senso unico di marcia;Asciutto;Asfaltata;Verticale ed orizzontale;Sereno;Normale;Buona;Ore Diurne;2;0;0;1;12,51861;41,87793;-1;;;;Pedone;F;Rimandato;0;NON DECEDUTO;;
3868838;9;11/06/2018 07:20:00;Strada Urbana;PIAZZA DI PONTE LUNGO;in prossimit�;;del civico n.;27;;Investimento di pedone;Rettilineo;Una carreggiata a senso unico di marcia;Asciutto;Asfaltata;Verticale ed orizzontale;Sereno;Normale;Buona;Ore Diurne;2;0;0;1;12,51861;41,87793;-1;1;Autovettura privata;In marcia / fermata / arresto;Conducente;M;Illeso;0;;Non accertato;Inesploso
3868866;8;11/06/2018 12:20:00;Strada Urbana;VIA CASILINA;all'intersezione con;VIA DI TOR BELLA MONACA;VIA DI TOR BELLA MONACA;;;Scontro frontale/laterale DX fra veicoli in marcia;Incrocio;Una carreggiata a senso unico di marcia;Asciutto;Asfaltata;Verticale ed orizzontale;Sereno;Intenso;Sufficiente;Ore Diurne;1;0;0;1;12,62713;41,86324;-1;1;Autovettura privata;In marcia / fermata / arresto;Conducente;F;Illeso;0;;;
3868866;8;11/06/2018 12:20:00;Strada Urbana;VIA CASILINA;all'intersezione con;VIA DI TOR BELLA MONACA;VIA DI TOR BELLA MONACA;;;Scontro frontale/laterale DX fra veicoli in marcia;Incrocio;Una carreggiata a senso unico di marcia;Asciutto;Asfaltata;Verticale ed orizzontale;Sereno;Intenso;Sufficiente;Ore Diurne;1;0;0;1;12,62713;41,86324;-1;2;Motociclo a solo;In marcia / fermata / arresto;Conducente;M;Rimandato;0;NON DECEDUTO;Non accertato;
3868873;8;11/06/2018 12:15:00;Strada Urbana;VIA POLENSE;all'intersezione con;VIA DI S. VITTORINO;VIA DI S. VITTORINO;;;Scontro frontale/laterale DX fra veicoli in marcia;Incrocio;Una carreggiata a doppio senso;Asciutto;Asfaltata;Verticale ed orizzontale;Sereno;Scarso;Buona;Ore Diurne;0;0;0;2;12,71249;41,90579;-1;1;Autovettura privata;In marcia / fermata / arresto;Conducente;M;Illeso;0;;Non accertato;
3868873;8;11/06/2018 12:15:00;Strada Urbana;VIA POLENSE;all'intersezione con;VIA DI S. VITTORINO;VIA DI S. VITTORINO;;;Scontro frontale/laterale DX fra veicoli in marcia;Incrocio;Una carreggiata a doppio senso;Asciutto;Asfaltata;Verticale ed orizzontale;Sereno;Scarso;Buona;Ore Diurne;0;0;0;2;12,71249;41,90579;-1;2;Autovettura privata;In marcia / fermata / arresto;Conducente;F;Illeso;0;;Non accertato;
3868879;8;11/06/2018 09:45:00;Strada Urbana;VIA DI ROCCA CENCIA;in corrispondenza;;del civico n.;273;;Scontro frontale/laterale DX fra veicoli in marcia;Rettilineo;Una carreggiata a doppio senso;Asciutto;Asfaltata;Verticale ed orizzontale;Sereno;Normale;Buona;Ore Diurne;3;0;0;1;12,69375;41,88634;0;1;Autovettura privata;In marcia / fermata / arresto;Conducente;M;Illeso;0;;;
3868879;8;11/06/2018 09:45:00;Strada Urbana;VIA DI ROCCA CENCIA;in corrispondenza;;del civico n.;273;;Scontro frontale/laterale DX fra veicoli in marcia;Rettilineo;Una carreggiata a doppio senso;Asciutto;Asfaltata;Verticale ed orizzontale;Sereno;Normale;Buona;Ore Diurne;3;0;0;1;12,69375;41,88634;0;2;Autovettura privata;In marcia / fermata / arresto;Conducente;F;Ricoverato;0;NON DECEDUTO;;
3868879;8;11/06/2018 09:45:00;Strada Urbana;VIA DI ROCCA CENCIA;in corrispondenza;;del civico n.;273;;Scontro frontale/laterale DX fra veicoli in marcia;Rettilineo;Una carreggiata a doppio senso;Asciutto;Asfaltata;Verticale ed orizzontale;Sereno;Normale;Buona;Ore Diurne;3;0;0;1;12,69375;41,88634;0;3;Autovettura privata;In marcia / fermata / arresto;Conducente;M;Ricoverato;0;NON DECEDUTO;;
3868879;8;11/06/2018 09:45:00;Strada Urbana;VIA DI ROCCA CENCIA;in corrispondenza;;del civico n.;273;;Scontro frontale/laterale DX fra veicoli in marcia;Rettilineo;Una carreggiata a doppio senso;Asciutto;Asfaltata;Verticale ed orizzontale;Sereno;Normale;Buona;Ore Diurne;3;0;0;1;12,69375;41,88634;0;3;Autovettura privata;In marcia / fermata / arresto;Passeggero;F;Ricoverato;0;NON DECEDUTO;;
3868897;13;11/06/2018 08:30:00;Strada Urbana;VIA PINDARO;da specificare;;;;altezza civ. 34/B area parcheggio;Scontro laterale fra veicoli in marcia;Rettilineo;Una carreggiata a senso unico di marcia;Asciutto;Asfaltata;Orizzontale;Sereno;Normale;Sufficiente;Ore Diurne;0;0;0;3;12,36768;41,75638;-1;1;Autovettura privata;In marcia / fermata / arresto;Conducente;M;Illeso;0;;;
3868897;13;11/06/2018 08:30:00;Strada Urbana;VIA PINDARO;da specificare;;;;altezza civ. 34/B area parcheggio;Scontro laterale fra veicoli in marcia;Rettilineo;Una carreggiata a senso unico di marcia;Asciutto;Asfaltata;Orizzontale;Sereno;Normale;Sufficiente;Ore Diurne;0;0;0;3;12,36768;41,75638;-1;1;Autovettura privata;In marcia / fermata / arresto;Passeggero;F;Illeso;0;;;Inesploso
3868897;13;11/06/2018 08:30:00;Strada Urbana;VIA PINDARO;da specificare;;;;altezza civ. 34/B area parcheggio;Scontro laterale fra veicoli in marcia;Rettilineo;Una carreggiata a senso unico di marcia;Asciutto;Asfaltata;Orizzontale;Sereno;Normale;Sufficiente;Ore Diurne;0;0;0;3;12,36768;41,75638;-1;2;Autovettura privata;In marcia / fermata / arresto;Conducente;M;Illeso;0;;;
3868898;8;11/06/2018 07:00:00;Strada Urbana;VIALE DUILIO CAMBELLOTTI;da specificare;;;;100 mt. prima bivio X Casilina Centro sottopasso;Veicolo in marcia contro ostacolo accidentale;Curva a visuale libera;Una carreggiata a senso unico di marcia;Asciutto;Asfaltata;Verticale ed orizzontale;Sereno;Normale;Buona;Ore Diurne;1;0;0;0;12,62963;41,86736;-1;1;Motociclo a solo;In marcia / fermata / arresto;Conducente;M;Rimandato;0;NON DECEDUTO;Non accertato;
3868900;13;11/06/2018 12:45:00;Strada Urbana;VIA DELLE CASE BASSE;all'intersezione con;CLIVO DELLE CASE BASSE;CLIVO DELLE CASE BASSE;;;Scontro frontale/laterale SX fra veicoli in marcia;Incrocio;Una carreggiata a doppio senso;Asciutto;Asfaltata;Assente;Sereno;Normale;Buona;Ore Diurne;1;0;0;2;12,3676;41,79046;-1;1;Autovettura privata;In marcia / fermata / arresto;Conducente;M;Rimandato;0;NON DECEDUTO;Non accertato;Esploso
3868900;13;11/06/2018 12:45:00;Strada Urbana;VIA DELLE CASE BASSE;all'intersezione con;CLIVO DELLE CASE BASSE;CLIVO DELLE CASE BASSE;;;Scontro frontale/laterale SX fra veicoli in marcia;Incrocio;Una carreggiata a doppio senso;Asciutto;Asfaltata;Assente;Sereno;Normale;Buona;Ore Diurne;1;0;0;2;12,3676;41,79046;-1;1;Autovettura privata;In marcia / fermata / arresto;Passeggero;F;Illeso;0;;Non accertato;Inesploso
3868900;13;11/06/2018 12:45:00;Strada Urbana;VIA DELLE CASE BASSE;all'intersezione con;CLIVO DELLE CASE BASSE;CLIVO DELLE CASE BASSE;;;Scontro frontale/laterale SX fra veicoli in marcia;Incrocio;Una carreggiata a doppio senso;Asciutto;Asfaltata;Assente;Sereno;Normale;Buona;Ore Diurne;1;0;0;2;12,3676;41,79046;-1;2;Autovettura privata;In marcia / fermata / arresto;Conducente;M;Illeso;0;;Non accertato;Inesploso
3868904;11;11/06/2018 15:20:00;Strada Urbana;VIALE GUGLIELMO MARCONI;da specificare;;;;fr.civ.646 dir. Centro (al taglio del marciapiede);Scontro frontale/laterale DX fra veicoli in marcia;Rettilineo;Due carreggiate;Asciutto;Asfaltata;Orizzontale;Sereno;Normale;Buona;Ore Diurne;0;0;0;4;12,47151;41,85667;-1;1;Autovettura privata;In marcia / fermata / arresto;Conducente;M;Illeso;0;;Non accertato;
3868904;11;11/06/2018 15:20:00;Strada Urbana;VIALE GUGLIELMO MARCONI;da specificare;;;;fr.civ.646 dir. Centro (al taglio del marciapiede);Scontro frontale/laterale DX fra veicoli in marcia;Rettilineo;Due carreggiate;Asciutto;Asfaltata;Orizzontale;Sereno;Normale;Buona;Ore Diurne;0;0;0;4;12,47151;41,85667;-1;1;Autovettura privata;In marcia / fermata / arresto;Passeggero;M;Illeso;0;;Non accertato;
3868904;11;11/06/2018 15:20:00;Strada Urbana;VIALE GUGLIELMO MARCONI;da specificare;;;;fr.civ.646 dir. Centro (al taglio del marciapiede);Scontro frontale/laterale DX fra veicoli in marcia;Rettilineo;Due carreggiate;Asciutto;Asfaltata;Orizzontale;Sereno;Normale;Buona;Ore Diurne;0;0;0;4;12,47151;41,85667;-1;2;Autovettura privata;In marcia / fermata / arresto;Conducente;M;Illeso;0;;Non accertato;
3868904;11;11/06/2018 15:20:00;Strada Urbana;VIALE GUGLIELMO MARCONI;da specificare;;;;fr.civ.646 dir. Centro (al taglio del marciapiede);Scontro frontale/laterale DX fra veicoli in marcia;Rettilineo;Due carreggiate;Asciutto;Asfaltata;Orizzontale;Sereno;Normale;Buona;Ore Diurne;0;0;0;4;12,47151;41,85667;-1;2;Autovettura privata;In marcia / fermata / arresto;Passeggero;F;Illeso;0;;Non accertato;
3868926;20;11/06/2018 19:00:00;Strada Urbana;VIA CASSIA;in prossimit�;;del civico n.;260;;Scontro laterale fra veicoli in marcia;Rettilineo;Una carreggiata a doppio senso;Asciutto;Asfaltata;Verticale ed orizzontale;Sereno;Normale;Buona;Ore Diurne;1;0;0;1;12461;41,95032;-1;1;Motociclo a solo;In marcia / fermata / arresto;Conducente;M;Rimandato;0;NON DECEDUTO;;
3868926;20;11/06/2018 19:00:00;Strada Urbana;VIA CASSIA;in prossimit�;;del civico n.;260;;Scontro laterale fra veicoli in marcia;Rettilineo;Una carreggiata a doppio senso;Asciutto;Asfaltata;Verticale ed orizzontale;Sereno;Normale;Buona;Ore Diurne;1;0;0;1;12461;41,95032;-1;2;Motociclo a solo;In marcia / fermata / arresto;Conducente;M;Illeso;0;;;
3868929;13;11/06/2018 13:15:00;;VIA DI TOR BOACCIANA;da specificare;;;;m.100 prima di via del Ponte di Tor Boacciana;Tamponamento;;;;;;;;;;0;0;0;2;12,28973;41,75134;0;1;Autovettura privata;In marcia / fermata / arresto;Conducente;F;Illeso;0;;Non accertato;Inesploso
3868929;13;11/06/2018 13:15:00;;VIA DI TOR BOACCIANA;da specificare;;;;m.100 prima di via del Ponte di Tor Boacciana;Tamponamento;;;;;;;;;;0;0;0;2;12,28973;41,75134;0;2;Autovettura privata;In marcia / fermata / arresto;Conducente;M;Illeso;0;;Non accertato;Inesploso
3868933;20;11/06/2018 15:25:00;Strada Urbana;VIA GIUSTINO FORTUNATO;in prossimit�;;del civico n.;64;;Tamponamento;Curva senza visuale libera;Una carreggiata a senso unico di marcia;Asciutto;Asfaltata;Assente;Sereno;Scarso;Buona;Ore Diurne;0;0;0;2;12,46568;41,94506;-1;1;Autovettura privata;In marcia / fermata / arresto;Conducente;M;Illeso;0;;;
3868933;20;11/06/2018 15:25:00;Strada Urbana;VIA GIUSTINO FORTUNATO;in prossimit�;;del civico n.;64;;Tamponamento;Curva senza visuale libera;Una carreggiata a senso unico di marcia;Asciutto;Asfaltata;Assente;Sereno;Scarso;Buona;Ore Diurne;0;0;0;2;12,46568;41,94506;-1;2;Autovettura privata;In marcia / fermata / arresto;Conducente;M;Illeso;0;;;
3868935;9;11/06/2018 10:40:00;Strada Urbana;VIA TERNI;in corrispondenza;;del civico n.;25;;Scontro frontale/laterale DX fra veicoli in marcia;Rettilineo;Una carreggiata a doppio senso;Asciutto;Asfaltata;Orizzontale;Sereno;Scarso;Buona;Ore Diurne;1;0;0;2;12,51827;41,88505;-1;1;Autovettura privata;In marcia / fermata / arresto;Conducente;M;Illeso;0;;Non accertato;Inesploso
3868935;9;11/06/2018 10:40:00;Strada Urbana;VIA TERNI;in corrispondenza;;del civico n.;25;;Scontro frontale/laterale DX fra veicoli in marcia;Rettilineo;Una carreggiata a doppio senso;Asciutto;Asfaltata;Orizzontale;Sereno;Scarso;Buona;Ore Diurne;1;0;0;2;12,51827;41,88505;-1;1;Autovettura privata;In marcia / fermata / arresto;Passeggero;F;Illeso;0;;Non accertato;Inesploso
3868935;9;11/06/2018 10:40:00;Strada Urbana;VIA TERNI;in corrispondenza;;del civico n.;25;;Scontro frontale/laterale DX fra veicoli in marcia;Rettilineo;Una carreggiata a doppio senso;Asciutto;Asfaltata;Orizzontale;Sereno;Scarso;Buona;Ore Diurne;1;0;0;2;12,51827;41,88505;-1;2;Motociclo a solo;In marcia / fermata / arresto;Conducente;M;Rimandato;0;NON DECEDUTO;Non accertato;
3868943;6;11/06/2018 20:15:00;Strada Urbana;VIA TOR DE' SCHIAVI;all'intersezione con;VIA DELLE PALME;VIA DELLE PALME;;;Infortunio per caduta del veicolo;Incrocio;Due carreggiate;Asciutto;Asfaltata;Verticale ed orizzontale;Sereno;Normale;Buona;Ore Diurne;1;0;0;0;12,56278;41,88494;-1;1;Motociclo a solo;In marcia / fermata / arresto;Conducente;M;Ricoverato;0;NON DECEDUTO;Non accertato;
3868946;11;11/06/2018 08:40:00;Strada Urbana;PIAZZA DEL GAZOMETRO;all'intersezione con;VIA OSTIENSE;VIA OSTIENSE;;;Scontro frontale/laterale SX fra veicoli in marcia;Intersezione semaforizzata;Pi� di due carreggiate;Asciutto;Asfaltata;Verticale ed orizzontale;Sereno;Normale;Buona;Ore Diurne;0;0;0;2;12,47966;41,87;-1;1;Autovettura privata;In marcia / fermata / arresto;Conducente;F;Illeso;0;;;
3868946;11;11/06/2018 08:40:00;Strada Urbana;PIAZZA DEL GAZOMETRO;all'intersezione con;VIA OSTIENSE;VIA OSTIENSE;;;Scontro frontale/laterale SX fra veicoli in marcia;Intersezione semaforizzata;Pi� di due carreggiate;Asciutto;Asfaltata;Verticale ed orizzontale;Sereno;Normale;Buona;Ore Diurne;0;0;0;2;12,47966;41,87;-1;2;Autovettura pubblica;In marcia / fermata / arresto;Conducente;M;Illeso;0;;;
3868949;17;11/06/2018 09:30:00;Strada Urbana;VIALE VATICANO;in corrispondenza;;del civico n.;102;;Tamponamento;Rettilineo;Una carreggiata a doppio senso;Asciutto;Asfaltata;Verticale ed orizzontale;Sereno;Intenso;Buona;Ore Diurne;0;0;0;3;12,45349;41,9071;-1;1;Autovettura privata;In marcia / fermata / arresto;Conducente;M;Illeso;0;;;
3868949;17;11/06/2018 09:30:00;Strada Urbana;VIALE VATICANO;in corrispondenza;;del civico n.;102;;Tamponamento;Rettilineo;Una carreggiata a doppio senso;Asciutto;Asfaltata;Verticale ed orizzontale;Sereno;Intenso;Buona;Ore Diurne;0;0;0;3;12,45349;41,9071;-1;2;Autovettura privata;In marcia / fermata / arresto;Conducente;F;Illeso;0;;;
3868949;17;11/06/2018 09:30:00;Strada Urbana;VIALE VATICANO;in corrispondenza;;del civico n.;102;;Tamponamento;Rettilineo;Una carreggiata a doppio senso;Asciutto;Asfaltata;Verticale ed orizzontale;Sereno;Intenso;Buona;Ore Diurne;0;0;0;3;12,45349;41,9071;-1;2;Autovettura privata;In marcia / fermata / arresto;Passeggero;M;Illeso;0;;;
3868950;6;12/06/2018 01:00:00;Strada Urbana;VIA CASILINA;da specificare;;;;fronte civico 3;Investimento di pedone;Rettilineo;Due carreggiate;Asciutto;Asfaltata;Verticale ed orizzontale;Sereno;Scarso;Insufficiente;Insufficiente;3;0;0;0;12517;41,89073;-1;;;;Pedone;M;Rimandato;0;NON DECEDUTO;;
3868950;6;12/06/2018 01:00:00;Strada Urbana;VIA CASILINA;da specificare;;;;fronte civico 3;Investimento di pedone;Rettilineo;Due carreggiate;Asciutto;Asfaltata;Verticale ed orizzontale;Sereno;Scarso;Insufficiente;Insufficiente;3;0;0;0;12517;41,89073;-1;1;Motociclo con passeggero;In marcia / fermata / arresto;Conducente;M;Rifiuta cure immediate;0;NON DECEDUTO;;
3868950;6;12/06/2018 01:00:00;Strada Urbana;VIA CASILINA;da specificare;;;;fronte civico 3;Investimento di pedone;Rettilineo;Due carreggiate;Asciutto;Asfaltata;Verticale ed orizzontale;Sereno;Scarso;Insufficiente;Insufficiente;3;0;0;0;12517;41,89073;-1;1;Motociclo con passeggero;In marcia / fermata / arresto;Passeggero;M;Ricoverato;0;NON DECEDUTO;;
3868952;13;11/06/2018 08:30:00;Strada Urbana;VIA DEI VELIERI;all'intersezione con;VIA DELLE GONDOLE;VIA DELLE GONDOLE;;;Scontro frontale/laterale SX fra veicoli in marcia;Incrocio;Due carreggiate;Asciutto;Asfaltata;Verticale ed orizzontale;Sereno;Normale;Buona;Ore Diurne;1;0;0;1;12,27568;41,73646;-1;1;Autovettura privata;In marcia / fermata / arresto;Conducente;M;Rimandato;0;NON DECEDUTO;Non accertato;Inesploso
3868952;13;11/06/2018 08:30:00;Strada Urbana;VIA DEI VELIERI;all'intersezione con;VIA DELLE GONDOLE;VIA DELLE GONDOLE;;;Scontro frontale/laterale SX fra veicoli in marcia;Incrocio;Due carreggiate;Asciutto;Asfaltata;Verticale ed orizzontale;Sereno;Normale;Buona;Ore Diurne;1;0;0;1;12,27568;41,73646;-1;2;Autovettura privata;In marcia / fermata / arresto;Conducente;M;Illeso;0;;Non accertato;Inesploso
3868957;5;11/06/2018 10:45:00;Strada Urbana;VIA FILIPPO FIORENTINI;in prossimit�;;del civico n.;7;;Scontro laterale fra veicoli in marcia;Rettilineo;Due carreggiate;Asciutto;Asfaltata;Verticale ed orizzontale;Sereno;Normale;Buona;Ore Diurne;0;0;0;3;12,5556;41,90968;-1;1;Autovettura privata;In marcia / fermata / arresto;Conducente;M;Illeso;0;;Non accertato;
3868957;5;11/06/2018 10:45:00;Strada Urbana;VIA FILIPPO FIORENTINI;in prossimit�;;del civico n.;7;;Scontro laterale fra veicoli in marcia;Rettilineo;Due carreggiate;Asciutto;Asfaltata;Verticale ed orizzontale;Sereno;Normale;Buona;Ore Diurne;0;0;0;3;12,5556;41,90968;-1;1;Autovettura privata;In marcia / fermata / arresto;Passeggero;F;Illeso;0;;Non accertato;