Protocollo;Gruppo;DataOraIncidente;Localizzazione1;STRADA1;Localizzazione2;STRADA2;Strada02;Chilometrica;DaSpecificare;NaturaIncidente;particolaritastrade;TipoStrada;FondoStradale;Pavimentazione;Segnaletica;CondizioneAtmosferica;Traffico;Visibilita;Illuminazione;NUM_FERITI;NUM_RISERVATA;NUM_MORTI;NUM_ILLESI;Longitudine;Latitudine;Confermato;Progressivo;TipoVeicolo;StatoVeicolo;TipoPersona;Sesso;Tipolesione;Deceduto;DecedutoDopo;CinturaCascoUtilizzato;Airbag
3871630;8;12/06/2018 07:50:00;Provinciale entro l'abitato;VIA POLENSE;in corrispondenza;;del civico n.;1780;;Scontro frontale fra veicoli in marcia;Rettilineo;Una carreggiata a doppio senso;Asciutto;Asfaltata;Verticale;Sereno;Intenso;Buona;Ore Diurne;1;0;0;1;12,69324;41,88968;-1;1;Autovettura privata;In marcia / fermata / arresto;Conducente;F;Illeso;0;;Non accertato;
3871630;8;12/06/2018 07:50:00;Provinciale entro l'abitato;VIA POLENSE;in corrispondenza;;del civico n.;1780;;Scontro frontale fra veicoli in marcia;Rettilineo;Una carreggiata a doppio senso;Asciutto;Asfaltata;Verticale;Sereno;Intenso;Buona;Ore Diurne;1;0;0;1;12,69324;41,88968;-1;2;Velocipede;In marcia / fermata / arresto;Conducente;M;Rimandato;0;NON DECEDUTO;Esente;
3871661;20;13/06/2018 14:00:00;Strada Urbana;VIALE DELLO STADIO OLIMPICO;in corrispondenza;;del palo luce n.;13;;Veicolo in marcia contro ostacolo fisso;Curva senza visuale libera;Una carreggiata a senso unico di marcia;Asciutto;Asfaltata;Verticale ed orizzontale;Sereno;Intenso;Buona;Ore Diurne;1;0;0;0;12,45417;41,9299;-1;1;Autovettura privata;In marcia / fermata / arresto;Conducente;M;Rimandato;0;NON DECEDUTO;Non accertato;Inesploso
3871694;1;13/06/2018 08:45:00;Strada Urbana;LUNGOTEVERE DEI TEBALDI;in prossimit�;;del palo luce n.;2;;Tamponamento;Rettilineo;Una carreggiata a senso unico di marcia;Asciutto;Asfaltata;Verticale ed orizzontale;Nuvoloso;Normale;Buona;Ore Diurne;0;0;0;2;12,4689;41,8946;-1;1;Autovettura di polizia;In marcia / fermata / arresto;Conducente;M;Illeso;0;;Non accertato;
3871694;1;13/06/2018 08:45:00;Strada Urbana;LUNGOTEVERE DEI TEBALDI;in prossimit�;;del palo luce n.;2;;Tamponamento;Rettilineo;Una carreggiata a senso unico di marcia;Asciutto;Asfaltata;Verticale ed orizzontale;Nuvoloso;Normale;Buona;Ore Diurne;0;0;0;2;12,4689;41,8946;-1;2;Autovettura privata;In marcia / fermata / arresto;Conducente;M;Illeso;0;;Non accertato;
3871706;12;13/06/2018 01:15:00;Strada Urbana;PIAZZA GUGLIELMO MARCONI;da specificare;;;;pross. C. Colombo;Scontro laterale fra veicoli in marcia;Rotatoria;Pi� di due carreggiate;Asciutto;Asfaltata;Verticale ed orizzontale;Sereno;Scarso;Buona;Sufficiente;0;0;0;3;12,47078;41,83396;-1;1;Autovettura privata;In marcia / fermata / arresto;Conducente;M;Illeso;0;;;
3871706;12;13/06/2018 01:15:00;Strada Urbana;PIAZZA GUGLIELMO MARCONI;da specificare;;;;pross. C. Colombo;Scontro laterale fra veicoli in marcia;Rotatoria;Pi� di due carreggiate;Asciutto;Asfaltata;Verticale ed orizzontale;Sereno;Scarso;Buona;Sufficiente;0;0;0;3;12,47078;41,83396;-1;2;Autovettura privata;In marcia / fermata / arresto;Conducente;F;Illeso;0;;;
3871706;12;13/06/2018 01:15:00;Strada Urbana;PIAZZA GUGLIELMO MARCONI;da specificare;;;;pross. C. Colombo;Scontro laterale fra veicoli in marcia;Rotatoria;Pi� di due carreggiate;Asciutto;Asfaltata;Verticale ed orizzontale;Sereno;Scarso;Buona;Sufficiente;0;0;0;3;12,47078;41,83396;-1;2;Autovettura privata;In marcia / fermata / arresto;Passeggero;M;Illeso;0;;;
3871720;1;13/06/2018 10:45:00;Strada Urbana;VIA GIOVANNI GIOLITTI;in corrispondenza;;del civico n.;347;;Investimento di pedone;Rettilineo;Una carreggiata a senso unico di marcia;Asciutto;Asfaltata;Verticale ed orizzontale;Sereno;Normale;Buona;Ore Diurne;3;0;0;0;;;0;;;;Pedone;M;Rimandato;0;NON DECEDUTO;;
3871720;1;13/06/2018 10:45:00;Strada Urbana;VIA GIOVANNI GIOLITTI;in corrispondenza;;del civico n.;347;;Investimento di pedone;Rettilineo;Una carreggiata a senso unico di marcia;Asciutto;Asfaltata;Verticale ed orizzontale;Sereno;Normale;Buona;Ore Diurne;3;0;0;0;;;0;;;;Pedone;F;Rimandato;0;NON DECEDUTO;;
3871720;1;13/06/2018 10:45:00;Strada Urbana;VIA GIOVANNI GIOLITTI;in corrispondenza;;del civico n.;347;;Investimento di pedone;Rettilineo;Una carreggiata a senso unico di marcia;Asciutto;Asfaltata;Verticale ed orizzontale;Sereno;Normale;Buona;Ore Diurne;3;0;0;0;;;0;1;Ciclomotore;In marcia / fermata / arresto;Conducente;M;Rimandato;0;NON DECEDUTO;;
3871745;1;13/06/2018 07:20:00;Strada Urbana;LUNGOTEVERE ARNALDO DA BRESCIA;all'intersezione con;VIA FERDINANDO DI SAVOIA;VIA FERDINANDO DI SAVOIA;;;Scontro laterale fra veicoli in marcia;Incrocio;Una carreggiata a senso unico di marcia;Asciutto;Asfaltata;Verticale ed orizzontale;Sereno;Normale;Sufficiente;Ore Diurne;0;0;0;2;12,47348;41,91002;-1;1;Autovettura privata;In marcia / fermata / arresto;Conducente;F;Illeso;0;;Non accertato;Inesploso
3871745;1;13/06/2018 07:20:00;Strada Urbana;LUNGOTEVERE ARNALDO DA BRESCIA;all'intersezione con;VIA FERDINANDO DI SAVOIA;VIA FERDINANDO DI SAVOIA;;;Scontro laterale fra veicoli in marcia;Incrocio;Una carreggiata a senso unico di marcia;Asciutto;Asfaltata;Verticale ed orizzontale;Sereno;Normale;Sufficiente;Ore Diurne;0;0;0;2;12,47348;41,91002;-1;2;Autovettura privata;In marcia / fermata / arresto;Conducente;M;Illeso;0;;Non accertato;Inesploso
3871791;1;13/06/2018;Strada Urbana;PIAZZA DELLA BOCCA DELLA VERITA';all'intersezione semaforizzata con;VIA DELLA GRECA;VIA DELLA GRECA;;;Tamponamento;Intersezione semaforizzata;Una carreggiata a doppio senso;Asciutto;Asfaltata;Verticale ed orizzontale;Sereno;Normale;Sufficiente;Sufficiente;0;0;0;2;;;0;1;Autovettura privata;In marcia / fermata / arresto;Conducente;M;Illeso;0;;Non accertato;
3871791;1;13/06/2018;Strada Urbana;PIAZZA DELLA BOCCA DELLA VERITA';all'intersezione semaforizzata con;VIA DELLA GRECA;VIA DELLA GRECA;;;Tamponamento;Intersezione semaforizzata;Una carreggiata a doppio senso;Asciutto;Asfaltata;Verticale ed orizzontale;Sereno;Normale;Sufficiente;Sufficiente;0;0;0;2;;;0;2;Autovettura pubblica;In marcia / fermata / arresto;Conducente;M;Illeso;0;;Non accertato;
3871827;1;12/06/2018 18:10:00;Strada Urbana;VIA VITTORIO VENETO;all'intersezione semaforizzata con;VIA BONCOMPAGNI;VIA BONCOMPAGNI;;;Veicolo in marcia contro veicolo arresto;Intersezione semaforizzata;Una carreggiata a doppio senso;Asciutto;Asfaltata;Verticale ed orizzontale;Sereno;Normale;Sufficiente;Ore Diurne;0;0;0;2;12,48954;41,90612;-1;1;Autovettura di polizia;In marcia / fermata / arresto;Conducente;M;Illeso;0;;Non accertato;Inesploso
3871827;1;12/06/2018 18:10:00;Strada Urbana;VIA VITTORIO VENETO;all'intersezione semaforizzata con;VIA BONCOMPAGNI;VIA BONCOMPAGNI;;;Veicolo in marcia contro veicolo arresto;Intersezione semaforizzata;Una carreggiata a doppio senso;Asciutto;Asfaltata;Verticale ed orizzontale;Sereno;Normale;Sufficiente;Ore Diurne;0;0;0;2;12,48954;41,90612;-1;2;Autobus urbano;In marcia / fermata / arresto;Conducente;F;Illeso;0;;Non accertato;
3871838;15;13/06/2018 07:55:00;Strada Urbana;VIA DELLA CASETTA MATTEI;all'intersezione semaforizzata con;VIA POGGIO VERDE;VIA POGGIO VERDE;;;Scontro laterale fra veicoli in marcia;Intersezione semaforizzata;Una carreggiata a doppio senso;Asciutto;Asfaltata;Verticale ed orizzontale;Sereno;Normale;Buona;Ore Diurne;0;0;0;3;12,41959;41,85788;-1;1;Autobus di linea;In marcia / fermata / arresto;Conducente;M;Illeso;0;;Utilizzato;
3871838;15;13/06/2018 07:55:00;Strada Urbana;VIA DELLA CASETTA MATTEI;all'intersezione semaforizzata con;VIA POGGIO VERDE;VIA POGGIO VERDE;;;Scontro laterale fra veicoli in marcia;Intersezione semaforizzata;Una carreggiata a doppio senso;Asciutto;Asfaltata;Verticale ed orizzontale;Sereno;Normale;Buona;Ore Diurne;0;0;0;3;12,41959;41,85788;-1;2;Autovettura privata;In marcia / fermata / arresto;Conducente;F;Illeso;0;;Utilizzato;
3871838;15;13/06/2018 07:55:00;Strada Urbana;VIA DELLA CASETTA MATTEI;all'intersezione semaforizzata con;VIA POGGIO VERDE;VIA POGGIO VERDE;;;Scontro laterale fra veicoli in marcia;Intersezione semaforizzata;Una carreggiata a doppio senso;Asciutto;Asfaltata;Verticale ed orizzontale;Sereno;Normale;Buona;Ore Diurne;0;0;0;3;12,41959;41,85788;-1;2;Autovettura privata;In marcia / fermata / arresto;Passeggero;F;Illeso;0;;Utilizzato;
3871852;15;13/06/2018 07:30:00;Strada Urbana;VIA PORTUENSE;all'intersezione semaforizzata con;VIA DELLA FANELLA;VIA DELLA FANELLA;;;Scontro laterale fra veicoli in marcia;Intersezione semaforizzata;Una carreggiata a doppio senso;Asciutto;Asfaltata;Verticale;Sereno;Intenso;Buona;Ore Diurne;0;0;0;4;12,41402;41,84696;-1;1;Autovettura privata;In marcia / fermata / arresto;Conducente;M;Illeso;0;;Utilizzato;
3871852;15;13/06/2018 07:30:00;Strada Urbana;VIA PORTUENSE;all'intersezione semaforizzata con;VIA DELLA FANELLA;VIA DELLA FANELLA;;;Scontro laterale fra veicoli in marcia;Intersezione semaforizzata;Una carreggiata a doppio senso;Asciutto;Asfaltata;Verticale;Sereno;Intenso;Buona;Ore Diurne;0;0;0;4;12,41402;41,84696;-1;1;Autovettura privata;In marcia / fermata / arresto;Passeggero;M;Illeso;0;;Utilizzato;
3871852;15;13/06/2018 07:30:00;Strada Urbana;VIA PORTUENSE;all'intersezione semaforizzata con;VIA DELLA FANELLA;VIA DELLA FANELLA;;;Scontro laterale fra veicoli in marcia;Intersezione semaforizzata;Una carreggiata a doppio senso;Asciutto;Asfaltata;Verticale;Sereno;Intenso;Buona;Ore Diurne;0;0;0;4;12,41402;41,84696;-1;2;Autovettura privata;In marcia / fermata / arresto;Conducente;M;Illeso;0;;Utilizzato;
3871852;15;13/06/2018 07:30:00;Strada Urbana;VIA PORTUENSE;all'intersezione semaforizzata con;VIA DELLA FANELLA;VIA DELLA FANELLA;;;Scontro laterale fra veicoli in marcia;Intersezione semaforizzata;Una carreggiata a doppio senso;Asciutto;Asfaltata;Verticale;Sereno;Intenso;Buona;Ore Diurne;0;0;0;4;12,41402;41,84696;-1;2;Autovettura privata;In marcia / fermata / arresto;Passeggero;F;Illeso;0;;Utilizzato;
3871855;2;13/06/2018 12:40:00;;VIALE PARIOLI;in prossimit�;;del civico n.;93/G;;Tamponamento;;;;;;;;;;1;0;0;1;;;0;1;Autovettura pubblica;In marcia / fermata / arresto;Conducente;M;Illeso;0;;;
3871855;2;13/06/2018 12:40:00;;VIALE PARIOLI;in prossimit�;;del civico n.;93/G;;Tamponamento;;;;;;;;;;1;0;0;1;;;0;2;Motociclo a solo;In marcia / fermata / arresto;Conducente;F;Rifiuta cure immediate;0;NON DECEDUTO;;
3871866;2;13/06/2018 13:40:00;Strada Urbana;LUNGOTEVERE DELLE NAVI;da specificare;;;;prossimit� fronte civico 30;Scontro laterale fra veicoli in marcia;Rettilineo;Una carreggiata a senso unico di marcia;Asciutto;Asfaltata;Verticale ed orizzontale;Sereno;Normale;Buona;Ore Diurne;1;0;0;1;12,4716;41,91678;-1;1;Autovettura privata;In marcia / fermata / arresto;Conducente;M;Illeso;0;;Non accertato;Inesploso
3871866;2;13/06/2018 13:40:00;Strada Urbana;LUNGOTEVERE DELLE NAVI;da specificare;;;;prossimit� fronte civico 30;Scontro laterale fra veicoli in marcia;Rettilineo;Una carreggiata a senso unico di marcia;Asciutto;Asfaltata;Verticale ed orizzontale;Sereno;Normale;Buona;Ore Diurne;1;0;0;1;12,4716;41,91678;-1;2;Motociclo a solo;In marcia / fermata / arresto;Conducente;F;Rimandato;0;NON DECEDUTO;Non accertato;
3871869;18;13/06/2018 16:30:00;Strada Urbana;VIA DI CASAL SELCE;in corrispondenza;;del civico n.;383 n;;Investimento di pedone;Rettilineo;Una carreggiata a doppio senso;Asciutto;Asfaltata;Verticale ed orizzontale;Sereno;Normale;Buona;Ore Diurne;1;0;0;1;12,35162;41,91521;-1;;;;Pedone;F;Rimandato;0;NON DECEDUTO;;
3871869;18;13/06/2018 16:30:00;Strada Urbana;VIA DI CASAL SELCE;in corrispondenza;;del civico n.;383 n;;Investimento di pedone;Rettilineo;Una carreggiata a doppio senso;Asciutto;Asfaltata;Verticale ed orizzontale;Sereno;Normale;Buona;Ore Diurne;1;0;0;1;12,35162;41,91521;-1;1;Autovettura privata;In marcia / fermata / arresto;Conducente;F;Illeso;0;;Non accertato;Inesploso
3871875;11;13/06/2018 15:40:00;Strada Urbana;VIA CRISTOFORO COLOMBO;da specificare;;;;altezza Via Padre Semeria carreg.laterale dir. EUR;Tamponamento Multiplo;Rettilineo;Pi� di due carreggiate;Asciutto;Asfaltata;Verticale ed orizzontale;Nuvoloso;Normale;Buona;Ore Diurne;1;0;0;3;12,49735;41,86374;-1;1;Autovettura privata;In marcia / fermata / arresto;Conducente;F;Illeso;0;;Non accertato;Inesploso
3871875;11;13/06/2018 15:40:00;Strada Urbana;VIA CRISTOFORO COLOMBO;da specificare;;;;altezza Via Padre Semeria carreg.laterale dir. EUR;Tamponamento Multiplo;Rettilineo;Pi� di due carreggiate;Asciutto;Asfaltata;Verticale ed orizzontale;Nuvoloso;Normale;Buona;Ore Diurne;1;0;0;3;12,49735;41,86374;-1;2;Autovettura privata;In marcia / fermata / arresto;Conducente;M;Illeso;0;;Non accertato;Inesploso
3871875;11;13/06/2018 15:40:00;Strada Urbana;VIA CRISTOFORO COLOMBO;da specificare;;;;altezza Via Padre Semeria carreg.laterale dir. EUR;Tamponamento Multiplo;Rettilineo;Pi� di due carreggiate;Asciutto;Asfaltata;Verticale ed orizzontale;Nuvoloso;Normale;Buona;Ore Diurne;1;0;0;3;12,49735;41,86374;-1;3;Autovettura privata;In marcia / fermata / arresto;Conducente;F;Rifiuta cure immediate;0;NON DECEDUTO;Non accertato;Inesploso
3871875;11;13/06/2018 15:40:00;Strada Urbana;VIA CRISTOFORO COLOMBO;da specificare;;;;altezza Via Padre Semeria carreg.laterale dir. EUR;Tamponamento Multiplo;Rettilineo;Pi� di due carreggiate;Asciutto;Asfaltata;Verticale ed orizzontale;Nuvoloso;Normale;Buona;Ore Diurne;1;0;0;3;12,49735;41,86374;-1;4;Autovettura privata;In marcia / fermata / arresto;Conducente;F;Illeso;0;;Non accertato;Inesploso
3871953;1;12/06/2018 10:40:00;Strada Urbana;VIA QUATTRO NOVEMBRE;da specificare;;;;LATO OPPOSTO CIV 94 A;Scontro laterale fra veicoli in marcia;Curva a visuale libera;Una carreggiata a doppio senso;Asciutto;In cubetti di porfido;Orizzontale;Sereno;Normale;Buona;Ore Diurne;0;0;0;2;12,48537;41,89662;-1;1;Autobus turistico;In marcia / fermata / arresto;Conducente;M;Illeso;0;;Non accertato;Inesploso
3871953;1;12/06/2018 10:40:00;Strada Urbana;VIA QUATTRO NOVEMBRE;da specificare;;;;LATO OPPOSTO CIV 94 A;Scontro laterale fra veicoli in marcia;Curva a visuale libera;Una carreggiata a doppio senso;Asciutto;In cubetti di porfido;Orizzontale;Sereno;Normale;Buona;Ore Diurne;0;0;0;2;12,48537;41,89662;-1;2;Autovettura pubblica;In marcia / fermata / arresto;Conducente;M;Illeso;0;;Non accertato;Inesploso
3871975;1;12/06/2018 09:30:00;Strada Urbana;LUNGOTEVERE MARZIO;in corrispondenza;;del civico n.;9;;Scontro frontale/laterale DX fra veicoli in marcia;Rettilineo;Una carreggiata a senso unico di marcia;Asciutto;Asfaltata;Verticale ed orizzontale;Sereno;Intenso;Buona;Ore Diurne;0;0;0;4;12,47469;41,90391;-1;1;Motociclo a solo;In marcia / fermata / arresto;Conducente;M;Illeso;0;;Non accertato;
3871975;1;12/06/2018 09:30:00;Strada Urbana;LUNGOTEVERE MARZIO;in corrispondenza;;del civico n.;9;;Scontro frontale/laterale DX fra veicoli in marcia;Rettilineo;Una carreggiata a senso unico di marcia;Asciutto;Asfaltata;Verticale ed orizzontale;Sereno;Intenso;Buona;Ore Diurne;0;0;0;4;12,47469;41,90391;-1;2;Autovettura privata;In marcia / fermata / arresto;Conducente;F;Illeso;0;;Non accertato;
3871975;1;12/06/2018 09:30:00;Strada Urbana;LUNGOTEVERE MARZIO;in corrispondenza;;del civico n.;9;;Scontro frontale/laterale DX fra veicoli in marcia;Rettilineo;Una carreggiata a senso unico di marcia;Asciutto;Asfaltata;Verticale ed orizzontale;Sereno;Intenso;Buona;Ore Diurne;0;0;0;4;12,47469;41,90391;-1;2;Autovettura privata;In marcia / fermata / arresto;Passeggero;M;Illeso;0;;Non accertato;
3871975;1;12/06/2018 09:30:00;Strada Urbana;LUNGOTEVERE MARZIO;in corrispondenza;;del civico n.;9;;Scontro frontale/laterale DX fra veicoli in marcia;Rettilineo;Una carreggiata a senso unico di marcia;Asciutto;Asfaltata;Verticale ed orizzontale;Sereno;Intenso;Buona;Ore Diurne;0;0;0;4;12,47469;41,90391;-1;2;Autovettura privata;In marcia / fermata / arresto;Passeggero;F;Illeso;0;;Non accertato;
3871979;7;13/06/2018 16:50:00;Strada Urbana;VIA FEDERICO DELPINO;in prossimit�;;del civico n.;15;;Scontro frontale/laterale SX fra veicoli in marcia;Rettilineo;Due carreggiate;Asciutto;Asfaltata;Orizzontale;Nuvoloso;Normale;Buona;Ore Diurne;1;0;0;2;12,56132;41,89095;-1;1;Autovettura privata;In marcia / fermata / arresto;Conducente;M;Illeso;0;;Non accertato;Inesploso
3871979;7;13/06/2018 16:50:00;Strada Urbana;VIA FEDERICO DELPINO;in prossimit�;;del civico n.;15;;Scontro frontale/laterale SX fra veicoli in marcia;Rettilineo;Due carreggiate;Asciutto;Asfaltata;Orizzontale;Nuvoloso;Normale;Buona;Ore Diurne;1;0;0;2;12,56132;41,89095;-1;1;Autovettura privata;In marcia / fermata / arresto;Passeggero;M;Illeso;0;;Non accertato;Inesploso
3871979;7;13/06/2018 16:50:00;Strada Urbana;VIA FEDERICO DELPINO;in prossimit�;;del civico n.;15;;Scontro frontale/laterale SX fra veicoli in marcia;Rettilineo;Due carreggiate;Asciutto;Asfaltata;Orizzontale;Nuvoloso;Normale;Buona;Ore Diurne;1;0;0;2;12,56132;41,89095;-1;2;Autovettura privata;In marcia / fermata / arresto;Conducente;F;Rimandato;0;NON DECEDUTO;;
3872018;6;13/06/2018 16:20:00;Provinciale entro l'abitato;VIA DEI CICLAMINI;all'intersezione con;VIA PRENESTINA;VIA PRENESTINA;;;Scontro laterale fra veicoli in marcia;Incrocio;Una carreggiata a doppio senso;Asciutto;Asfaltata;Verticale ed orizzontale;Nuvoloso;Normale;Buona;Ore Diurne;0;0;0;2;12,56503;41,89491;-1;1;Autovettura privata;In marcia / fermata / arresto;Conducente;F;Illeso;0;;Non accertato;Inesploso
3872018;6;13/06/2018 16:20:00;Provinciale entro l'abitato;VIA DEI CICLAMINI;all'intersezione con;VIA PRENESTINA;VIA PRENESTINA;;;Scontro laterale fra veicoli in marcia;Incrocio;Una carreggiata a doppio senso;Asciutto;Asfaltata;Verticale ed orizzontale;Nuvoloso;Normale;Buona;Ore Diurne;0;0;0;2;12,56503;41,89491;-1;2;Autovettura privata;In marcia / fermata / arresto;Conducente;M;Illeso;0;;Non accertato;Inesploso
3872036;1;12/06/2018 00:10:00;Strada Urbana;VIA DI S. CROCE IN GERUSALEMME;all'intersezione con;VIA SEBASTIANO GRANDIS;VIA SEBASTIANO GRANDIS;;;Infortunio per sola frenata improvvisa;Incrocio;Una carreggiata a doppio senso;Asciutto;Asfaltata;Verticale ed orizzontale;Sereno;Scarso;Insufficiente;Insufficiente;1;0;0;1;12,51179;41,89043;0;1;Autovettura privata;In marcia / fermata / arresto;Conducente;M;Illeso;0;;Non accertato;
3872036;1;12/06/2018 00:10:00;Strada Urbana;VIA DI S. CROCE IN GERUSALEMME;all'intersezione con;VIA SEBASTIANO GRANDIS;VIA SEBASTIANO GRANDIS;;;Infortunio per sola frenata improvvisa;Incrocio;Una carreggiata a doppio senso;Asciutto;Asfaltata;Verticale ed orizzontale;Sereno;Scarso;Insufficiente;Insufficiente;1;0;0;1;12,51179;41,89043;0;2;Motociclo a solo;In marcia / fermata / arresto;Conducente;M;Rimandato;0;NON DECEDUTO;Non accertato;
3872139;17;13/06/2018 17:00:00;Strada Urbana;LUNGOTEVERE IN SASSIA;all'intersezione semaforizzata con;PONTE VITTORIO EMANUELE II;PONTE VITTORIO EMANUELE II;;;Infortunio per caduta del veicolo;Intersezione semaforizzata;Una carreggiata a senso unico di marcia;Asciutto;Asfaltata;Verticale ed orizzontale;Sereno;Intenso;Sufficiente;Ore Diurne;1;0;0;1;12,46375;41,90158;-1;1;Motociclo con passeggero;In marcia / fermata / arresto;Conducente;M;Illeso;0;;;
3872139;17;13/06/2018 17:00:00;Strada Urbana;LUNGOTEVERE IN SASSIA;all'intersezione semaforizzata con;PONTE VITTORIO EMANUELE II;PONTE VITTORIO EMANUELE II;;;Infortunio per caduta del veicolo;Intersezione semaforizzata;Una carreggiata a senso unico di marcia;Asciutto;Asfaltata;Verticale ed orizzontale;Sereno;Intenso;Sufficiente;Ore Diurne;1;0;0;1;12,46375;41,90158;-1;1;Motociclo con passeggero;In marcia / fermata / arresto;Passeggero;F;Rimandato;0;NON DECEDUTO;;
3872161;20;13/06/2018 19:00:00;Regionale entro l'abitato;VIA CASSIA;in corrispondenza;;del civico n.;26;;Scontro laterale fra veicoli in marcia;Rettilineo;Una carreggiata a senso unico di marcia;Asciutto;Asfaltata;Verticale;Sereno;Scarso;Buona;Ore Diurne;0;0;0;4;12,46624;41,93957;-1;1;Autovettura privata;In marcia / fermata / arresto;Conducente;M;Illeso;0;;Non accertato;Inesploso
3872161;20;13/06/2018 19:00:00;Regionale entro l'abitato;VIA CASSIA;in corrispondenza;;del civico n.;26;;Scontro laterale fra veicoli in marcia;Rettilineo;Una carreggiata a senso unico di marcia;Asciutto;Asfaltata;Verticale;Sereno;Scarso;Buona;Ore Diurne;0;0;0;4;12,46624;41,93957;-1;1;Autovettura privata;In marcia / fermata / arresto;Passeggero;F;Illeso;0;;Non accertato;Inesploso
3872161;20;13/06/2018 19:00:00;Regionale entro l'abitato;VIA CASSIA;in corrispondenza;;del civico n.;26;;Scontro laterale fra veicoli in marcia;Rettilineo;Una carreggiata a senso unico di marcia;Asciutto;Asfaltata;Verticale;Sereno;Scarso;Buona;Ore Diurne;0;0;0;4;12,46624;41,93957;-1;2;Autovettura privata;In marcia / fermata / arresto;Conducente;M;Illeso;0;;Non accertato;Inesploso
3872161;20;13/06/2018 19:00:00;Regionale entro l'abitato;VIA CASSIA;in corrispondenza;;del civico n.;26;;Scontro laterale fra veicoli in marcia;Rettilineo;Una carreggiata a senso unico di marcia;Asciutto;Asfaltata;Verticale;Sereno;Scarso;Buona;Ore Diurne;0;0;0;4;12,46624;41,93957;-1;2;Autovettura privata;In marcia / fermata / arresto;Passeggero;M;Illeso;0;;Non accertato;Inesploso
3872200;9;13/06/2018 18:30:00;Strada Urbana;VIA TERNI;in prossimit�;;del civico n.;75;;Scontro laterale fra veicoli in marcia;Rettilineo;Una carreggiata a doppio senso;Asciutto;Asfaltata;Verticale ed orizzontale;Nuvoloso;Normale;Buona;Ore Diurne;0;0;0;2;12,5204;41,88519;-1;1;Autovettura pubblica;In marcia / fermata / arresto;Conducente;M;Illeso;0;;Utilizzato;Inesploso
3872200;9;13/06/2018 18:30:00;Strada Urbana;VIA TERNI;in prossimit�;;del civico n.;75;;Scontro laterale fra veicoli in marcia;Rettilineo;Una carreggiata a doppio senso;Asciutto;Asfaltata;Verticale ed orizzontale;Nuvoloso;Normale;Buona;Ore Diurne;0;0;0;2;12,5204;41,88519;-1;2;Autovettura privata;In marcia / fermata / arresto;Conducente;M;Illeso;0;;Utilizzato;Inesploso
3872318;12;13/06/2018 21:15:00;Strada Urbana;VIA DELLE COMETE;in prossimit�;;del palo luce n.;3;;Tamponamento;Curva a visuale libera;Una carreggiata a doppio senso;Bagnato (pioggia);Asfaltata;Orizzontale;Pioggia in atto;Scarso;Buona;Sufficiente;0;0;0;4;12,45227;41,81149;-1;1;Motociclo con passeggero;In marcia / fermata / arresto;Conducente;M;Illeso;0;;Utilizzato;
3872318;12;13/06/2018 21:15:00;Strada Urbana;VIA DELLE COMETE;in prossimit�;;del palo luce n.;3;;Tamponamento;Curva a visuale libera;Una carreggiata a doppio senso;Bagnato (pioggia);Asfaltata;Orizzontale;Pioggia in atto;Scarso;Buona;Sufficiente;0;0;0;4;12,45227;41,81149;-1;1;Motociclo con passeggero;In marcia / fermata / arresto;Passeggero;M;Illeso;0;;Utilizzato;
3872318;12;13/06/2018 21:15:00;Strada Urbana;VIA DELLE COMETE;in prossimit�;;del palo luce n.;3;;Tamponamento;Curva a visuale libera;Una carreggiata a doppio senso;Bagnato (pioggia);Asfaltata;Orizzontale;Pioggia in atto;Scarso;Buona;Sufficiente;0;0;0;4;12,45227;41,81149;-1;2;Autovettura privata;In marcia / fermata / arresto;Conducente;M;Illeso;0;;Utilizzato;Inesploso
3872318;12;13/06/2018 21:15:00;Strada Urbana;VIA DELLE COMETE;in prossimit�;;del palo luce n.;3;;Tamponamento;Curva a visuale libera;Una carreggiata a doppio senso;Bagnato (pioggia);Asfaltata;Orizzontale;Pioggia in atto;Scarso;Buona;Sufficiente;0;0;0;4;12,45227;41,81149;-1;2;Autovettura privata;In marcia / fermata / arresto;Passeggero;M;Illeso;0;;Utilizzato;Inesploso
3872561;3;13/06/2018 12:40:00;Strada Urbana;PIAZZA BOLOGNA;in prossimit�;;del civico n.;13;;Investimento di pedone;Rettilineo;Una carreggiata a senso unico di marcia;Asciutto;Asfaltata;Verticale ed orizzontale;Nuvoloso;Normale;Buona;Ore Diurne;0;1;0;2;;;0;;;;Pedone;F;Prognosi riservata;0;NON DECEDUTO;;
3872561;3;13/06/2018 12:40:00;Strada Urbana;PIAZZA BOLOGNA;in prossimit�;;del civico n.;13;;Investimento di pedone;Rettilineo;Una carreggiata a senso unico di marcia;Asciutto;Asfaltata;Verticale ed orizzontale;Nuvoloso;Normale;Buona;Ore Diurne;0;1;0;2;;;0;1;Autovettura privata;In marcia / fermata / arresto;Conducente;M;Illeso;0;;Non accertato;Inesploso