Protocollo;Gruppo;DataOraIncidente;Localizzazione1;STRADA1;Localizzazione2;STRADA2;Strada02;Chilometrica;DaSpecificare;NaturaIncidente;particolaritastrade;TipoStrada;FondoStradale;Pavimentazione;Segnaletica;CondizioneAtmosferica;Traffico;Visibilita;Illuminazione;NUM_FERITI;NUM_RISERVATA;NUM_MORTI;NUM_ILLESI;Longitudine;Latitudine;Confermato;Progressivo;TipoVeicolo;StatoVeicolo;TipoPersona;Sesso;Tipolesione;Deceduto;DecedutoDopo;CinturaCascoUtilizzato;Airbag
3872692;10;14/06/2018 02:30:00;Strada Urbana;VIA DELLE CAVE;all'intersezione semaforizzata con;VIA ROCCA PRIORA;VIA ROCCA PRIORA;;;Scontro frontale/laterale SX fra veicoli in marcia;Intersezione semaforizzata;Due carreggiate;Asciutto;Asfaltata;Verticale ed orizzontale;Sereno;Scarso;Buona;Sufficiente;0;0;0;4;12,53146;41,8717;-1;1;Autovettura privata;In marcia / fermata / arresto;Passeggero;F;Illeso;0;;;
3872692;10;14/06/2018 02:30:00;Strada Urbana;VIA DELLE CAVE;all'intersezione semaforizzata con;VIA ROCCA PRIORA;VIA ROCCA PRIORA;;;Scontro frontale/laterale SX fra veicoli in marcia;Intersezione semaforizzata;Due carreggiate;Asciutto;Asfaltata;Verticale ed orizzontale;Sereno;Scarso;Buona;Sufficiente;0;0;0;4;12,53146;41,8717;-1;2;Autovettura privata;In marcia / fermata / arresto;Conducente;F;Illeso;0;;Non accertato;Inesploso
3872694;7;13/06/2018 18:40:00;Strada Urbana;VIA MURACCIO DI RISCHIARO;all'intersezione con;VIA PRENESTINA;VIA PRENESTINA;;;Scontro laterale fra veicoli in marcia;Incrocio;Due carreggiate;Asciutto;Asfaltata;Verticale ed orizzontale;Sereno;Intenso;Buona;Ore Diurne;0;0;0;1;12,60628;41,89382;-1;1;Autovettura privata;In marcia / fermata / arresto;Conducente;F;Illeso;0;;;
3872695;19;13/06/2018 19:20:00;Strada Urbana;VIA PIETRO GASPARRI;all'intersezione con;VIA TOMMASO DE VIO;VIA TOMMASO DE VIO;;;Scontro laterale fra veicoli in marcia;Incrocio;Una carreggiata a doppio senso;Asciutto;Asfaltata;Verticale ed orizzontale;Nuvoloso;Normale;Buona;Ore Diurne;0;0;0;2;12,41464;41,92143;-1;1;Autovettura privata;In marcia / fermata / arresto;Conducente;M;Illeso;0;;;
3872695;19;13/06/2018 19:20:00;Strada Urbana;VIA PIETRO GASPARRI;all'intersezione con;VIA TOMMASO DE VIO;VIA TOMMASO DE VIO;;;Scontro laterale fra veicoli in marcia;Incrocio;Una carreggiata a doppio senso;Asciutto;Asfaltata;Verticale ed orizzontale;Nuvoloso;Normale;Buona;Ore Diurne;0;0;0;2;12,41464;41,92143;-1;2;Autovettura privata;In marcia / fermata / arresto;Conducente;M;Illeso;0;;;
3872700;13;13/06/2018 15:58:00;Strada Urbana;VIA DEL CANALE DELLA LINGUA;all'intersezione con;VIA EPAMINONDA;VIA EPAMINONDA;;;Scontro frontale/laterale SX fra veicoli in marcia;Incrocio;Una carreggiata a doppio senso;Bagnato (pioggia);Asfaltata;Assente;Pioggia in atto;Normale;Buona;Ore Diurne;0;0;0;2;12,33149;41,74898;-1;1;Autovettura privata;In marcia / fermata / arresto;Conducente;F;Illeso;0;;Non accertato;Inesploso
3872700;13;13/06/2018 15:58:00;Strada Urbana;VIA DEL CANALE DELLA LINGUA;all'intersezione con;VIA EPAMINONDA;VIA EPAMINONDA;;;Scontro frontale/laterale SX fra veicoli in marcia;Incrocio;Una carreggiata a doppio senso;Bagnato (pioggia);Asfaltata;Assente;Pioggia in atto;Normale;Buona;Ore Diurne;0;0;0;2;12,33149;41,74898;-1;2;Autovettura privata;In marcia / fermata / arresto;Conducente;F;Illeso;0;;Non accertato;Inesploso
3872706;19;13/06/2018 11:20:00;Strada Urbana;VIA MATTIA BATTISTINI;in prossimit�;;del civico n.;258;;Scontro laterale fra veicoli in marcia;Rettilineo;Una carreggiata a doppio senso;Asciutto;Asfaltata;Verticale ed orizzontale;Sereno;Normale;Buona;Ore Diurne;0;0;0;2;12,41855;41,91725;-1;1;Autovettura privata;In marcia / fermata / arresto;Conducente;M;Illeso;0;;Non accertato;Inesploso
3872706;19;13/06/2018 11:20:00;Strada Urbana;VIA MATTIA BATTISTINI;in prossimit�;;del civico n.;258;;Scontro laterale fra veicoli in marcia;Rettilineo;Una carreggiata a doppio senso;Asciutto;Asfaltata;Verticale ed orizzontale;Sereno;Normale;Buona;Ore Diurne;0;0;0;2;12,41855;41,91725;-1;2;Autovettura privata;In marcia / fermata / arresto;Conducente;M;Illeso;0;;Non accertato;Inesploso
3872709;19;01/06/2018 17:15:00;Strada Urbana;VIA MATTIA BATTISTINI;in prossimit�;;del civico n.;238;;Tamponamento Multiplo;Rettilineo;Una carreggiata a doppio senso;Asciutto;Asfaltata;Orizzontale;Nuvoloso;Normale;Buona;Ore Diurne;0;0;0;4;12,41856;41,91602;-1;1;Autovettura privata;In marcia / fermata / arresto;Conducente;M;Illeso;0;;;
3872709;19;01/06/2018 17:15:00;Strada Urbana;VIA MATTIA BATTISTINI;in prossimit�;;del civico n.;238;;Tamponamento Multiplo;Rettilineo;Una carreggiata a doppio senso;Asciutto;Asfaltata;Orizzontale;Nuvoloso;Normale;Buona;Ore Diurne;0;0;0;4;12,41856;41,91602;-1;2;Autovettura privata;In marcia / fermata / arresto;Conducente;F;Illeso;0;;;
3872709;19;01/06/2018 17:15:00;Strada Urbana;VIA MATTIA BATTISTINI;in prossimit�;;del civico n.;238;;Tamponamento Multiplo;Rettilineo;Una carreggiata a doppio senso;Asciutto;Asfaltata;Orizzontale;Nuvoloso;Normale;Buona;Ore Diurne;0;0;0;4;12,41856;41,91602;-1;3;Autovettura privata;In marcia / fermata / arresto;Conducente;M;Illeso;0;;;
3872709;19;01/06/2018 17:15:00;Strada Urbana;VIA MATTIA BATTISTINI;in prossimit�;;del civico n.;238;;Tamponamento Multiplo;Rettilineo;Una carreggiata a doppio senso;Asciutto;Asfaltata;Orizzontale;Nuvoloso;Normale;Buona;Ore Diurne;0;0;0;4;12,41856;41,91602;-1;4;Autovettura privata;In marcia / fermata / arresto;Conducente;M;Illeso;0;;;
3872720;19;13/06/2018 21:55:00;Strada Urbana;VIA UGO DE CAROLIS;all'intersezione con;VIA FILIPPO NICOLAI;VIA FILIPPO NICOLAI;;;Veicolo in marcia contro veicolo in sosta;Incrocio;Una carreggiata a senso unico di marcia;Bagnato (pioggia);Asfaltata;Verticale;Pioggia in atto;Scarso;Buona;Sufficiente;0;0;0;1;12,4406;41,9143;-1;1;Autovettura privata;In marcia / fermata / arresto;Conducente;F;Illeso;0;;;
3872722;19;13/06/2018 16:00:00;Strada Urbana;VIA GIAMBATTISTA SORIA;da specificare;;;;in prossimit� Via Pasquale II;Investimento di pedone;Rettilineo;Una carreggiata a senso unico di marcia;Bagnato (pioggia);Asfaltata;Orizzontale;Pioggia in atto;Scarso;Sufficiente;Ore Diurne;1;0;0;1;12,41001;41,9103;-1;;;;Pedone;M;Rifiuta cure immediate;0;NON DECEDUTO;;
3872722;19;13/06/2018 16:00:00;Strada Urbana;VIA GIAMBATTISTA SORIA;da specificare;;;;in prossimit� Via Pasquale II;Investimento di pedone;Rettilineo;Una carreggiata a senso unico di marcia;Bagnato (pioggia);Asfaltata;Orizzontale;Pioggia in atto;Scarso;Sufficiente;Ore Diurne;1;0;0;1;12,41001;41,9103;-1;1;Autovettura privata;In marcia / fermata / arresto;Conducente;M;Illeso;0;;Non accertato;Inesploso
3872728;1;13/06/2018 12:10:00;Strada Urbana;VIA FERDINANDO DI SAVOIA;all'intersezione con;VIA MARIA ADELAIDE;VIA MARIA ADELAIDE;;;Tamponamento;Incrocio;Una carreggiata a senso unico di marcia;Asciutto;Acciotolata;Verticale ed orizzontale;Sereno;Normale;Buona;Ore Diurne;0;0;0;2;;;0;1;Autovettura privata;In marcia / fermata / arresto;Conducente;M;Illeso;0;;Non accertato;Inesploso
3872728;1;13/06/2018 12:10:00;Strada Urbana;VIA FERDINANDO DI SAVOIA;all'intersezione con;VIA MARIA ADELAIDE;VIA MARIA ADELAIDE;;;Tamponamento;Incrocio;Una carreggiata a senso unico di marcia;Asciutto;Acciotolata;Verticale ed orizzontale;Sereno;Normale;Buona;Ore Diurne;0;0;0;2;;;0;2;Veicolo speciale;In marcia / fermata / arresto;Conducente;M;Illeso;0;;Non accertato;Inesploso
3872729;19;13/06/2018 16:00:00;Strada Urbana;VIA TRIONFALE;in prossimit�;;del civico n.;11505;;Scontro laterale fra veicoli in marcia;Rettilineo;Una carreggiata a doppio senso;Asciutto;Asfaltata;Verticale ed orizzontale;Nuvoloso;Normale;Buona;Ore Diurne;0;0;0;1;12,40898;41,96166;-1;1;Autovettura privata;In marcia / fermata / arresto;Conducente;F;Illeso;0;;Non accertato;Inesploso
3872744;13;13/06/2018 20:20:00;;VIA MAR ROSSO;all'intersezione con;VIA MAR DEI CARAIBI;VIA MAR DEI CARAIBI;;;Scontro frontale/laterale SX fra veicoli in marcia;;;;;;;;;;0;0;0;1;;;0;1;Autovettura privata;In marcia / fermata / arresto;Conducente;M;Illeso;0;;Non accertato;Inesploso
3872773;2;13/06/2018 16:00:00;Strada Urbana;VIA PO;in corrispondenza;;del civico n.;45;;Veicolo in marcia contro veicolo in sosta;Rettilineo;Una carreggiata a doppio senso;Asciutto;Asfaltata;Verticale ed orizzontale;Nuvoloso;Normale;Buona;Ore Diurne;0;0;0;3;12,49919;41,91757;-1;1;Autovettura privata;In marcia / fermata / arresto;Conducente;M;Illeso;0;;;
3872773;2;13/06/2018 16:00:00;Strada Urbana;VIA PO;in corrispondenza;;del civico n.;45;;Veicolo in marcia contro veicolo in sosta;Rettilineo;Una carreggiata a doppio senso;Asciutto;Asfaltata;Verticale ed orizzontale;Nuvoloso;Normale;Buona;Ore Diurne;0;0;0;3;12,49919;41,91757;-1;1;Autovettura privata;In marcia / fermata / arresto;Passeggero;F;Illeso;0;;;
3872773;2;13/06/2018 16:00:00;Strada Urbana;VIA PO;in corrispondenza;;del civico n.;45;;Veicolo in marcia contro veicolo in sosta;Rettilineo;Una carreggiata a doppio senso;Asciutto;Asfaltata;Verticale ed orizzontale;Nuvoloso;Normale;Buona;Ore Diurne;0;0;0;3;12,49919;41,91757;-1;1;Autovettura privata;In marcia / fermata / arresto;Passeggero;M;Illeso;0;;;
3872776;2;13/06/2018 07:00:00;Strada Urbana;VIA SALARIA;da specificare;;;;rampa immissione dir. G.R.A.;Veicolo in marcia contro veicolo in sosta;Rettilineo;Pi� di due carreggiate;Asciutto;Asfaltata;Verticale ed orizzontale;Sereno;Normale;Buona;Ore Diurne;0;0;0;1;12,48375;41,93991;-1;1;Autocarro inferiore 35 q.;In marcia / fermata / arresto;Conducente;M;Illeso;0;;Non accertato;Inesploso
3872785;2;13/06/2018 08:05:00;Strada Urbana;LUNGOTEVERE ARNALDO DA BRESCIA;da specificare;;;;altezza impianto semaf. Via degli Scialoja;Scontro laterale fra veicoli in marcia;Rettilineo;Pi� di due carreggiate;Asciutto;Asfaltata;Verticale ed orizzontale;Sereno;Intenso;Buona;Ore Diurne;0;0;0;1;12,4723;41,91305;-1;1;Autovettura privata;In marcia / fermata / arresto;Conducente;F;Illeso;0;;;
3872791;2;13/06/2018 16:10:00;Strada Urbana;PIAZZALE BRASILE;da specificare;;;;fronte Porta Pinciana;Scontro laterale fra veicoli in marcia;Rettilineo;Una carreggiata a senso unico di marcia;Asciutto;Asfaltata;Verticale ed orizzontale;Nuvoloso;Normale;Buona;Ore Diurne;0;0;0;2;12,48873;41,90991;-1;1;Autovettura privata;In marcia / fermata / arresto;Conducente;M;Illeso;0;;Non accertato;Inesploso
3872791;2;13/06/2018 16:10:00;Strada Urbana;PIAZZALE BRASILE;da specificare;;;;fronte Porta Pinciana;Scontro laterale fra veicoli in marcia;Rettilineo;Una carreggiata a senso unico di marcia;Asciutto;Asfaltata;Verticale ed orizzontale;Nuvoloso;Normale;Buona;Ore Diurne;0;0;0;2;12,48873;41,90991;-1;2;Motociclo a solo;In marcia / fermata / arresto;Conducente;M;Illeso;0;;Non accertato;
3872797;2;13/06/2018 17:55:00;Strada Urbana;VIALE XVII OLIMPIADE;all'intersezione con;VIA SVEZIA;VIA SVEZIA;;;Scontro frontale/laterale DX fra veicoli in marcia;Incrocio;Due carreggiate;Asciutto;Asfaltata;Verticale ed orizzontale;Nuvoloso;Scarso;Buona;Ore Diurne;0;0;0;2;12,47203;41932;-1;1;Quadriciclo leggero;In marcia / fermata / arresto;Conducente;M;Illeso;0;;;
3872797;2;13/06/2018 17:55:00;Strada Urbana;VIALE XVII OLIMPIADE;all'intersezione con;VIA SVEZIA;VIA SVEZIA;;;Scontro frontale/laterale DX fra veicoli in marcia;Incrocio;Due carreggiate;Asciutto;Asfaltata;Verticale ed orizzontale;Nuvoloso;Scarso;Buona;Ore Diurne;0;0;0;2;12,47203;41932;-1;2;Autovettura privata;In marcia / fermata / arresto;Conducente;M;Illeso;0;;;
3872803;2;13/06/2018 22:45:00;Strada Urbana;VIA NOMENTANA;all'intersezione semaforizzata con;VIA DI S. AGNESE;VIA DI S. AGNESE;;;Tamponamento;Incrocio;Pi� di due carreggiate;Bagnato (pioggia);Asfaltata;Verticale ed orizzontale;Pioggia in atto;Scarso;Sufficiente;Ore Diurne;0;0;0;3;12,51944;41,92293;-1;1;Autovettura privata;In marcia / fermata / arresto;Conducente;M;Illeso;0;;;
3872803;2;13/06/2018 22:45:00;Strada Urbana;VIA NOMENTANA;all'intersezione semaforizzata con;VIA DI S. AGNESE;VIA DI S. AGNESE;;;Tamponamento;Incrocio;Pi� di due carreggiate;Bagnato (pioggia);Asfaltata;Verticale ed orizzontale;Pioggia in atto;Scarso;Sufficiente;Ore Diurne;0;0;0;3;12,51944;41,92293;-1;2;Quadriciclo;In marcia / fermata / arresto;Conducente;F;Illeso;0;;Non accertato;Inesploso
3872803;2;13/06/2018 22:45:00;Strada Urbana;VIA NOMENTANA;all'intersezione semaforizzata con;VIA DI S. AGNESE;VIA DI S. AGNESE;;;Tamponamento;Incrocio;Pi� di due carreggiate;Bagnato (pioggia);Asfaltata;Verticale ed orizzontale;Pioggia in atto;Scarso;Sufficiente;Ore Diurne;0;0;0;3;12,51944;41,92293;-1;2;Quadriciclo;In marcia / fermata / arresto;Passeggero;F;Illeso;0;;Non accertato;Inesistente
3872804;4;14/06/2018 01:30:00;Strada Urbana;VIALE SOMALIA;all'intersezione semaforizzata con;VIA ANTRODOCO;VIA ANTRODOCO;;;Scontro frontale/laterale DX fra veicoli in marcia;Intersezione semaforizzata;Una carreggiata a doppio senso;Bagnato (umidit� in atto);Asfaltata;Verticale ed orizzontale;Nuvoloso;Scarso;Buona;Sufficiente;1;1;0;1;12,51546;41,93593;-1;1;Altro;In marcia / fermata / arresto;Conducente;M;Illeso;0;;Non accertato;Inesploso
3872804;4;14/06/2018 01:30:00;Strada Urbana;VIALE SOMALIA;all'intersezione semaforizzata con;VIA ANTRODOCO;VIA ANTRODOCO;;;Scontro frontale/laterale DX fra veicoli in marcia;Intersezione semaforizzata;Una carreggiata a doppio senso;Bagnato (umidit� in atto);Asfaltata;Verticale ed orizzontale;Nuvoloso;Scarso;Buona;Sufficiente;1;1;0;1;12,51546;41,93593;-1;2;Motociclo con passeggero;In marcia / fermata / arresto;Conducente;M;Prognosi riservata;0;NON DECEDUTO;Utilizzato;
3872804;4;14/06/2018 01:30:00;Strada Urbana;VIALE SOMALIA;all'intersezione semaforizzata con;VIA ANTRODOCO;VIA ANTRODOCO;;;Scontro frontale/laterale DX fra veicoli in marcia;Intersezione semaforizzata;Una carreggiata a doppio senso;Bagnato (umidit� in atto);Asfaltata;Verticale ed orizzontale;Nuvoloso;Scarso;Buona;Sufficiente;1;1;0;1;12,51546;41,93593;-1;2;Motociclo con passeggero;In marcia / fermata / arresto;Passeggero;F;Ricoverato;0;NON DECEDUTO;;
3872810;1;13/06/2018 21:45:00;Strada Urbana;VIA DEI SERPENTI;in prossimit�;;del civico n.;149;;Veicolo in marcia contro veicolo arresto;Rettilineo;Una carreggiata a senso unico di marcia;Bagnato (pioggia);Asfaltata;Verticale ed orizzontale;Pioggia in atto;Normale;Sufficiente;Sufficiente;0;0;0;6;;;0;1;Autovettura pubblica;In marcia / fermata / arresto;Conducente;M;Illeso;0;;Non accertato;Inesploso
3872810;1;13/06/2018 21:45:00;Strada Urbana;VIA DEI SERPENTI;in prossimit�;;del civico n.;149;;Veicolo in marcia contro veicolo arresto;Rettilineo;Una carreggiata a senso unico di marcia;Bagnato (pioggia);Asfaltata;Verticale ed orizzontale;Pioggia in atto;Normale;Sufficiente;Sufficiente;0;0;0;6;;;0;1;Autovettura pubblica;In marcia / fermata / arresto;Passeggero;F;Illeso;0;;;
3872810;1;13/06/2018 21:45:00;Strada Urbana;VIA DEI SERPENTI;in prossimit�;;del civico n.;149;;Veicolo in marcia contro veicolo arresto;Rettilineo;Una carreggiata a senso unico di marcia;Bagnato (pioggia);Asfaltata;Verticale ed orizzontale;Pioggia in atto;Normale;Sufficiente;Sufficiente;0;0;0;6;;;0;1;Autovettura pubblica;In marcia / fermata / arresto;Passeggero;M;Illeso;0;;;
3872810;1;13/06/2018 21:45:00;Strada Urbana;VIA DEI SERPENTI;in prossimit�;;del civico n.;149;;Veicolo in marcia contro veicolo arresto;Rettilineo;Una carreggiata a senso unico di marcia;Bagnato (pioggia);Asfaltata;Verticale ed orizzontale;Pioggia in atto;Normale;Sufficiente;Sufficiente;0;0;0;6;;;0;1;Autovettura pubblica;In marcia / fermata / arresto;Passeggero;F;Illeso;0;;;
3872810;1;13/06/2018 21:45:00;Strada Urbana;VIA DEI SERPENTI;in prossimit�;;del civico n.;149;;Veicolo in marcia contro veicolo arresto;Rettilineo;Una carreggiata a senso unico di marcia;Bagnato (pioggia);Asfaltata;Verticale ed orizzontale;Pioggia in atto;Normale;Sufficiente;Sufficiente;0;0;0;6;;;0;1;Autovettura pubblica;In marcia / fermata / arresto;Passeggero;M;Illeso;0;;;
3872810;1;13/06/2018 21:45:00;Strada Urbana;VIA DEI SERPENTI;in prossimit�;;del civico n.;149;;Veicolo in marcia contro veicolo arresto;Rettilineo;Una carreggiata a senso unico di marcia;Bagnato (pioggia);Asfaltata;Verticale ed orizzontale;Pioggia in atto;Normale;Sufficiente;Sufficiente;0;0;0;6;;;0;2;Autovettura privata;In marcia / fermata / arresto;Conducente;M;Illeso;0;;;
3872811;16;13/06/2018 09:30:00;Strada Urbana;CIRCONVALLAZIONE GIANICOLENSE;in corrispondenza;;del civico n.;84;;Veicolo in marcia contro veicolo in sosta;Rettilineo;Pi� di due carreggiate;Asciutto;Asfaltata;Verticale ed orizzontale;Sereno;Normale;Buona;Ore Diurne;0;0;0;1;12,45837;41,87129;-1;2;Autobus di linea;In marcia / fermata / arresto;Conducente;M;Illeso;0;;Non accertato;Inesploso
3872851;17;13/06/2018 16:30:00;Strada Urbana;VIA MARINO DALMONTE;da specificare;;;;ALTEZ. I� incrocio da VIA DELLA STAZIONE DI CESANO;Scontro frontale fra veicoli in marcia;Rettilineo;Una carreggiata a senso unico di marcia;Asciutto;Asfaltata;Assente;Nuvoloso;Normale;Sufficiente;Ore Diurne;0;0;0;3;12,33055;42,06387;-1;1;Autovettura privata;In marcia / fermata / arresto;Conducente;F;Illeso;0;;;
3872851;17;13/06/2018 16:30:00;Strada Urbana;VIA MARINO DALMONTE;da specificare;;;;ALTEZ. I� incrocio da VIA DELLA STAZIONE DI CESANO;Scontro frontale fra veicoli in marcia;Rettilineo;Una carreggiata a senso unico di marcia;Asciutto;Asfaltata;Assente;Nuvoloso;Normale;Sufficiente;Ore Diurne;0;0;0;3;12,33055;42,06387;-1;1;Autovettura privata;In marcia / fermata / arresto;Passeggero;M;Illeso;0;;;
3872851;17;13/06/2018 16:30:00;Strada Urbana;VIA MARINO DALMONTE;da specificare;;;;ALTEZ. I� incrocio da VIA DELLA STAZIONE DI CESANO;Scontro frontale fra veicoli in marcia;Rettilineo;Una carreggiata a senso unico di marcia;Asciutto;Asfaltata;Assente;Nuvoloso;Normale;Sufficiente;Ore Diurne;0;0;0;3;12,33055;42,06387;-1;2;Autovettura privata;In marcia / fermata / arresto;Conducente;F;Illeso;0;;;
3872862;1;13/06/2018 20:20:00;Strada Urbana;CORSO VITTORIO EMANUELE II;all'intersezione semaforizzata con;VIA DI TORRE ARGENTINA;VIA DI TORRE ARGENTINA;;;Scontro laterale fra veicoli in marcia;Intersezione semaforizzata;Una carreggiata a doppio senso;Bagnato (umidit� in atto);Asfaltata;Verticale ed orizzontale;Nuvoloso;Normale;Buona;Sufficiente;0;0;0;3;12,47145;41,89718;-1;1;Autovettura privata;In marcia / fermata / arresto;Conducente;M;Illeso;0;;Non accertato;Inesploso
3872862;1;13/06/2018 20:20:00;Strada Urbana;CORSO VITTORIO EMANUELE II;all'intersezione semaforizzata con;VIA DI TORRE ARGENTINA;VIA DI TORRE ARGENTINA;;;Scontro laterale fra veicoli in marcia;Intersezione semaforizzata;Una carreggiata a doppio senso;Bagnato (umidit� in atto);Asfaltata;Verticale ed orizzontale;Nuvoloso;Normale;Buona;Sufficiente;0;0;0;3;12,47145;41,89718;-1;1;Autovettura privata;In marcia / fermata / arresto;Passeggero;M;Illeso;0;;Non accertato;Inesploso
3872862;1;13/06/2018 20:20:00;Strada Urbana;CORSO VITTORIO EMANUELE II;all'intersezione semaforizzata con;VIA DI TORRE ARGENTINA;VIA DI TORRE ARGENTINA;;;Scontro laterale fra veicoli in marcia;Intersezione semaforizzata;Una carreggiata a doppio senso;Bagnato (umidit� in atto);Asfaltata;Verticale ed orizzontale;Nuvoloso;Normale;Buona;Sufficiente;0;0;0;3;12,47145;41,89718;-1;2;Autovettura pubblica;In marcia / fermata / arresto;Conducente;F;Illeso;0;;Non accertato;Inesploso
3872900;4;13/06/2018 15:30:00;Strada Urbana;VIALE JONIO;in corrispondenza;;del civico n.;292;;Scontro laterale fra veicoli in marcia;Rettilineo;Due carreggiate;Asciutto;Asfaltata;Assente;Nuvoloso;Normale;Buona;Ore Diurne;1;0;0;1;12,53028;41,94594;-1;1;Autovettura privata;In marcia / fermata / arresto;Conducente;M;Illeso;0;;Non accertato;
3872900;4;13/06/2018 15:30:00;Strada Urbana;VIALE JONIO;in corrispondenza;;del civico n.;292;;Scontro laterale fra veicoli in marcia;Rettilineo;Due carreggiate;Asciutto;Asfaltata;Assente;Nuvoloso;Normale;Buona;Ore Diurne;1;0;0;1;12,53028;41,94594;-1;2;Motociclo a solo;In marcia / fermata / arresto;Conducente;M;Rimandato;0;NON DECEDUTO;Non accertato;
3872905;7;14/06/2018 09:30:00;Strada Urbana;VIA DEI PLATANI;all'intersezione con;VIA DELLE AZALEE;VIA DELLE AZALEE;;;Scontro frontale/laterale SX fra veicoli in marcia;Incrocio;Una carreggiata a doppio senso;Asciutto;Asfaltata;Verticale ed orizzontale;Sereno;Normale;Buona;Ore Diurne;0;0;0;4;12,56929;41,88104;-1;1;Autovettura privata;In marcia / fermata / arresto;Conducente;F;Illeso;0;;Non accertato;Inesploso
3872905;7;14/06/2018 09:30:00;Strada Urbana;VIA DEI PLATANI;all'intersezione con;VIA DELLE AZALEE;VIA DELLE AZALEE;;;Scontro frontale/laterale SX fra veicoli in marcia;Incrocio;Una carreggiata a doppio senso;Asciutto;Asfaltata;Verticale ed orizzontale;Sereno;Normale;Buona;Ore Diurne;0;0;0;4;12,56929;41,88104;-1;2;Autovettura privata;In marcia / fermata / arresto;Conducente;F;Illeso;0;;Non accertato;Inesploso
3872905;7;14/06/2018 09:30:00;Strada Urbana;VIA DEI PLATANI;all'intersezione con;VIA DELLE AZALEE;VIA DELLE AZALEE;;;Scontro frontale/laterale SX fra veicoli in marcia;Incrocio;Una carreggiata a doppio senso;Asciutto;Asfaltata;Verticale ed orizzontale;Sereno;Normale;Buona;Ore Diurne;0;0;0;4;12,56929;41,88104;-1;2;Autovettura privata;In marcia / fermata / arresto;Passeggero;F;Illeso;0;;Non accertato;Inesistente
3872905;7;14/06/2018 09:30:00;Strada Urbana;VIA DEI PLATANI;all'intersezione con;VIA DELLE AZALEE;VIA DELLE AZALEE;;;Scontro frontale/laterale SX fra veicoli in marcia;Incrocio;Una carreggiata a doppio senso;Asciutto;Asfaltata;Verticale ed orizzontale;Sereno;Normale;Buona;Ore Diurne;0;0;0;4;12,56929;41,88104;-1;2;Autovettura privata;In marcia / fermata / arresto;Passeggero;F;Illeso;0;;Non accertato;Inesistente
3872922;12;14/06/2018 09:15:00;Strada Urbana;VIADOTTO DELLA MAGLIANA;da specificare;;;;direzione Fiumicino prossimit� Sheraton;Scontro laterale fra veicoli in marcia;Rettilineo;Due carreggiate;Asciutto;Asfaltata;Verticale ed orizzontale;Sereno;Normale;Buona;Ore Diurne;0;1;0;1;12,46945;41,84271;-1;1;Motociclo a solo;In marcia / fermata / arresto;Conducente;M;Prognosi riservata;0;NON DECEDUTO;Utilizzato;
3872922;12;14/06/2018 09:15:00;Strada Urbana;VIADOTTO DELLA MAGLIANA;da specificare;;;;direzione Fiumicino prossimit� Sheraton;Scontro laterale fra veicoli in marcia;Rettilineo;Due carreggiate;Asciutto;Asfaltata;Verticale ed orizzontale;Sereno;Normale;Buona;Ore Diurne;0;1;0;1;12,46945;41,84271;-1;2;Autovettura privata;In marcia / fermata / arresto;Conducente;M;Illeso;0;;Non accertato;Inesploso
3872934;1;13/06/2018 13:20:00;Strada Urbana;VIA AURELIANA;in corrispondenza;;del civico n.;50;;Veicolo in marcia contro ostacolo accidentale;Rettilineo;Una carreggiata a senso unico di marcia;Asciutto;In cubetti di porfido;Verticale ed orizzontale;Sereno;Normale;Buona;Ore Diurne;0;0;0;1;;;0;1;Autovettura pubblica;In marcia / fermata / arresto;Conducente;M;Illeso;0;;Non accertato;Inesploso
3872949;4;13/06/2018 22:40:00;Strada Urbana;VIA DELLA GIUSTINIANA;all'intersezione con;VIA DI PRIMA PORTA;VIA DI PRIMA PORTA;;;Scontro frontale/laterale SX fra veicoli in marcia;Intersezione non regolata/non segnalata;Una carreggiata a doppio senso;Bagnato (pioggia);Asfaltata;Verticale ed orizzontale;Pioggia in atto;Scarso;Sufficiente;Sufficiente;1;0;0;1;12,45485;41,99434;-1;1;Autovettura privata;In marcia / fermata / arresto;Conducente;M;Illeso;0;;Non accertato;
3872949;4;13/06/2018 22:40:00;Strada Urbana;VIA DELLA GIUSTINIANA;all'intersezione con;VIA DI PRIMA PORTA;VIA DI PRIMA PORTA;;;Scontro frontale/laterale SX fra veicoli in marcia;Intersezione non regolata/non segnalata;Una carreggiata a doppio senso;Bagnato (pioggia);Asfaltata;Verticale ed orizzontale;Pioggia in atto;Scarso;Sufficiente;Sufficiente;1;0;0;1;12,45485;41,99434;-1;2;Autovettura privata;In marcia / fermata / arresto;Conducente;M;Rimandato;0;NON DECEDUTO;Non accertato;
3872963;1;13/06/2018 13:20:00;Strada Urbana;VIA AURELIANA;in prossimit�;;del civico n.;50;;Veicolo in marcia contro ostacolo accidentale;Rettilineo;Una carreggiata a senso unico di marcia;Asciutto;In cubetti di porfido;Verticale ed orizzontale;Sereno;Normale;Buona;Ore Diurne;0;0;0;2;;;0;1;Motociclo a solo;In marcia / fermata / arresto;Conducente;M;Illeso;0;;Non accertato;