Protocollo;Gruppo;DataOraIncidente;Localizzazione1;STRADA1;Localizzazione2;STRADA2;Strada02;Chilometrica;DaSpecificare;NaturaIncidente;particolaritastrade;TipoStrada;FondoStradale;Pavimentazione;Segnaletica;CondizioneAtmosferica;Traffico;Visibilita;Illuminazione;NUM_FERITI;NUM_RISERVATA;NUM_MORTI;NUM_ILLESI;Longitudine;Latitudine;Confermato;Progressivo;TipoVeicolo;StatoVeicolo;TipoPersona;Sesso;Tipolesione;Deceduto;DecedutoDopo;CinturaCascoUtilizzato;Airbag
3875315;20;15/06/2018 15:00:00;Strada Urbana;VIA DI BACCANELLO;all'intersezione con;VIA MICHELE FERRAIOLO;VIA MICHELE FERRAIOLO;;;Scontro frontale/laterale DX fra veicoli in marcia;Incrocio;Una carreggiata a doppio senso;Asciutto;Asfaltata;Verticale ed orizzontale;Nuvoloso;Normale;Buona;Ore Diurne;1;0;0;1;12,34458;42,06478;-1;2;Autovettura privata;In marcia / fermata / arresto;Conducente;M;Illeso;0;;Non accertato;Inesploso
3875316;1;15/06/2018 09:35:00;Strada Urbana;VIA DI S. GREGORIO;in prossimit�;;del civico n.;26;;Scontro laterale fra veicoli in marcia;Rettilineo;Due carreggiate;Asciutto;In cubetti di porfido;Verticale ed orizzontale;Sereno;Normale;Buona;Ore Diurne;0;0;0;2;12,49003;41,88778;-1;1;Motociclo a solo;In marcia / fermata / arresto;Conducente;F;Illeso;0;;Utilizzato;
3875316;1;15/06/2018 09:35:00;Strada Urbana;VIA DI S. GREGORIO;in prossimit�;;del civico n.;26;;Scontro laterale fra veicoli in marcia;Rettilineo;Due carreggiate;Asciutto;In cubetti di porfido;Verticale ed orizzontale;Sereno;Normale;Buona;Ore Diurne;0;0;0;2;12,49003;41,88778;-1;2;Autocarro inferiore 35 q.;In marcia / fermata / arresto;Conducente;M;Illeso;0;;Non accertato;Inesploso
3875342;7;15/06/2018 13:05:00;Strada Urbana;VIA DELLE PALME;in prossimit�;;del civico n.;196;;Scontro laterale fra veicoli in marcia;Rettilineo;Una carreggiata a senso unico di marcia;Asciutto;Asfaltata;Verticale ed orizzontale;Sereno;Normale;Buona;Ore Diurne;2;0;0;1;12,57284;41,89082;-1;1;Motociclo con passeggero;In marcia / fermata / arresto;Conducente;M;Rimandato;0;NON DECEDUTO;Non accertato;
3875342;7;15/06/2018 13:05:00;Strada Urbana;VIA DELLE PALME;in prossimit�;;del civico n.;196;;Scontro laterale fra veicoli in marcia;Rettilineo;Una carreggiata a senso unico di marcia;Asciutto;Asfaltata;Verticale ed orizzontale;Sereno;Normale;Buona;Ore Diurne;2;0;0;1;12,57284;41,89082;-1;1;Motociclo con passeggero;In marcia / fermata / arresto;Passeggero;F;Rimandato;0;NON DECEDUTO;Non accertato;
3875342;7;15/06/2018 13:05:00;Strada Urbana;VIA DELLE PALME;in prossimit�;;del civico n.;196;;Scontro laterale fra veicoli in marcia;Rettilineo;Una carreggiata a senso unico di marcia;Asciutto;Asfaltata;Verticale ed orizzontale;Sereno;Normale;Buona;Ore Diurne;2;0;0;1;12,57284;41,89082;-1;2;Autovettura privata;In marcia / fermata / arresto;Conducente;M;Illeso;0;;Non accertato;Inesploso
3875352;16;14/06/2018 19:30:00;Strada Urbana;VIA AURELIA ANTICA;in prossimit�;;del civico n.;286;;Scontro frontale/laterale SX fra veicoli in marcia;Rettilineo;Una carreggiata a doppio senso;Asciutto;Asfaltata;Orizzontale;Sereno;Normale;Buona;Ore Diurne;2;0;0;0;12,43603;41,89005;-1;1;Autovettura privata;In marcia / fermata / arresto;Conducente;F;Rimandato;0;NON DECEDUTO;Non accertato;Esploso
3875352;16;14/06/2018 19:30:00;Strada Urbana;VIA AURELIA ANTICA;in prossimit�;;del civico n.;286;;Scontro frontale/laterale SX fra veicoli in marcia;Rettilineo;Una carreggiata a doppio senso;Asciutto;Asfaltata;Orizzontale;Sereno;Normale;Buona;Ore Diurne;2;0;0;0;12,43603;41,89005;-1;2;Autovettura privata;In marcia / fermata / arresto;Conducente;M;Rimandato;0;NON DECEDUTO;Non accertato;Inesploso
3875442;6;15/06/2018 13:20:00;Strada Urbana;VIALE DELLA VENEZIA GIULIA;all'intersezione con;VIA COLLATINA;VIA COLLATINA;;;Scontro laterale fra veicoli in marcia;Incrocio;Una carreggiata a doppio senso;Asciutto;Asfaltata;Verticale;Sereno;Normale;Buona;Ore Diurne;0;0;0;3;12,56257;41,89768;-1;1;Autovettura privata;In marcia / fermata / arresto;Conducente;F;Illeso;0;;;
3875442;6;15/06/2018 13:20:00;Strada Urbana;VIALE DELLA VENEZIA GIULIA;all'intersezione con;VIA COLLATINA;VIA COLLATINA;;;Scontro laterale fra veicoli in marcia;Incrocio;Una carreggiata a doppio senso;Asciutto;Asfaltata;Verticale;Sereno;Normale;Buona;Ore Diurne;0;0;0;3;12,56257;41,89768;-1;2;Autovettura privata;In marcia / fermata / arresto;Conducente;M;Illeso;0;;;
3875442;6;15/06/2018 13:20:00;Strada Urbana;VIALE DELLA VENEZIA GIULIA;all'intersezione con;VIA COLLATINA;VIA COLLATINA;;;Scontro laterale fra veicoli in marcia;Incrocio;Una carreggiata a doppio senso;Asciutto;Asfaltata;Verticale;Sereno;Normale;Buona;Ore Diurne;0;0;0;3;12,56257;41,89768;-1;2;Autovettura privata;In marcia / fermata / arresto;Passeggero;M;Illeso;0;;;
3875453;16;14/06/2018 21:30:00;Strada Urbana;VIALE DEI COLLI PORTUENSI;in prossimit�;;del civico n.;54;;Investimento di pedone;Rettilineo;Due carreggiate;Asciutto;Asfaltata;Orizzontale;Sereno;Scarso;Buona;Sufficiente;0;0;0;2;12,44301;41,87554;-1;;;;Pedone;F;Illeso;0;;;
3875453;16;14/06/2018 21:30:00;Strada Urbana;VIALE DEI COLLI PORTUENSI;in prossimit�;;del civico n.;54;;Investimento di pedone;Rettilineo;Due carreggiate;Asciutto;Asfaltata;Orizzontale;Sereno;Scarso;Buona;Sufficiente;0;0;0;2;12,44301;41,87554;-1;1;Autovettura privata;In marcia / fermata / arresto;Conducente;F;Illeso;0;;Non accertato;Inesploso
3875465;12;15/06/2018 15:20:00;Strada Urbana;VIALE DELL'OCEANO ATLANTICO;all'intersezione con;VIALE CESARE PAVESE;VIALE CESARE PAVESE;;;Tamponamento Multiplo;Intersezione semaforizzata;Due carreggiate;Asciutto;Asfaltata;Verticale ed orizzontale;Sereno;Normale;Buona;Ore Diurne;0;0;0;4;12,48;41,82026;-1;1;Autovettura privata;In marcia / fermata / arresto;Conducente;M;Illeso;0;;Non accertato;Inesploso
3875465;12;15/06/2018 15:20:00;Strada Urbana;VIALE DELL'OCEANO ATLANTICO;all'intersezione con;VIALE CESARE PAVESE;VIALE CESARE PAVESE;;;Tamponamento Multiplo;Intersezione semaforizzata;Due carreggiate;Asciutto;Asfaltata;Verticale ed orizzontale;Sereno;Normale;Buona;Ore Diurne;0;0;0;4;12,48;41,82026;-1;2;Autovettura privata;In marcia / fermata / arresto;Conducente;F;Illeso;0;;Non accertato;Inesploso
3875465;12;15/06/2018 15:20:00;Strada Urbana;VIALE DELL'OCEANO ATLANTICO;all'intersezione con;VIALE CESARE PAVESE;VIALE CESARE PAVESE;;;Tamponamento Multiplo;Intersezione semaforizzata;Due carreggiate;Asciutto;Asfaltata;Verticale ed orizzontale;Sereno;Normale;Buona;Ore Diurne;0;0;0;4;12,48;41,82026;-1;3;Autovettura privata;In marcia / fermata / arresto;Conducente;M;Illeso;0;;Non accertato;Inesploso
3875465;12;15/06/2018 15:20:00;Strada Urbana;VIALE DELL'OCEANO ATLANTICO;all'intersezione con;VIALE CESARE PAVESE;VIALE CESARE PAVESE;;;Tamponamento Multiplo;Intersezione semaforizzata;Due carreggiate;Asciutto;Asfaltata;Verticale ed orizzontale;Sereno;Normale;Buona;Ore Diurne;0;0;0;4;12,48;41,82026;-1;4;Autovettura privata;In marcia / fermata / arresto;Conducente;M;Illeso;0;;Non accertato;Inesploso
3875500;17;14/06/2018 17:30:00;Strada Urbana;VIALE GIUSEPPE MAZZINI;in prossimit�;;del civico n.;75;;Infortunio per sola frenata improvvisa;Rettilineo;Due carreggiate;Bagnato (pioggia);Asfaltata;Verticale ed orizzontale;Pioggia in atto;Normale;Buona;Ore Diurne;1;0;0;1;12,46233;41,91518;0;1;Motociclo a solo;In marcia / fermata / arresto;Conducente;M;Rimandato;0;NON DECEDUTO;;
3875500;17;14/06/2018 17:30:00;Strada Urbana;VIALE GIUSEPPE MAZZINI;in prossimit�;;del civico n.;75;;Infortunio per sola frenata improvvisa;Rettilineo;Due carreggiate;Bagnato (pioggia);Asfaltata;Verticale ed orizzontale;Pioggia in atto;Normale;Buona;Ore Diurne;1;0;0;1;12,46233;41,91518;0;2;Autocarro inferiore 35 q.;In marcia / fermata / arresto;Conducente;M;Illeso;0;;;
3875512;12;12/06/2018 15:20:00;Strada Urbana;PIAZZALE ELSA MORANTE;all'intersezione con;VIA GUIDO DA VERONA;VIA GUIDO DA VERONA;;;Scontro laterale fra veicoli in marcia;Incrocio;Due carreggiate;Asciutto;Asfaltata;Verticale;Nuvoloso;Scarso;Buona;Ore Diurne;2;0;0;0;12,46806;41,8134;-1;1;Autovettura di polizia;In marcia / fermata / arresto;Conducente;M;Rimandato;0;NON DECEDUTO;;Inesploso
3875512;12;12/06/2018 15:20:00;Strada Urbana;PIAZZALE ELSA MORANTE;all'intersezione con;VIA GUIDO DA VERONA;VIA GUIDO DA VERONA;;;Scontro laterale fra veicoli in marcia;Incrocio;Due carreggiate;Asciutto;Asfaltata;Verticale;Nuvoloso;Scarso;Buona;Ore Diurne;2;0;0;0;12,46806;41,8134;-1;1;Autovettura di polizia;In marcia / fermata / arresto;Passeggero;M;Rimandato;0;NON DECEDUTO;;
3875532;1;15/06/2018 08:30:00;Strada Urbana;VIALE DELLE TERME DI CARACALLA;in prossimit�;;del civico n.;1;;Scontro frontale/laterale DX fra veicoli in marcia;Rettilineo;Una carreggiata a doppio senso;Asciutto;Asfaltata;Verticale ed orizzontale;Sereno;Normale;Buona;Ore Diurne;0;0;0;2;12,49666;41,87486;-1;1;Autovettura privata;In marcia / fermata / arresto;Conducente;M;Illeso;0;;Non accertato;
3875532;1;15/06/2018 08:30:00;Strada Urbana;VIALE DELLE TERME DI CARACALLA;in prossimit�;;del civico n.;1;;Scontro frontale/laterale DX fra veicoli in marcia;Rettilineo;Una carreggiata a doppio senso;Asciutto;Asfaltata;Verticale ed orizzontale;Sereno;Normale;Buona;Ore Diurne;0;0;0;2;12,49666;41,87486;-1;2;Autovettura privata;In marcia / fermata / arresto;Conducente;M;Illeso;0;;Non accertato;
3875550;13;15/06/2018 13:55:00;Comunale extraurbana;VIA CRISTOFORO COLOMBO;in prossimit�;;della chilometrica;26.615;;Veicolo in marcia contro ostacolo fisso;Rettilineo;Pi� di due carreggiate;Asciutto;Asfaltata;Verticale ed orizzontale;Sereno;Normale;Buona;Ore Diurne;0;0;1;0;12,32374;41,71956;0;1;Motociclo con passeggero;In marcia / fermata / arresto;Conducente;F;Deceduto durante prime cure;-1;;;
3875557;19;15/06/2018 16:15:00;Strada Urbana;VIA DEL FORTE TRIONFALE;in prossimit�;;del civico n.;12;;Scontro laterale fra veicoli in marcia;Rettilineo;Una carreggiata a doppio senso;Asciutto;Asfaltata;Orizzontale;Nuvoloso;Normale;Buona;Ore Diurne;1;0;0;0;12,43293;41,93863;-1;1;Motociclo a solo;In marcia / fermata / arresto;Conducente;M;Ricoverato;0;NON DECEDUTO;Non accertato;
3875572;17;14/06/2018 15:40:00;Strada Urbana;VIA FRANCESCO CARACCIOLO;all'intersezione con;VIA MOCENIGO;VIA MOCENIGO;;;Scontro laterale fra veicoli in marcia;Intersezione stradale segnalata;Una carreggiata a senso unico di marcia;Bagnato (pioggia);Asfaltata;Verticale ed orizzontale;Pioggia in atto;Normale;Buona;Ore Diurne;0;0;0;4;12,4513;41,90858;0;1;Autocarro inferiore 35 q.;In marcia / fermata / arresto;Conducente;M;Illeso;0;;;
3875572;17;14/06/2018 15:40:00;Strada Urbana;VIA FRANCESCO CARACCIOLO;all'intersezione con;VIA MOCENIGO;VIA MOCENIGO;;;Scontro laterale fra veicoli in marcia;Intersezione stradale segnalata;Una carreggiata a senso unico di marcia;Bagnato (pioggia);Asfaltata;Verticale ed orizzontale;Pioggia in atto;Normale;Buona;Ore Diurne;0;0;0;4;12,4513;41,90858;0;2;Autovettura privata;In marcia / fermata / arresto;Conducente;M;Illeso;0;;;
3875572;17;14/06/2018 15:40:00;Strada Urbana;VIA FRANCESCO CARACCIOLO;all'intersezione con;VIA MOCENIGO;VIA MOCENIGO;;;Scontro laterale fra veicoli in marcia;Intersezione stradale segnalata;Una carreggiata a senso unico di marcia;Bagnato (pioggia);Asfaltata;Verticale ed orizzontale;Pioggia in atto;Normale;Buona;Ore Diurne;0;0;0;4;12,4513;41,90858;0;2;Autovettura privata;In marcia / fermata / arresto;Passeggero;M;Illeso;0;;;
3875572;17;14/06/2018 15:40:00;Strada Urbana;VIA FRANCESCO CARACCIOLO;all'intersezione con;VIA MOCENIGO;VIA MOCENIGO;;;Scontro laterale fra veicoli in marcia;Intersezione stradale segnalata;Una carreggiata a senso unico di marcia;Bagnato (pioggia);Asfaltata;Verticale ed orizzontale;Pioggia in atto;Normale;Buona;Ore Diurne;0;0;0;4;12,4513;41,90858;0;2;Autovettura privata;In marcia / fermata / arresto;Passeggero;F;Illeso;0;;;
3875593;9;15/06/2018 16:00:00;Strada Urbana;VIA CESARE BARONIO;all'intersezione con;VIA LATINA;VIA LATINA;;;Scontro frontale/laterale DX fra veicoli in marcia;Incrocio;Una carreggiata a senso unico di marcia;Asciutto;Asfaltata;Verticale ed orizzontale;Sereno;Normale;Buona;Ore Diurne;0;0;0;2;12,51817;41,87149;-1;1;Autovettura privata;In marcia / fermata / arresto;Conducente;M;Illeso;0;;Non accertato;Inesploso
3875593;9;15/06/2018 16:00:00;Strada Urbana;VIA CESARE BARONIO;all'intersezione con;VIA LATINA;VIA LATINA;;;Scontro frontale/laterale DX fra veicoli in marcia;Incrocio;Una carreggiata a senso unico di marcia;Asciutto;Asfaltata;Verticale ed orizzontale;Sereno;Normale;Buona;Ore Diurne;0;0;0;2;12,51817;41,87149;-1;2;Quadriciclo leggero;In marcia / fermata / arresto;Conducente;M;Illeso;0;;Non accertato;Inesploso
3875613;17;14/06/2018 07:45:00;Strada Urbana;CIRCONVALLAZIONE CLODIA;in corrispondenza;;del civico n.;29;;Veicolo in marcia contro ostacolo accidentale;Rettilineo;Due carreggiate;Asciutto;Asfaltata;Verticale ed orizzontale;Sereno;Normale;Buona;Ore Diurne;0;0;0;2;12,45292;41,91556;0;1;Autocarro inferiore 35 q.;In marcia / fermata / arresto;Conducente;M;Illeso;0;;;
3875613;17;14/06/2018 07:45:00;Strada Urbana;CIRCONVALLAZIONE CLODIA;in corrispondenza;;del civico n.;29;;Veicolo in marcia contro ostacolo accidentale;Rettilineo;Due carreggiate;Asciutto;Asfaltata;Verticale ed orizzontale;Sereno;Normale;Buona;Ore Diurne;0;0;0;2;12,45292;41,91556;0;1;Autocarro inferiore 35 q.;In marcia / fermata / arresto;Passeggero;M;Illeso;0;;;
3875622;6;15/06/2018 12:20:00;Strada Urbana;VIA VALENTINO BANAL;in corrispondenza;;del civico n.;23;;Veicolo in marcia contro veicolo fermo;Rettilineo;Una carreggiata a senso unico di marcia;Asciutto;Asfaltata;Assente;Sereno;Scarso;Buona;Ore Diurne;0;0;0;2;12,55425;41,88295;-1;1;Autovettura privata;In marcia / fermata / arresto;Conducente;M;Illeso;0;;;
3875622;6;15/06/2018 12:20:00;Strada Urbana;VIA VALENTINO BANAL;in corrispondenza;;del civico n.;23;;Veicolo in marcia contro veicolo fermo;Rettilineo;Una carreggiata a senso unico di marcia;Asciutto;Asfaltata;Assente;Sereno;Scarso;Buona;Ore Diurne;0;0;0;2;12,55425;41,88295;-1;2;Autovettura privata;In marcia / fermata / arresto;Conducente;F;Illeso;0;;;
3875627;12;15/06/2018 16:45:00;Strada Urbana;VIA CRISTOFORO COLOMBO;da specificare;;;;dir. G.R.A. alt.piazzale del Lavoro, palo luce 354;Scontro laterale fra veicoli in marcia;Rettilineo;Pi� di due carreggiate;Asciutto;Asfaltata;Assente;Sereno;Normale;Buona;Ore Diurne;1;0;0;1;12,47621;41,84434;-1;1;Autovettura privata;In marcia / fermata / arresto;Conducente;M;Illeso;0;;Non accertato;Inesistente
3875627;12;15/06/2018 16:45:00;Strada Urbana;VIA CRISTOFORO COLOMBO;da specificare;;;;dir. G.R.A. alt.piazzale del Lavoro, palo luce 354;Scontro laterale fra veicoli in marcia;Rettilineo;Pi� di due carreggiate;Asciutto;Asfaltata;Assente;Sereno;Normale;Buona;Ore Diurne;1;0;0;1;12,47621;41,84434;-1;2;Motociclo a solo;In marcia / fermata / arresto;Conducente;M;Rimandato;0;NON DECEDUTO;Non accertato;
3875630;20;15/06/2018 18:40:00;Strada Urbana;VIALE MAURIZIO BARENDSON;da specificare;;;;dir. RAI corr. rampa per Flaminia;Scontro frontale/laterale SX fra veicoli in marcia;Curva a visuale libera;Una carreggiata a doppio senso;Asciutto;Asfaltata;Verticale ed orizzontale;Sereno;Scarso;Buona;Ore Diurne;0;0;0;3;12,49481;41,97555;-1;1;Autovettura privata;In marcia / fermata / arresto;Conducente;M;Illeso;0;;Non accertato;Inesploso
3875630;20;15/06/2018 18:40:00;Strada Urbana;VIALE MAURIZIO BARENDSON;da specificare;;;;dir. RAI corr. rampa per Flaminia;Scontro frontale/laterale SX fra veicoli in marcia;Curva a visuale libera;Una carreggiata a doppio senso;Asciutto;Asfaltata;Verticale ed orizzontale;Sereno;Scarso;Buona;Ore Diurne;0;0;0;3;12,49481;41,97555;-1;2;Autovettura privata;In marcia / fermata / arresto;Conducente;M;Illeso;0;;Non accertato;Inesploso
3875630;20;15/06/2018 18:40:00;Strada Urbana;VIALE MAURIZIO BARENDSON;da specificare;;;;dir. RAI corr. rampa per Flaminia;Scontro frontale/laterale SX fra veicoli in marcia;Curva a visuale libera;Una carreggiata a doppio senso;Asciutto;Asfaltata;Verticale ed orizzontale;Sereno;Scarso;Buona;Ore Diurne;0;0;0;3;12,49481;41,97555;-1;2;Autovettura privata;In marcia / fermata / arresto;Passeggero;F;Illeso;0;;Non accertato;Inesploso
3875694;19;15/06/2018 18:55:00;Strada Urbana;VIA DI CASAL DEL MARMO;in prossimit�;;del civico n.;212;;Scontro laterale fra veicoli in marcia;Rettilineo;Una carreggiata a doppio senso;Asciutto;Asfaltata;Orizzontale;Nuvoloso;Normale;Buona;Ore Diurne;0;0;0;4;12,40054;41,9542;-1;1;Autovettura privata;In marcia / fermata / arresto;Conducente;M;Illeso;0;;;
3875694;19;15/06/2018 18:55:00;Strada Urbana;VIA DI CASAL DEL MARMO;in prossimit�;;del civico n.;212;;Scontro laterale fra veicoli in marcia;Rettilineo;Una carreggiata a doppio senso;Asciutto;Asfaltata;Orizzontale;Nuvoloso;Normale;Buona;Ore Diurne;0;0;0;4;12,40054;41,9542;-1;1;Autovettura privata;In marcia / fermata / arresto;Passeggero;F;Illeso;0;;;
3875694;19;15/06/2018 18:55:00;Strada Urbana;VIA DI CASAL DEL MARMO;in prossimit�;;del civico n.;212;;Scontro laterale fra veicoli in marcia;Rettilineo;Una carreggiata a doppio senso;Asciutto;Asfaltata;Orizzontale;Nuvoloso;Normale;Buona;Ore Diurne;0;0;0;4;12,40054;41,9542;-1;1;Autovettura privata;In marcia / fermata / arresto;Passeggero;F;Illeso;0;;;
3875694;19;15/06/2018 18:55:00;Strada Urbana;VIA DI CASAL DEL MARMO;in prossimit�;;del civico n.;212;;Scontro laterale fra veicoli in marcia;Rettilineo;Una carreggiata a doppio senso;Asciutto;Asfaltata;Orizzontale;Nuvoloso;Normale;Buona;Ore Diurne;0;0;0;4;12,40054;41,9542;-1;2;Motociclo a solo;In marcia / fermata / arresto;Conducente;M;Illeso;0;;;
3875713;20;15/06/2018 19:45:00;Strada Urbana;VIA DI QUARTO PEPERINO;in prossimit�;;del palo luce n.;68;;Veicolo in marcia contro ostacolo accidentale;Curva a visuale libera;Una carreggiata a doppio senso;Asciutto;Con buche;Orizzontale;Sereno;Normale;Buona;Ore Diurne;0;0;0;1;12,48776;41,97941;-1;1;Autovettura privata;In marcia / fermata / arresto;Conducente;F;Illeso;0;;Non accertato;Inesploso
3876049;11;15/06/2018 22:10:00;Strada Urbana;VIA ANDREA MANTEGNA;in prossimit�;;del civico n.;49;;Tamponamento;Rettilineo;Due carreggiate;Asciutto;Asfaltata;Verticale ed orizzontale;Sereno;Scarso;Buona;Sufficiente;0;0;0;2;12,4957;41,8526;-1;1;Autovettura privata;In marcia / fermata / arresto;Conducente;M;Illeso;0;;Non utilizzato;Inesploso
3876049;11;15/06/2018 22:10:00;Strada Urbana;VIA ANDREA MANTEGNA;in prossimit�;;del civico n.;49;;Tamponamento;Rettilineo;Due carreggiate;Asciutto;Asfaltata;Verticale ed orizzontale;Sereno;Scarso;Buona;Sufficiente;0;0;0;2;12,4957;41,8526;-1;2;Autovettura privata;In marcia / fermata / arresto;Conducente;M;Illeso;0;;Utilizzato;Inesploso
3876058;6;16/06/2018 01:15:00;Strada Urbana;VIA TIBURTINA;da specificare;;;;100 m. prima di Via Morolo;Scontro laterale fra veicoli in marcia;Rettilineo;Due carreggiate;Asciutto;Asfaltata;Verticale ed orizzontale;Sereno;Scarso;Sufficiente;Sufficiente;0;0;0;3;12,61926;41,93763;-1;1;Autovettura privata;In marcia / fermata / arresto;Conducente;M;Illeso;0;;;
3876058;6;16/06/2018 01:15:00;Strada Urbana;VIA TIBURTINA;da specificare;;;;100 m. prima di Via Morolo;Scontro laterale fra veicoli in marcia;Rettilineo;Due carreggiate;Asciutto;Asfaltata;Verticale ed orizzontale;Sereno;Scarso;Sufficiente;Sufficiente;0;0;0;3;12,61926;41,93763;-1;1;Autovettura privata;In marcia / fermata / arresto;Passeggero;F;Illeso;0;;;
3876058;6;16/06/2018 01:15:00;Strada Urbana;VIA TIBURTINA;da specificare;;;;100 m. prima di Via Morolo;Scontro laterale fra veicoli in marcia;Rettilineo;Due carreggiate;Asciutto;Asfaltata;Verticale ed orizzontale;Sereno;Scarso;Sufficiente;Sufficiente;0;0;0;3;12,61926;41,93763;-1;1;Autovettura privata;In marcia / fermata / arresto;Passeggero;M;Illeso;0;;;
3876071;11;15/06/2018 14:40:00;Strada Urbana;VIA TEMISTOCLE CALZECCHI ONESTI;in prossimit�;;del civico n.;10;;Veicolo in marcia contro ostacolo accidentale;Rettilineo;Due carreggiate;Asciutto;Asfaltata;Verticale ed orizzontale;Sereno;Intenso;Buona;Ore Diurne;0;0;0;2;12,47163;41,85711;-1;1;Autovettura privata;In marcia / fermata / arresto;Conducente;M;Illeso;0;;;
3876071;11;15/06/2018 14:40:00;Strada Urbana;VIA TEMISTOCLE CALZECCHI ONESTI;in prossimit�;;del civico n.;10;;Veicolo in marcia contro ostacolo accidentale;Rettilineo;Due carreggiate;Asciutto;Asfaltata;Verticale ed orizzontale;Sereno;Intenso;Buona;Ore Diurne;0;0;0;2;12,47163;41,85711;-1;1;Autovettura privata;In marcia / fermata / arresto;Passeggero;F;Illeso;0;;;
3876073;15;15/06/2018 13:10:00;Strada Urbana;VIALE ISACCO NEWTON;da specificare;;;;alt. palo ACEA n. 124;Tamponamento;Rettilineo;Una carreggiata a doppio senso;Asciutto;Asfaltata;Orizzontale;Nuvoloso;Normale;Buona;Ore Diurne;1;0;0;1;12,44238;41,84875;-1;1;Veicolo speciale;In marcia / fermata / arresto;Conducente;M;Illeso;0;;;
3876073;15;15/06/2018 13:10:00;Strada Urbana;VIALE ISACCO NEWTON;da specificare;;;;alt. palo ACEA n. 124;Tamponamento;Rettilineo;Una carreggiata a doppio senso;Asciutto;Asfaltata;Orizzontale;Nuvoloso;Normale;Buona;Ore Diurne;1;0;0;1;12,44238;41,84875;-1;2;Motociclo a solo;In marcia / fermata / arresto;Conducente;M;Rimandato;0;NON DECEDUTO;;
3876102;11;16/06/2018 00:15:00;Strada Urbana;VIALE DI TOR MARANCIA;all'intersezione con;VIA ANNIO FELICE;VIA ANNIO FELICE;;;Scontro frontale/laterale DX fra veicoli in marcia;Incrocio;Due carreggiate;Asciutto;Asfaltata;Verticale ed orizzontale;Sereno;Scarso;Buona;Sufficiente;1;0;0;2;12,4972;41,85617;-1;1;Autovettura privata;In marcia / fermata / arresto;Conducente;M;Illeso;0;;Non accertato;
3876102;11;16/06/2018 00:15:00;Strada Urbana;VIALE DI TOR MARANCIA;all'intersezione con;VIA ANNIO FELICE;VIA ANNIO FELICE;;;Scontro frontale/laterale DX fra veicoli in marcia;Incrocio;Due carreggiate;Asciutto;Asfaltata;Verticale ed orizzontale;Sereno;Scarso;Buona;Sufficiente;1;0;0;2;12,4972;41,85617;-1;1;Autovettura privata;In marcia / fermata / arresto;Passeggero;M;Illeso;0;;Non accertato;
3876102;11;16/06/2018 00:15:00;Strada Urbana;VIALE DI TOR MARANCIA;all'intersezione con;VIA ANNIO FELICE;VIA ANNIO FELICE;;;Scontro frontale/laterale DX fra veicoli in marcia;Incrocio;Due carreggiate;Asciutto;Asfaltata;Verticale ed orizzontale;Sereno;Scarso;Buona;Sufficiente;1;0;0;2;12,4972;41,85617;-1;2;Motociclo a solo;In marcia / fermata / arresto;Conducente;M;Rimandato;0;NON DECEDUTO;Non accertato;
3876127;8;15/06/2018 07:00:00;Statale entro l'abitato;VIA CASILINA;all'intersezione con;VIA CARLO SANTARELLI;VIA CARLO SANTARELLI;;;Scontro frontale/laterale SX fra veicoli in marcia;Intersezione stradale segnalata;Una carreggiata a doppio senso;Asciutto;Asfaltata;Verticale ed orizzontale;Sereno;Intenso;Sufficiente;Ore Diurne;0;0;0;2;12,62713;41,86324;-1;1;Autovettura privata;In marcia / fermata / arresto;Conducente;M;Illeso;0;;Non accertato;Inesploso
3876127;8;15/06/2018 07:00:00;Statale entro l'abitato;VIA CASILINA;all'intersezione con;VIA CARLO SANTARELLI;VIA CARLO SANTARELLI;;;Scontro frontale/laterale SX fra veicoli in marcia;Intersezione stradale segnalata;Una carreggiata a doppio senso;Asciutto;Asfaltata;Verticale ed orizzontale;Sereno;Intenso;Sufficiente;Ore Diurne;0;0;0;2;12,62713;41,86324;-1;2;Autobus di linea;In marcia / fermata / arresto;Conducente;M;Illeso;0;;Non accertato;Inesploso
3876129;8;15/06/2018 11:25:00;Strada Urbana;VIA DI TOR BELLA MONACA;all'intersezione con;VIA CASILINA;VIA CASILINA;;;Investimento di pedone;Incrocio;Una carreggiata a senso unico di marcia;Asciutto;Asfaltata;Verticale ed orizzontale;Sereno;Intenso;Buona;Ore Diurne;1;0;0;1;12,62375;41,87848;-1;;;;Pedone;F;Rimandato;0;NON DECEDUTO;;
3876129;8;15/06/2018 11:25:00;Strada Urbana;VIA DI TOR BELLA MONACA;all'intersezione con;VIA CASILINA;VIA CASILINA;;;Investimento di pedone;Incrocio;Una carreggiata a senso unico di marcia;Asciutto;Asfaltata;Verticale ed orizzontale;Sereno;Intenso;Buona;Ore Diurne;1;0;0;1;12,62375;41,87848;-1;1;Autovettura privata;In marcia / fermata / arresto;Conducente;M;Illeso;0;;Non accertato;Inesploso
3876131;8;15/06/2018 11:55:00;;VIA CASILINA;da specificare;;;;prossimit� VIA DI TORRENONVA DIR. ROMA;Investimento di pedone;;;;;;;;;;1;0;0;1;13,5812;41,45504;0;;;;Pedone;M;Rimandato;0;NON DECEDUTO;;