Protocollo;Gruppo;DataOraIncidente;Localizzazione1;STRADA1;Localizzazione2;STRADA2;Strada02;Chilometrica;DaSpecificare;NaturaIncidente;particolaritastrade;TipoStrada;FondoStradale;Pavimentazione;Segnaletica;CondizioneAtmosferica;Traffico;Visibilita;Illuminazione;NUM_FERITI;NUM_RISERVATA;NUM_MORTI;NUM_ILLESI;Longitudine;Latitudine;Confermato;Progressivo;TipoVeicolo;StatoVeicolo;TipoPersona;Sesso;Tipolesione;Deceduto;DecedutoDopo;CinturaCascoUtilizzato;Airbag
3876131;8;15/06/2018 11:55:00;;VIA CASILINA;da specificare;;;;prossimit� VIA DI TORRENONVA DIR. ROMA;Investimento di pedone;;;;;;;;;;1;0;0;1;13,5812;41,45504;0;1;Autovettura privata;In marcia / fermata / arresto;Conducente;M;Illeso;0;;Non accertato;Inesploso
3876133;8;15/06/2018 14:00:00;Strada Urbana;VIA SANT'ELPIDIO A MARE;all'intersezione con;VIA ACQUALAGNA;VIA ACQUALAGNA;;;Scontro frontale/laterale SX fra veicoli in marcia;Intersezione stradale segnalata;Una carreggiata a doppio senso;Asciutto;Asfaltata;Verticale ed orizzontale;Nuvoloso;Scarso;Buona;Ore Diurne;2;0;0;0;12,72614;41,91832;-1;1;Autovettura privata;In marcia / fermata / arresto;Conducente;M;Rimandato;0;NON DECEDUTO;Non accertato;Inesploso
3876133;8;15/06/2018 14:00:00;Strada Urbana;VIA SANT'ELPIDIO A MARE;all'intersezione con;VIA ACQUALAGNA;VIA ACQUALAGNA;;;Scontro frontale/laterale SX fra veicoli in marcia;Intersezione stradale segnalata;Una carreggiata a doppio senso;Asciutto;Asfaltata;Verticale ed orizzontale;Nuvoloso;Scarso;Buona;Ore Diurne;2;0;0;0;12,72614;41,91832;-1;2;Autovettura privata;In marcia / fermata / arresto;Conducente;M;Rifiuta cure immediate;0;NON DECEDUTO;Non accertato;Esploso
3876136;8;15/06/2018 19:10:00;Strada Urbana;VIA DI TOR VERGATA;in corrispondenza;;del palo luce n.;20;;Scontro frontale/laterale DX fra veicoli in marcia;Curva a visuale libera;Una carreggiata a doppio senso;Asciutto;Asfaltata;Verticale ed orizzontale;Nuvoloso;Normale;Buona;Ore Diurne;2;0;0;6;12,62265;41,8469;-1;1;Autovettura privata;In marcia / fermata / arresto;Conducente;M;Illeso;0;;Non accertato;Inesploso
3876136;8;15/06/2018 19:10:00;Strada Urbana;VIA DI TOR VERGATA;in corrispondenza;;del palo luce n.;20;;Scontro frontale/laterale DX fra veicoli in marcia;Curva a visuale libera;Una carreggiata a doppio senso;Asciutto;Asfaltata;Verticale ed orizzontale;Nuvoloso;Normale;Buona;Ore Diurne;2;0;0;6;12,62265;41,8469;-1;1;Autovettura privata;In marcia / fermata / arresto;Passeggero;F;Illeso;0;;Non accertato;Inesploso
3876136;8;15/06/2018 19:10:00;Strada Urbana;VIA DI TOR VERGATA;in corrispondenza;;del palo luce n.;20;;Scontro frontale/laterale DX fra veicoli in marcia;Curva a visuale libera;Una carreggiata a doppio senso;Asciutto;Asfaltata;Verticale ed orizzontale;Nuvoloso;Normale;Buona;Ore Diurne;2;0;0;6;12,62265;41,8469;-1;2;Autovettura privata;In marcia / fermata / arresto;Conducente;M;Illeso;0;;Non accertato;Inesploso
3876136;8;15/06/2018 19:10:00;Strada Urbana;VIA DI TOR VERGATA;in corrispondenza;;del palo luce n.;20;;Scontro frontale/laterale DX fra veicoli in marcia;Curva a visuale libera;Una carreggiata a doppio senso;Asciutto;Asfaltata;Verticale ed orizzontale;Nuvoloso;Normale;Buona;Ore Diurne;2;0;0;6;12,62265;41,8469;-1;2;Autovettura privata;In marcia / fermata / arresto;Passeggero;F;Rifiuta cure immediate;0;NON DECEDUTO;Non accertato;Inesploso
3876136;8;15/06/2018 19:10:00;Strada Urbana;VIA DI TOR VERGATA;in corrispondenza;;del palo luce n.;20;;Scontro frontale/laterale DX fra veicoli in marcia;Curva a visuale libera;Una carreggiata a doppio senso;Asciutto;Asfaltata;Verticale ed orizzontale;Nuvoloso;Normale;Buona;Ore Diurne;2;0;0;6;12,62265;41,8469;-1;2;Autovettura privata;In marcia / fermata / arresto;Passeggero;F;Rifiuta cure immediate;0;NON DECEDUTO;Non accertato;Inesploso
3876136;8;15/06/2018 19:10:00;Strada Urbana;VIA DI TOR VERGATA;in corrispondenza;;del palo luce n.;20;;Scontro frontale/laterale DX fra veicoli in marcia;Curva a visuale libera;Una carreggiata a doppio senso;Asciutto;Asfaltata;Verticale ed orizzontale;Nuvoloso;Normale;Buona;Ore Diurne;2;0;0;6;12,62265;41,8469;-1;2;Autovettura privata;In marcia / fermata / arresto;Passeggero;M;Illeso;0;;Non accertato;
3876136;8;15/06/2018 19:10:00;Strada Urbana;VIA DI TOR VERGATA;in corrispondenza;;del palo luce n.;20;;Scontro frontale/laterale DX fra veicoli in marcia;Curva a visuale libera;Una carreggiata a doppio senso;Asciutto;Asfaltata;Verticale ed orizzontale;Nuvoloso;Normale;Buona;Ore Diurne;2;0;0;6;12,62265;41,8469;-1;2;Autovettura privata;In marcia / fermata / arresto;Passeggero;F;Illeso;0;;Non accertato;
3876136;8;15/06/2018 19:10:00;Strada Urbana;VIA DI TOR VERGATA;in corrispondenza;;del palo luce n.;20;;Scontro frontale/laterale DX fra veicoli in marcia;Curva a visuale libera;Una carreggiata a doppio senso;Asciutto;Asfaltata;Verticale ed orizzontale;Nuvoloso;Normale;Buona;Ore Diurne;2;0;0;6;12,62265;41,8469;-1;3;Autovettura privata;In marcia / fermata / arresto;Conducente;M;Illeso;0;;Non accertato;
3876137;20;14/06/2018 16:30:00;Strada Urbana;VIA CASSIA;all'intersezione con;VIA ANTONIO LABRANCA;VIA ANTONIO LABRANCA;;;Scontro laterale fra veicoli in marcia;Incrocio;Una carreggiata a doppio senso;Asciutto;Asfaltata;Verticale ed orizzontale;Nuvoloso;Intenso;Buona;Ore Diurne;0;0;0;2;12,40087;41,98845;-1;1;Autovettura privata;In marcia / fermata / arresto;Conducente;F;Illeso;0;;Non accertato;
3876137;20;14/06/2018 16:30:00;Strada Urbana;VIA CASSIA;all'intersezione con;VIA ANTONIO LABRANCA;VIA ANTONIO LABRANCA;;;Scontro laterale fra veicoli in marcia;Incrocio;Una carreggiata a doppio senso;Asciutto;Asfaltata;Verticale ed orizzontale;Nuvoloso;Intenso;Buona;Ore Diurne;0;0;0;2;12,40087;41,98845;-1;2;Autovettura privata;In marcia / fermata / arresto;Conducente;M;Illeso;0;;Non accertato;
3876139;8;15/06/2018 22:45:00;Provinciale entro l'abitato;VIA PRENESTINA;da specificare;;;;dir ROMA CENTRO CIRCA 400 M. PRIMA IST. A. SERENI;Veicolo in marcia contro ostacolo accidentale;Rettilineo;Una carreggiata a doppio senso;Asciutto;Asfaltata;Assente;Sereno;Scarso;Buona;Sufficiente;0;0;0;1;12,61532;41,89326;0;1;Autovettura privata;In marcia / fermata / arresto;Conducente;M;Illeso;0;;Non accertato;Inesploso
3876141;15;15/06/2018 17:35:00;Strada Urbana;LARGO GAETANO LA LOGGIA;da specificare;;;;prossimit� fronte civ. 33;Veicolo in marcia contro veicolo fermo;Rettilineo;Una carreggiata a senso unico di marcia;Asciutto;Asfaltata;Verticale ed orizzontale;Sereno;Normale;Buona;Ore Diurne;0;0;0;4;12,44625;41,85571;-1;1;Ciclomotore;In marcia / fermata / arresto;Conducente;F;Illeso;0;;Utilizzato;
3876141;15;15/06/2018 17:35:00;Strada Urbana;LARGO GAETANO LA LOGGIA;da specificare;;;;prossimit� fronte civ. 33;Veicolo in marcia contro veicolo fermo;Rettilineo;Una carreggiata a senso unico di marcia;Asciutto;Asfaltata;Verticale ed orizzontale;Sereno;Normale;Buona;Ore Diurne;0;0;0;4;12,44625;41,85571;-1;1;Ciclomotore;In marcia / fermata / arresto;Passeggero;M;Illeso;0;;Utilizzato;
3876141;15;15/06/2018 17:35:00;Strada Urbana;LARGO GAETANO LA LOGGIA;da specificare;;;;prossimit� fronte civ. 33;Veicolo in marcia contro veicolo fermo;Rettilineo;Una carreggiata a senso unico di marcia;Asciutto;Asfaltata;Verticale ed orizzontale;Sereno;Normale;Buona;Ore Diurne;0;0;0;4;12,44625;41,85571;-1;2;Autovettura privata;In marcia / fermata / arresto;Conducente;M;Illeso;0;;Utilizzato;
3876141;15;15/06/2018 17:35:00;Strada Urbana;LARGO GAETANO LA LOGGIA;da specificare;;;;prossimit� fronte civ. 33;Veicolo in marcia contro veicolo fermo;Rettilineo;Una carreggiata a senso unico di marcia;Asciutto;Asfaltata;Verticale ed orizzontale;Sereno;Normale;Buona;Ore Diurne;0;0;0;4;12,44625;41,85571;-1;2;Autovettura privata;In marcia / fermata / arresto;Passeggero;F;Illeso;0;;Utilizzato;
3876144;8;16/06/2018 02:25:00;Strada Urbana;VIA CASILINA;da specificare;;;;IN PROSSIMITA' INCROCIO VIA CINO DEL DUCA;Veicolo in marcia contro ostacolo accidentale;Rettilineo;Due carreggiate;Asciutto;Asfaltata;Verticale ed orizzontale;Sereno;Normale;Sufficiente;Sufficiente;0;0;0;3;;;0;1;Autovettura privata;In marcia / fermata / arresto;Conducente;M;Illeso;0;;Non accertato;Inesploso
3876144;8;16/06/2018 02:25:00;Strada Urbana;VIA CASILINA;da specificare;;;;IN PROSSIMITA' INCROCIO VIA CINO DEL DUCA;Veicolo in marcia contro ostacolo accidentale;Rettilineo;Due carreggiate;Asciutto;Asfaltata;Verticale ed orizzontale;Sereno;Normale;Sufficiente;Sufficiente;0;0;0;3;;;0;1;Autovettura privata;In marcia / fermata / arresto;Passeggero;F;Illeso;0;;Utilizzato;Inesploso
3876144;8;16/06/2018 02:25:00;Strada Urbana;VIA CASILINA;da specificare;;;;IN PROSSIMITA' INCROCIO VIA CINO DEL DUCA;Veicolo in marcia contro ostacolo accidentale;Rettilineo;Due carreggiate;Asciutto;Asfaltata;Verticale ed orizzontale;Sereno;Normale;Sufficiente;Sufficiente;0;0;0;3;;;0;1;Autovettura privata;In marcia / fermata / arresto;Passeggero;F;Illeso;0;;Utilizzato;Inesploso
3876148;13;13/06/2018 15:35:00;Strada Urbana;VIA DEL MARE;da specificare;;;; dopo KM 23,400 dir. Roma;Veicolo in marcia contro ostacolo accidentale;Rettilineo;Una carreggiata a doppio senso;Asciutto;Asfaltata;Verticale ed orizzontale;Sereno;Normale;Buona;Ore Diurne;0;0;0;1;12,46323;41,84026;-1;1;Autovettura privata;In marcia / fermata / arresto;Conducente;F;Illeso;0;;Non accertato;Inesploso
3876150;9;15/06/2018 18:25:00;Strada Urbana;VIALE CASTRENSE;da specificare;;;;PROSSIMITA' ARCO;Scontro laterale fra veicoli in marcia;Rettilineo;Due carreggiate;Asciutto;Asfaltata;Orizzontale;Sereno;Normale;Buona;Ore Diurne;0;0;0;3;12,51931;41,88916;-1;1;Autovettura privata;In marcia / fermata / arresto;Conducente;M;Illeso;0;;Utilizzato;Inesploso
3876150;9;15/06/2018 18:25:00;Strada Urbana;VIALE CASTRENSE;da specificare;;;;PROSSIMITA' ARCO;Scontro laterale fra veicoli in marcia;Rettilineo;Due carreggiate;Asciutto;Asfaltata;Orizzontale;Sereno;Normale;Buona;Ore Diurne;0;0;0;3;12,51931;41,88916;-1;1;Autovettura privata;In marcia / fermata / arresto;Passeggero;F;Illeso;0;;Utilizzato;Inesploso
3876150;9;15/06/2018 18:25:00;Strada Urbana;VIALE CASTRENSE;da specificare;;;;PROSSIMITA' ARCO;Scontro laterale fra veicoli in marcia;Rettilineo;Due carreggiate;Asciutto;Asfaltata;Orizzontale;Sereno;Normale;Buona;Ore Diurne;0;0;0;3;12,51931;41,88916;-1;2;Motociclo a solo;In marcia / fermata / arresto;Conducente;M;Illeso;0;;Utilizzato;
3876155;15;15/06/2018 19:00:00;Strada Urbana;VIA DELLA MAGLIANA;in corrispondenza;;del civico n.;856;;Scontro frontale fra veicoli in marcia;Rettilineo;Una carreggiata a doppio senso;Asciutto;Asfaltata;Assente;Nuvoloso;Normale;Buona;Ore Diurne;1;0;0;1;12,40452;41,82361;-1;1;Autovettura privata;In marcia / fermata / arresto;Conducente;M;Illeso;0;;Non accertato;
3876155;15;15/06/2018 19:00:00;Strada Urbana;VIA DELLA MAGLIANA;in corrispondenza;;del civico n.;856;;Scontro frontale fra veicoli in marcia;Rettilineo;Una carreggiata a doppio senso;Asciutto;Asfaltata;Assente;Nuvoloso;Normale;Buona;Ore Diurne;1;0;0;1;12,40452;41,82361;-1;2;Autovettura privata;In marcia / fermata / arresto;Conducente;F;Rimandato;0;NON DECEDUTO;Utilizzato;Esploso
3876159;9;16/06/2018 03:50:00;;VIALE SPARTACO;all'intersezione con;VIA LUCIO SESTIO;VIA LUCIO SESTIO;;;Scontro frontale/laterale SX fra veicoli in marcia;;;;;;;;;;1;0;0;1;;;0;1;Autovettura privata;In marcia / fermata / arresto;Conducente;M;Illeso;0;;;
3876159;9;16/06/2018 03:50:00;;VIALE SPARTACO;all'intersezione con;VIA LUCIO SESTIO;VIA LUCIO SESTIO;;;Scontro frontale/laterale SX fra veicoli in marcia;;;;;;;;;;1;0;0;1;;;0;2;Autovettura privata;In marcia / fermata / arresto;Conducente;M;Rimandato;0;NON DECEDUTO;;
3876164;20;14/06/2018 20:15:00;Strada Urbana;VIA FEDERICO BOCCHETTI;all'intersezione con;VIA ALDO BORTOLUSSI;VIA ALDO BORTOLUSSI;;;Scontro frontale/laterale DX fra veicoli in marcia;Incrocio;Una carreggiata a doppio senso;Bagnato (umidit� in atto);Asfaltata;Assente;Nuvoloso;Scarso;Sufficiente;Ore Diurne;0;0;0;3;12336;42,06663;-1;1;Autovettura privata;In marcia / fermata / arresto;Conducente;M;Illeso;0;;Non accertato;
3876164;20;14/06/2018 20:15:00;Strada Urbana;VIA FEDERICO BOCCHETTI;all'intersezione con;VIA ALDO BORTOLUSSI;VIA ALDO BORTOLUSSI;;;Scontro frontale/laterale DX fra veicoli in marcia;Incrocio;Una carreggiata a doppio senso;Bagnato (umidit� in atto);Asfaltata;Assente;Nuvoloso;Scarso;Sufficiente;Ore Diurne;0;0;0;3;12336;42,06663;-1;1;Autovettura privata;In marcia / fermata / arresto;Passeggero;M;Illeso;0;;Non accertato;
3876164;20;14/06/2018 20:15:00;Strada Urbana;VIA FEDERICO BOCCHETTI;all'intersezione con;VIA ALDO BORTOLUSSI;VIA ALDO BORTOLUSSI;;;Scontro frontale/laterale DX fra veicoli in marcia;Incrocio;Una carreggiata a doppio senso;Bagnato (umidit� in atto);Asfaltata;Assente;Nuvoloso;Scarso;Sufficiente;Ore Diurne;0;0;0;3;12336;42,06663;-1;2;Autovettura privata;In marcia / fermata / arresto;Conducente;M;Illeso;0;;Non accertato;
3876165;13;15/06/2018 08:20:00;;VIA PADRE MASSARUTI;all'intersezione con;VIA PADRE CORSI;VIA PADRE CORSI;;;Scontro frontale/laterale DX fra veicoli in marcia;;;;;;;;;;0;0;0;2;;;0;1;Autovettura privata;In marcia / fermata / arresto;Conducente;F;Illeso;0;;Non accertato;Inesploso
3876165;13;15/06/2018 08:20:00;;VIA PADRE MASSARUTI;all'intersezione con;VIA PADRE CORSI;VIA PADRE CORSI;;;Scontro frontale/laterale DX fra veicoli in marcia;;;;;;;;;;0;0;0;2;;;0;2;Autovettura privata;In marcia / fermata / arresto;Conducente;M;Illeso;0;;Non accertato;Inesploso
3876190;20;15/06/2018 01:00:00;Strada Urbana;VIA DI S. CORNELIA;in corrispondenza;;del civico n.;244;;Tamponamento;Rettilineo;Una carreggiata a doppio senso;Bagnato (umidit� in atto);Asfaltata;Orizzontale;Sereno;Scarso;Buona;Sufficiente;0;0;0;3;12,45407;42,02448;-1;1;Autovettura privata;In marcia / fermata / arresto;Conducente;M;Illeso;0;;Non accertato;
3876190;20;15/06/2018 01:00:00;Strada Urbana;VIA DI S. CORNELIA;in corrispondenza;;del civico n.;244;;Tamponamento;Rettilineo;Una carreggiata a doppio senso;Bagnato (umidit� in atto);Asfaltata;Orizzontale;Sereno;Scarso;Buona;Sufficiente;0;0;0;3;12,45407;42,02448;-1;1;Autovettura privata;In marcia / fermata / arresto;Passeggero;M;Illeso;0;;Non accertato;
3876190;20;15/06/2018 01:00:00;Strada Urbana;VIA DI S. CORNELIA;in corrispondenza;;del civico n.;244;;Tamponamento;Rettilineo;Una carreggiata a doppio senso;Bagnato (umidit� in atto);Asfaltata;Orizzontale;Sereno;Scarso;Buona;Sufficiente;0;0;0;3;12,45407;42,02448;-1;2;Autocarro inferiore 35 q.;In marcia / fermata / arresto;Conducente;M;Illeso;0;;Non accertato;
3876206;13;15/06/2018 09:55:00;;VIA DI ACILIA;all'intersezione con;VIA DEI PESCATORI;VIA DEI PESCATORI;;;Scontro frontale/laterale SX fra veicoli in marcia;;;;;;;;;;0;0;0;2;;;0;1;Autovettura privata;In marcia / fermata / arresto;Conducente;M;Illeso;0;;Non accertato;Inesploso
3876206;13;15/06/2018 09:55:00;;VIA DI ACILIA;all'intersezione con;VIA DEI PESCATORI;VIA DEI PESCATORI;;;Scontro frontale/laterale SX fra veicoli in marcia;;;;;;;;;;0;0;0;2;;;0;2;Autovettura privata;In marcia / fermata / arresto;Conducente;F;Illeso;0;;Non accertato;Inesploso
3876212;20;15/06/2018 19:10:00;Strada Urbana;VIA FLAMINIA;in prossimit�;;del palo luce n.;90;;Veicolo in marcia contro ostacolo accidentale;Rotatoria;Una carreggiata a senso unico di marcia;Asciutto;Asfaltata;Orizzontale;Sereno;Normale;Buona;Ore Diurne;1;0;0;1;12,4844;41,95131;-1;1;Motociclo con passeggero;In marcia / fermata / arresto;Conducente;F;Rimandato;0;NON DECEDUTO;Utilizzato;
3876212;20;15/06/2018 19:10:00;Strada Urbana;VIA FLAMINIA;in prossimit�;;del palo luce n.;90;;Veicolo in marcia contro ostacolo accidentale;Rotatoria;Una carreggiata a senso unico di marcia;Asciutto;Asfaltata;Orizzontale;Sereno;Normale;Buona;Ore Diurne;1;0;0;1;12,4844;41,95131;-1;1;Motociclo con passeggero;In marcia / fermata / arresto;Passeggero;F;Illeso;0;;Utilizzato;
3876234;13;16/06/2018 01:45:00;Strada Urbana;VIA PINDARO;all'intersezione semaforizzata con;VIA SENOFANE;VIA SENOFANE;;;Scontro frontale/laterale DX fra veicoli in marcia;Intersezione semaforizzata;Una carreggiata a doppio senso;Asciutto;Asfaltata;Verticale ed orizzontale;Sereno;Scarso;Buona;Sufficiente;2;0;0;0;12,36689;41757;-1;1;Autovettura privata;In marcia / fermata / arresto;Conducente;M;Rimandato;0;NON DECEDUTO;Non accertato;Esploso
3876234;13;16/06/2018 01:45:00;Strada Urbana;VIA PINDARO;all'intersezione semaforizzata con;VIA SENOFANE;VIA SENOFANE;;;Scontro frontale/laterale DX fra veicoli in marcia;Intersezione semaforizzata;Una carreggiata a doppio senso;Asciutto;Asfaltata;Verticale ed orizzontale;Sereno;Scarso;Buona;Sufficiente;2;0;0;0;12,36689;41757;-1;2;Autovettura privata;In marcia / fermata / arresto;Conducente;M;Rimandato;0;NON DECEDUTO;Non accertato;Inesploso
3876242;23;15/06/2018 17:20:00;Strada Urbana;VIA DI S. GREGORIO;da specificare;;;;prima del semaforo pedonale dir. V. Celio Vibenna;Tamponamento;Rettilineo;Due carreggiate;Asciutto;Asfaltata;Verticale ed orizzontale;Sereno;Normale;Buona;Ore Diurne;0;0;0;3;12,49026;41,88811;-1;1;Autovettura privata;In marcia / fermata / arresto;Conducente;F;Illeso;0;;Non accertato;Inesploso
3876242;23;15/06/2018 17:20:00;Strada Urbana;VIA DI S. GREGORIO;da specificare;;;;prima del semaforo pedonale dir. V. Celio Vibenna;Tamponamento;Rettilineo;Due carreggiate;Asciutto;Asfaltata;Verticale ed orizzontale;Sereno;Normale;Buona;Ore Diurne;0;0;0;3;12,49026;41,88811;-1;1;Autovettura privata;In marcia / fermata / arresto;Passeggero;F;Illeso;0;;Non accertato;Inesploso
3876242;23;15/06/2018 17:20:00;Strada Urbana;VIA DI S. GREGORIO;da specificare;;;;prima del semaforo pedonale dir. V. Celio Vibenna;Tamponamento;Rettilineo;Due carreggiate;Asciutto;Asfaltata;Verticale ed orizzontale;Sereno;Normale;Buona;Ore Diurne;0;0;0;3;12,49026;41,88811;-1;2;Autovettura privata;In marcia / fermata / arresto;Conducente;M;Illeso;0;;Non accertato;Inesploso
3876275;23;16/06/2018 04:25:00;Strada Urbana;VIA DELLE TRE FONTANE;all'intersezione semaforizzata con;VIALE DELL'AGRICOLTURA;VIALE DELL'AGRICOLTURA;;;Investimento di pedone;Incrocio;Una carreggiata a doppio senso;Asciutto;Asfaltata;Verticale ed orizzontale;Sereno;Scarso;Sufficiente;Sufficiente;1;0;0;0;12,47341;41,83939;-1;;;;Pedone;M;Rimandato;0;NON DECEDUTO;;
3876282;19;15/06/2018 19:30:00;Provinciale;VIA BRACCIANENSE;da specificare;;;;altezza rotatoria Casali di San Nicola;Infortunio per caduta del veicolo;Rettilineo;Una carreggiata a doppio senso;Sdrucciolevole (pietrisco);Asfaltata;Verticale ed orizzontale;Sereno;Normale;Buona;Ore Diurne;1;0;0;0;12,36539;42,01315;-1;1;Motociclo a solo;In marcia / fermata / arresto;Conducente;M;Rifiuta cure immediate;0;NON DECEDUTO;Non accertato;
3876299;20;15/06/2018 15:30:00;Strada Urbana;VIALE DI TOR DI QUINTO;in corrispondenza;;del civico n.;35;;Scontro frontale/laterale DX fra veicoli in marcia;Rettilineo;Due carreggiate;Asciutto;Asfaltata;Verticale ed orizzontale;Sereno;Normale;Buona;Ore Diurne;1;0;0;3;12,46914;41,93737;-1;1;Autovettura privata;In marcia / fermata / arresto;Conducente;M;Illeso;0;;Non accertato;
3876299;20;15/06/2018 15:30:00;Strada Urbana;VIALE DI TOR DI QUINTO;in corrispondenza;;del civico n.;35;;Scontro frontale/laterale DX fra veicoli in marcia;Rettilineo;Due carreggiate;Asciutto;Asfaltata;Verticale ed orizzontale;Sereno;Normale;Buona;Ore Diurne;1;0;0;3;12,46914;41,93737;-1;1;Autovettura privata;In marcia / fermata / arresto;Passeggero;F;Illeso;0;;Non accertato;
3876299;20;15/06/2018 15:30:00;Strada Urbana;VIALE DI TOR DI QUINTO;in corrispondenza;;del civico n.;35;;Scontro frontale/laterale DX fra veicoli in marcia;Rettilineo;Due carreggiate;Asciutto;Asfaltata;Verticale ed orizzontale;Sereno;Normale;Buona;Ore Diurne;1;0;0;3;12,46914;41,93737;-1;1;Autovettura privata;In marcia / fermata / arresto;Passeggero;F;Illeso;0;;Non accertato;
3876299;20;15/06/2018 15:30:00;Strada Urbana;VIALE DI TOR DI QUINTO;in corrispondenza;;del civico n.;35;;Scontro frontale/laterale DX fra veicoli in marcia;Rettilineo;Due carreggiate;Asciutto;Asfaltata;Verticale ed orizzontale;Sereno;Normale;Buona;Ore Diurne;1;0;0;3;12,46914;41,93737;-1;2;Motociclo a solo;In marcia / fermata / arresto;Conducente;F;Rifiuta cure immediate;0;NON DECEDUTO;Non accertato;
3876370;13;15/06/2018 10:15:00;Strada Urbana;VIA DELL'APPAGLIATORE;all'intersezione con;VIA DELLE EBRIDI;VIA DELLE EBRIDI;;;Investimento di pedone;Incrocio;Una carreggiata a doppio senso;Asciutto;Asfaltata;Assente;Sereno;Intenso;Sufficiente;Ore Diurne;1;0;0;1;12,2643;41,73954;-1;;;;Pedone;F;Rimandato;0;NON DECEDUTO;;
3876370;13;15/06/2018 10:15:00;Strada Urbana;VIA DELL'APPAGLIATORE;all'intersezione con;VIA DELLE EBRIDI;VIA DELLE EBRIDI;;;Investimento di pedone;Incrocio;Una carreggiata a doppio senso;Asciutto;Asfaltata;Assente;Sereno;Intenso;Sufficiente;Ore Diurne;1;0;0;1;12,2643;41,73954;-1;1;Autovettura privata;In marcia / fermata / arresto;Conducente;M;Illeso;0;;Non accertato;Inesploso
3876381;20;15/06/2018 10:00:00;Regionale;VIA CASSIA;da specificare;;;;in pross.t� VIA LABRANCA;Scontro laterale fra veicoli in marcia;Rettilineo;Una carreggiata a doppio senso;Asciutto;Asfaltata;Orizzontale;Sereno;Intenso;Buona;Ore Diurne;1;0;0;1;12,41323;41,98292;-1;1;Motociclo a solo;In marcia / fermata / arresto;Conducente;M;Rimandato;0;NON DECEDUTO;Non accertato;
3876381;20;15/06/2018 10:00:00;Regionale;VIA CASSIA;da specificare;;;;in pross.t� VIA LABRANCA;Scontro laterale fra veicoli in marcia;Rettilineo;Una carreggiata a doppio senso;Asciutto;Asfaltata;Orizzontale;Sereno;Intenso;Buona;Ore Diurne;1;0;0;1;12,41323;41,98292;-1;2;Autovettura privata;In marcia / fermata / arresto;Conducente;F;Illeso;0;;Non accertato;
3876432;13;15/06/2018 16:00:00;Strada Urbana;PIAZZALE MAGELLANO;da specificare;;;;interno piazza;Veicolo in marcia contro veicolo in sosta;Curva a visuale libera;Due carreggiate;Asciutto;Asfaltata;Orizzontale;Sereno;Normale;Buona;Ore Diurne;0;0;0;1;12,28899;41,72573;-1;1;Autovettura privata;In marcia / fermata / arresto;Conducente;M;Illeso;0;;;
3876476;15;16/06/2018 09:00:00;Strada Urbana;VIA PORTUENSE;all'intersezione con;VIA GIUSEPPE TROIANI;VIA GIUSEPPE TROIANI;;;Scontro frontale/laterale DX fra veicoli in marcia;Intersezione stradale segnalata;Una carreggiata a doppio senso;Asciutto;Asfaltata;Verticale ed orizzontale;Sereno;Scarso;Buona;Ore Diurne;0;0;0;3;12,41402;41,84696;-1;1;Autovettura privata;In marcia / fermata / arresto;Conducente;F;Illeso;0;;Utilizzato;
3876476;15;16/06/2018 09:00:00;Strada Urbana;VIA PORTUENSE;all'intersezione con;VIA GIUSEPPE TROIANI;VIA GIUSEPPE TROIANI;;;Scontro frontale/laterale DX fra veicoli in marcia;Intersezione stradale segnalata;Una carreggiata a doppio senso;Asciutto;Asfaltata;Verticale ed orizzontale;Sereno;Scarso;Buona;Ore Diurne;0;0;0;3;12,41402;41,84696;-1;1;Autovettura privata;In marcia / fermata / arresto;Passeggero;F;Illeso;0;;Utilizzato;
3876476;15;16/06/2018 09:00:00;Strada Urbana;VIA PORTUENSE;all'intersezione con;VIA GIUSEPPE TROIANI;VIA GIUSEPPE TROIANI;;;Scontro frontale/laterale DX fra veicoli in marcia;Intersezione stradale segnalata;Una carreggiata a doppio senso;Asciutto;Asfaltata;Verticale ed orizzontale;Sereno;Scarso;Buona;Ore Diurne;0;0;0;3;12,41402;41,84696;-1;2;Autovettura privata;In marcia / fermata / arresto;Conducente;M;Illeso;0;;Utilizzato;
3876486;13;15/06/2018 18:40:00;;PIAZZALE CRISTOFORO COLOMBO;da specificare;;;;a ridosso spartitraffico di via c. colombo;Veicolo in marcia contro ostacolo accidentale;;;;;;;;;;0;0;0;2;;;0;1;Autovettura privata;In marcia / fermata / arresto;Conducente;F;Illeso;0;;Non accertato;Inesploso
3876486;13;15/06/2018 18:40:00;;PIAZZALE CRISTOFORO COLOMBO;da specificare;;;;a ridosso spartitraffico di via c. colombo;Veicolo in marcia contro ostacolo accidentale;;;;;;;;;;0;0;0;2;;;0;2;Velocipede;In marcia / fermata / arresto;Conducente;M;Illeso;0;;Esente;
3876538;13;16/06/2018 06:30:00;;VIA DI MACCHIA PALOCCO;in corrispondenza;;del civico n.;5;;Scontro laterale fra veicoli in marcia;;;;;;;;;;0;0;0;3;;;0;1;Autocarro inferiore 35 q.;In marcia / fermata / arresto;Conducente;M;Illeso;0;;;
3876538;13;16/06/2018 06:30:00;;VIA DI MACCHIA PALOCCO;in corrispondenza;;del civico n.;5;;Scontro laterale fra veicoli in marcia;;;;;;;;;;0;0;0;3;;;0;1;Autocarro inferiore 35 q.;In marcia / fermata / arresto;Passeggero;M;Illeso;0;;;