Protocollo;Gruppo;DataOraIncidente;Localizzazione1;STRADA1;Localizzazione2;STRADA2;Strada02;Chilometrica;DaSpecificare;NaturaIncidente;particolaritastrade;TipoStrada;FondoStradale;Pavimentazione;Segnaletica;CondizioneAtmosferica;Traffico;Visibilita;Illuminazione;NUM_FERITI;NUM_RISERVATA;NUM_MORTI;NUM_ILLESI;Longitudine;Latitudine;Confermato;Progressivo;TipoVeicolo;StatoVeicolo;TipoPersona;Sesso;Tipolesione;Deceduto;DecedutoDopo;CinturaCascoUtilizzato;Airbag
3878290;7;16/06/2018 19:40:00;Strada Urbana;VIA DI TOR SAPIENZA;all'intersezione con;VIA GIOVANNI RUCELLAI;VIA GIOVANNI RUCELLAI;;;Scontro frontale/laterale SX fra veicoli in marcia;Incrocio;Una carreggiata a doppio senso;Asciutto;Asfaltata;Orizzontale;Sereno;Normale;Sufficiente;Ore Diurne;1;0;0;1;12,59114;41,8989;-1;1;Autovettura privata;In marcia / fermata / arresto;Conducente;F;Illeso;0;;Non accertato;Inesploso
3878290;7;16/06/2018 19:40:00;Strada Urbana;VIA DI TOR SAPIENZA;all'intersezione con;VIA GIOVANNI RUCELLAI;VIA GIOVANNI RUCELLAI;;;Scontro frontale/laterale SX fra veicoli in marcia;Incrocio;Una carreggiata a doppio senso;Asciutto;Asfaltata;Orizzontale;Sereno;Normale;Sufficiente;Ore Diurne;1;0;0;1;12,59114;41,8989;-1;2;Motociclo con passeggero;In marcia / fermata / arresto;Conducente;M;Rimandato;0;NON DECEDUTO;Non accertato;
3878297;7;17/06/2018 09:30:00;Strada Urbana;VIA PRENESTINA;in corrispondenza;;del civico n.;940;;Veicolo in marcia contro veicolo in sosta;Rettilineo;Una carreggiata a doppio senso;Asciutto;Asfaltata;Assente;Sereno;Normale;Buona;Ore Diurne;0;0;0;1;12,59743;41,89333;-1;1;Autovettura privata;In marcia / fermata / arresto;Conducente;M;Illeso;0;;Non accertato;Inesploso
3878315;7;17/06/2018 02:00:00;Strada Urbana;VIA AUGUSTO DULCERI;all'intersezione con;VIA ANTONIO TEMPESTA;VIA ANTONIO TEMPESTA;;;Veicolo in marcia contro veicoli in sosta;Incrocio;Una carreggiata a doppio senso;Asciutto;Asfaltata;Verticale ed orizzontale;Sereno;Scarso;Sufficiente;Sufficiente;0;0;0;1;12,54052;41,88393;-1;1;Autovettura privata;In marcia / fermata / arresto;Conducente;M;Illeso;0;;Non accertato;Inesploso
3878321;9;17/06/2018 16:50:00;Strada Urbana;VIALE FURIO CAMILLO;in prossimit�;;del civico n.;79;;Veicolo in marcia contro veicolo in sosta;Rettilineo;Due carreggiate;Asciutto;Asfaltata;Verticale ed orizzontale;Sereno;Normale;Buona;Ore Diurne;0;0;0;1;12,52442;41876;-1;1;Autovettura privata;In marcia / fermata / arresto;Conducente;M;Illeso;0;;Non accertato;Inesploso
3878323;9;17/06/2018 18:45:00;Strada Urbana;VIA NOCERA UMBRA;all'intersezione con;VIA GUBBIO;VIA GUBBIO;;;Scontro laterale fra veicoli in marcia;Incrocio;Due carreggiate;Asciutto;Asfaltata;Verticale ed orizzontale;Sereno;Normale;Buona;Ore Diurne;0;0;0;2;12,52718;41,87759;-1;1;Autovettura privata;In marcia / fermata / arresto;Conducente;M;Illeso;0;;Non accertato;Inesploso
3878323;9;17/06/2018 18:45:00;Strada Urbana;VIA NOCERA UMBRA;all'intersezione con;VIA GUBBIO;VIA GUBBIO;;;Scontro laterale fra veicoli in marcia;Incrocio;Due carreggiate;Asciutto;Asfaltata;Verticale ed orizzontale;Sereno;Normale;Buona;Ore Diurne;0;0;0;2;12,52718;41,87759;-1;2;Motociclo a solo;In marcia / fermata / arresto;Conducente;M;Illeso;0;;Non accertato;
3878458;9;17/06/2018 20:30:00;Strada Urbana;VIA LUCREZIA ROMANA;all'intersezione con;VIA MARIO BROGLIO;VIA MARIO BROGLIO;;;Scontro frontale/laterale DX fra veicoli in marcia;Incrocio;Una carreggiata a doppio senso;Asciutto;Asfaltata;Verticale ed orizzontale;Sereno;Normale;Sufficiente;Sufficiente;0;0;0;2;12,57837;41,83229;-1;1;Autovettura privata;In marcia / fermata / arresto;Conducente;M;Illeso;0;;Non accertato;Inesploso
3878458;9;17/06/2018 20:30:00;Strada Urbana;VIA LUCREZIA ROMANA;all'intersezione con;VIA MARIO BROGLIO;VIA MARIO BROGLIO;;;Scontro frontale/laterale DX fra veicoli in marcia;Incrocio;Una carreggiata a doppio senso;Asciutto;Asfaltata;Verticale ed orizzontale;Sereno;Normale;Sufficiente;Sufficiente;0;0;0;2;12,57837;41,83229;-1;2;Autovettura privata;In marcia / fermata / arresto;Conducente;M;Illeso;0;;Non accertato;Inesploso
3878459;9;17/06/2018 21:00:00;Strada Urbana;VIA ANNIA REGILLA;in prossimit�;;del civico n.;60;;Veicolo in marcia contro ostacolo accidentale;Rettilineo;Una carreggiata a senso unico di marcia;Asciutto;Asfaltata;Assente;Sereno;Scarso;Sufficiente;Sufficiente;0;0;0;1;12,54718;41,8406;-1;1;Autovettura privata;In marcia / fermata / arresto;Conducente;M;Illeso;0;;Non accertato;Inesploso
3878461;9;18/06/2018 01:04:00;Strada Urbana;VIA TUSCOLANA;all'intersezione con;VIA PINEROLO;VIA PINEROLO;;;Scontro frontale/laterale SX fra veicoli in marcia;Incrocio;Una carreggiata a senso unico di marcia;Asciutto;Asfaltata;Temporanea di cantiere;Sereno;Scarso;Sufficiente;Sufficiente;0;0;0;3;12516;41,88259;-1;1;Autovettura privata;In marcia / fermata / arresto;Conducente;F;Illeso;0;;Non accertato;Inesploso
3878461;9;18/06/2018 01:04:00;Strada Urbana;VIA TUSCOLANA;all'intersezione con;VIA PINEROLO;VIA PINEROLO;;;Scontro frontale/laterale SX fra veicoli in marcia;Incrocio;Una carreggiata a senso unico di marcia;Asciutto;Asfaltata;Temporanea di cantiere;Sereno;Scarso;Sufficiente;Sufficiente;0;0;0;3;12516;41,88259;-1;1;Autovettura privata;In marcia / fermata / arresto;Passeggero;F;Illeso;0;;Non accertato;Inesploso
3878461;9;18/06/2018 01:04:00;Strada Urbana;VIA TUSCOLANA;all'intersezione con;VIA PINEROLO;VIA PINEROLO;;;Scontro frontale/laterale SX fra veicoli in marcia;Incrocio;Una carreggiata a senso unico di marcia;Asciutto;Asfaltata;Temporanea di cantiere;Sereno;Scarso;Sufficiente;Sufficiente;0;0;0;3;12516;41,88259;-1;2;Autovettura privata;In marcia / fermata / arresto;Conducente;M;Illeso;0;;Non accertato;Inesploso
3878462;9;18/06/2018 01:00:00;Strada Urbana;VIA ANNIA REGILLA;da specificare;;;;in prossimit� VIA VALLE RICCIA;Veicolo in marcia contro ostacolo fisso;Curva senza visuale libera;Una carreggiata a senso unico di marcia;Asciutto;Asfaltata;Assente;Sereno;Scarso;Sufficiente;Sufficiente;1;0;0;0;12,54892;41,84419;-1;1;Autovettura privata;In marcia / fermata / arresto;Conducente;M;Rimandato;0;NON DECEDUTO;Non accertato;Inesploso
3878486;6;18/06/2018 02:50:00;Strada Urbana;VIALE FRANCO ANGELI;all'intersezione con;VIA MASSIMO CAMPIGLI;VIA MASSIMO CAMPIGLI;;;Scontro frontale/laterale DX fra veicoli in marcia;Incrocio;Una carreggiata a doppio senso;Asciutto;Asfaltata;Verticale ed orizzontale;Sereno;Scarso;Buona;Sufficiente;1;0;0;3;12,58064;41,89723;-1;1;Autovettura privata;In marcia / fermata / arresto;Conducente;M;Illeso;0;;;
3878486;6;18/06/2018 02:50:00;Strada Urbana;VIALE FRANCO ANGELI;all'intersezione con;VIA MASSIMO CAMPIGLI;VIA MASSIMO CAMPIGLI;;;Scontro frontale/laterale DX fra veicoli in marcia;Incrocio;Una carreggiata a doppio senso;Asciutto;Asfaltata;Verticale ed orizzontale;Sereno;Scarso;Buona;Sufficiente;1;0;0;3;12,58064;41,89723;-1;1;Autovettura privata;In marcia / fermata / arresto;Passeggero;M;Rifiuta cure immediate;0;NON DECEDUTO;;
3878486;6;18/06/2018 02:50:00;Strada Urbana;VIALE FRANCO ANGELI;all'intersezione con;VIA MASSIMO CAMPIGLI;VIA MASSIMO CAMPIGLI;;;Scontro frontale/laterale DX fra veicoli in marcia;Incrocio;Una carreggiata a doppio senso;Asciutto;Asfaltata;Verticale ed orizzontale;Sereno;Scarso;Buona;Sufficiente;1;0;0;3;12,58064;41,89723;-1;1;Autovettura privata;In marcia / fermata / arresto;Passeggero;F;Illeso;0;;;
3878486;6;18/06/2018 02:50:00;Strada Urbana;VIALE FRANCO ANGELI;all'intersezione con;VIA MASSIMO CAMPIGLI;VIA MASSIMO CAMPIGLI;;;Scontro frontale/laterale DX fra veicoli in marcia;Incrocio;Una carreggiata a doppio senso;Asciutto;Asfaltata;Verticale ed orizzontale;Sereno;Scarso;Buona;Sufficiente;1;0;0;3;12,58064;41,89723;-1;2;Autovettura privata;In marcia / fermata / arresto;Conducente;M;Illeso;0;;;
3878488;11;17/06/2018 16:50:00;Strada Urbana;VIA BENOZZO GOZZOLI;in corrispondenza;;del palo luce n.;10;;Veicolo in marcia contro veicolo in sosta;Rettilineo;Una carreggiata a senso unico di marcia;Asciutto;Asfaltata;Assente;Nuvoloso;Scarso;Buona;Ore Diurne;0;0;0;2;12,48934;41,8345;-1;2;Autovettura privata;In marcia / fermata / arresto;Conducente;M;Illeso;0;;;
3878488;11;17/06/2018 16:50:00;Strada Urbana;VIA BENOZZO GOZZOLI;in corrispondenza;;del palo luce n.;10;;Veicolo in marcia contro veicolo in sosta;Rettilineo;Una carreggiata a senso unico di marcia;Asciutto;Asfaltata;Assente;Nuvoloso;Scarso;Buona;Ore Diurne;0;0;0;2;12,48934;41,8345;-1;2;Autovettura privata;In marcia / fermata / arresto;Passeggero;F;Illeso;0;;;
3878490;13;17/06/2018 13:00:00;Strada Urbana;VIA CRISTOFORO COLOMBO;in prossimit�;;della chilometrica;25;;Tamponamento Multiplo;Rettilineo;Pi� di due carreggiate;Asciutto;Asfaltata;Verticale ed orizzontale;Sereno;Normale;Buona;Ore Diurne;0;0;0;5;12,32821;41,72265;-1;1;Autovettura privata;In marcia / fermata / arresto;Conducente;F;Illeso;0;;Non accertato;Inesploso
3878490;13;17/06/2018 13:00:00;Strada Urbana;VIA CRISTOFORO COLOMBO;in prossimit�;;della chilometrica;25;;Tamponamento Multiplo;Rettilineo;Pi� di due carreggiate;Asciutto;Asfaltata;Verticale ed orizzontale;Sereno;Normale;Buona;Ore Diurne;0;0;0;5;12,32821;41,72265;-1;2;Autovettura privata;In marcia / fermata / arresto;Conducente;F;Illeso;0;;Non accertato;Inesploso
3878490;13;17/06/2018 13:00:00;Strada Urbana;VIA CRISTOFORO COLOMBO;in prossimit�;;della chilometrica;25;;Tamponamento Multiplo;Rettilineo;Pi� di due carreggiate;Asciutto;Asfaltata;Verticale ed orizzontale;Sereno;Normale;Buona;Ore Diurne;0;0;0;5;12,32821;41,72265;-1;2;Autovettura privata;In marcia / fermata / arresto;Passeggero;M;Illeso;0;;Non accertato;
3878490;13;17/06/2018 13:00:00;Strada Urbana;VIA CRISTOFORO COLOMBO;in prossimit�;;della chilometrica;25;;Tamponamento Multiplo;Rettilineo;Pi� di due carreggiate;Asciutto;Asfaltata;Verticale ed orizzontale;Sereno;Normale;Buona;Ore Diurne;0;0;0;5;12,32821;41,72265;-1;3;Autovettura privata;In marcia / fermata / arresto;Conducente;F;Illeso;0;;Non accertato;Inesploso
3878490;13;17/06/2018 13:00:00;Strada Urbana;VIA CRISTOFORO COLOMBO;in prossimit�;;della chilometrica;25;;Tamponamento Multiplo;Rettilineo;Pi� di due carreggiate;Asciutto;Asfaltata;Verticale ed orizzontale;Sereno;Normale;Buona;Ore Diurne;0;0;0;5;12,32821;41,72265;-1;4;Autovettura privata;In marcia / fermata / arresto;Conducente;M;Illeso;0;;Non accertato;Esploso
3878491;15;17/06/2018 14:00:00;Strada Urbana;VIA DEL BOSCO DEGLI ARVALI;in prossimit�;;del civico n.;24;;Tamponamento;Curva a visuale libera;Una carreggiata a doppio senso;Asciutto;Asfaltata;Orizzontale;Sereno;Scarso;Buona;Ore Diurne;2;0;0;1;12,42703;41,83703;-1;1;Autovettura privata;In marcia / fermata / arresto;Conducente;M;Illeso;0;;Non accertato;Inesploso
3878491;15;17/06/2018 14:00:00;Strada Urbana;VIA DEL BOSCO DEGLI ARVALI;in prossimit�;;del civico n.;24;;Tamponamento;Curva a visuale libera;Una carreggiata a doppio senso;Asciutto;Asfaltata;Orizzontale;Sereno;Scarso;Buona;Ore Diurne;2;0;0;1;12,42703;41,83703;-1;2;Motociclo con passeggero;In marcia / fermata / arresto;Conducente;M;Rimandato;0;NON DECEDUTO;Non accertato;
3878491;15;17/06/2018 14:00:00;Strada Urbana;VIA DEL BOSCO DEGLI ARVALI;in prossimit�;;del civico n.;24;;Tamponamento;Curva a visuale libera;Una carreggiata a doppio senso;Asciutto;Asfaltata;Orizzontale;Sereno;Scarso;Buona;Ore Diurne;2;0;0;1;12,42703;41,83703;-1;2;Motociclo con passeggero;In marcia / fermata / arresto;Passeggero;F;Rimandato;0;NON DECEDUTO;Non accertato;
3878496;15;17/06/2018 07:55:00;Strada Urbana;VIA PORTUENSE;in prossimit�;;del civico n.;543;;Tamponamento Multiplo;Rettilineo;Due carreggiate;Asciutto;Asfaltata;Verticale ed orizzontale;Sereno;Normale;Buona;Ore Diurne;0;0;0;5;12,44932;41,85834;-1;1;Autovettura privata;In marcia / fermata / arresto;Conducente;F;Illeso;0;;;
3878496;15;17/06/2018 07:55:00;Strada Urbana;VIA PORTUENSE;in prossimit�;;del civico n.;543;;Tamponamento Multiplo;Rettilineo;Due carreggiate;Asciutto;Asfaltata;Verticale ed orizzontale;Sereno;Normale;Buona;Ore Diurne;0;0;0;5;12,44932;41,85834;-1;2;Autovettura privata;In marcia / fermata / arresto;Conducente;M;Illeso;0;;;
3878496;15;17/06/2018 07:55:00;Strada Urbana;VIA PORTUENSE;in prossimit�;;del civico n.;543;;Tamponamento Multiplo;Rettilineo;Due carreggiate;Asciutto;Asfaltata;Verticale ed orizzontale;Sereno;Normale;Buona;Ore Diurne;0;0;0;5;12,44932;41,85834;-1;2;Autovettura privata;In marcia / fermata / arresto;Passeggero;M;Illeso;0;;;
3878496;15;17/06/2018 07:55:00;Strada Urbana;VIA PORTUENSE;in prossimit�;;del civico n.;543;;Tamponamento Multiplo;Rettilineo;Due carreggiate;Asciutto;Asfaltata;Verticale ed orizzontale;Sereno;Normale;Buona;Ore Diurne;0;0;0;5;12,44932;41,85834;-1;2;Autovettura privata;In marcia / fermata / arresto;Passeggero;F;Illeso;0;;;
3878496;15;17/06/2018 07:55:00;Strada Urbana;VIA PORTUENSE;in prossimit�;;del civico n.;543;;Tamponamento Multiplo;Rettilineo;Due carreggiate;Asciutto;Asfaltata;Verticale ed orizzontale;Sereno;Normale;Buona;Ore Diurne;0;0;0;5;12,44932;41,85834;-1;3;Autovettura privata;Allontanatosi;Conducente;F;Illeso;0;;;
3878505;15;17/06/2018 20:30:00;Strada Urbana;VIA DELLA PISANA;da specificare;;;;RAMPA GRA  prov Aurelia ;Scontro laterale fra veicoli in marcia;Rettilineo;Una carreggiata a doppio senso;Asciutto;Asfaltata;Verticale ed orizzontale;Sereno;Normale;Buona;Sufficiente;0;0;0;3;12,38897;41,85768;-1;1;Autovettura privata;In marcia / fermata / arresto;Conducente;M;Illeso;0;;Non accertato;
3878505;15;17/06/2018 20:30:00;Strada Urbana;VIA DELLA PISANA;da specificare;;;;RAMPA GRA  prov Aurelia ;Scontro laterale fra veicoli in marcia;Rettilineo;Una carreggiata a doppio senso;Asciutto;Asfaltata;Verticale ed orizzontale;Sereno;Normale;Buona;Sufficiente;0;0;0;3;12,38897;41,85768;-1;1;Autovettura privata;In marcia / fermata / arresto;Passeggero;F;Illeso;0;;Non accertato;
3878505;15;17/06/2018 20:30:00;Strada Urbana;VIA DELLA PISANA;da specificare;;;;RAMPA GRA  prov Aurelia ;Scontro laterale fra veicoli in marcia;Rettilineo;Una carreggiata a doppio senso;Asciutto;Asfaltata;Verticale ed orizzontale;Sereno;Normale;Buona;Sufficiente;0;0;0;3;12,38897;41,85768;-1;2;Autovettura privata;In marcia / fermata / arresto;Conducente;M;Illeso;0;;Utilizzato;Inesploso
3878511;15;17/06/2018 18:30:00;Strada Urbana;VIA DELLA MAGLIANA;in prossimit�;;del civico n.;220;;Tamponamento;Curva a visuale libera;Una carreggiata a doppio senso;Asciutto;Asfaltata;Verticale;Sereno;Normale;Buona;Ore Diurne;0;0;0;2;12,45486;41,84221;-1;1;Autovettura privata;In marcia / fermata / arresto;Conducente;M;Illeso;0;;Utilizzato;
3878511;15;17/06/2018 18:30:00;Strada Urbana;VIA DELLA MAGLIANA;in prossimit�;;del civico n.;220;;Tamponamento;Curva a visuale libera;Una carreggiata a doppio senso;Asciutto;Asfaltata;Verticale;Sereno;Normale;Buona;Ore Diurne;0;0;0;2;12,45486;41,84221;-1;1;Autovettura privata;In marcia / fermata / arresto;Passeggero;F;Illeso;0;;Utilizzato;Inesploso
3878521;8;16/06/2018 11:30:00;;VIA DELLE DUE TORRI;all'intersezione con;VIA SAVA;VIA SAVA;;;Investimento di pedone;;;;;;;;;;0;1;0;0;12,65434;41,85811;0;;;;Pedone;F;Prognosi riservata;0;NON DECEDUTO;;
3878525;8;16/06/2018 14:30:00;;VIA DI TOR BELLA MONACA;da specificare;;;;alt. rotatoria Via Torrenova;Veicolo in marcia contro ostacolo accidentale;;;;;;;;;;0;0;0;2;;;0;1;Autovettura privata;In marcia / fermata / arresto;Conducente;;Illeso;0;;;
3878525;8;16/06/2018 14:30:00;;VIA DI TOR BELLA MONACA;da specificare;;;;alt. rotatoria Via Torrenova;Veicolo in marcia contro ostacolo accidentale;;;;;;;;;;0;0;0;2;;;0;1;Autovettura privata;In marcia / fermata / arresto;Passeggero;F;Illeso;0;;;
3878530;8;16/06/2018 17:45:00;Strada Urbana;VIA POLENSE;da specificare;;;;all'intersezione con VIA VACRI;Tamponamento;Rettilineo;Una carreggiata a doppio senso;Asciutto;Asfaltata;Verticale ed orizzontale;Sereno;Normale;Buona;Ore Diurne;2;0;0;1;12,71421;41,90191;-1;1;Autovettura privata;In marcia / fermata / arresto;Conducente;M;Rimandato;0;NON DECEDUTO;Non accertato;Inesploso
3878530;8;16/06/2018 17:45:00;Strada Urbana;VIA POLENSE;da specificare;;;;all'intersezione con VIA VACRI;Tamponamento;Rettilineo;Una carreggiata a doppio senso;Asciutto;Asfaltata;Verticale ed orizzontale;Sereno;Normale;Buona;Ore Diurne;2;0;0;1;12,71421;41,90191;-1;1;Autovettura privata;In marcia / fermata / arresto;Passeggero;F;Rimandato;0;NON DECEDUTO;Non accertato;Inesploso
3878530;8;16/06/2018 17:45:00;Strada Urbana;VIA POLENSE;da specificare;;;;all'intersezione con VIA VACRI;Tamponamento;Rettilineo;Una carreggiata a doppio senso;Asciutto;Asfaltata;Verticale ed orizzontale;Sereno;Normale;Buona;Ore Diurne;2;0;0;1;12,71421;41,90191;-1;2;Autovettura privata;In marcia / fermata / arresto;Conducente;M;Illeso;0;;Non accertato;
3878532;8;16/06/2018 13:45:00;;VIA DEGAS;in prossimit�;;del civico n.;99;;Veicolo in marcia contro veicolo in sosta;;;;;;;;;;0;0;0;1;12,65778;41,85653;0;1;Autovettura privata;Sosta;Passeggero;F;Illeso;0;;;
3878535;8;16/06/2018 15:30:00;Regionale entro l'abitato;VIA CASILINA;all'intersezione con;VIA DI TOR BELLA MONACA;VIA DI TOR BELLA MONACA;;;Scontro frontale/laterale SX fra veicoli in marcia;Incrocio;Due carreggiate;Asciutto;Asfaltata;Verticale ed orizzontale;Nuvoloso;Normale;Buona;Ore Diurne;0;0;0;2;9644;45397;-1;1;Autovettura privata;In marcia / fermata / arresto;Conducente;M;Illeso;0;;Non accertato;
3878535;8;16/06/2018 15:30:00;Regionale entro l'abitato;VIA CASILINA;all'intersezione con;VIA DI TOR BELLA MONACA;VIA DI TOR BELLA MONACA;;;Scontro frontale/laterale SX fra veicoli in marcia;Incrocio;Due carreggiate;Asciutto;Asfaltata;Verticale ed orizzontale;Nuvoloso;Normale;Buona;Ore Diurne;0;0;0;2;9644;45397;-1;2;Autovettura privata;In marcia / fermata / arresto;Conducente;M;Illeso;0;;Non accertato;
3878539;8;16/06/2018 09:35:00;;VIA PRENESTINA;all'intersezione con;VIA POMIGLIANO D'ARCO;VIA POMIGLIANO D'ARCO;;;Tamponamento;;;;;;;;;;0;0;0;2;12,61039;41,89349;0;1;Autovettura privata;In marcia / fermata / arresto;Conducente;F;Illeso;0;;Non accertato;
3878539;8;16/06/2018 09:35:00;;VIA PRENESTINA;all'intersezione con;VIA POMIGLIANO D'ARCO;VIA POMIGLIANO D'ARCO;;;Tamponamento;;;;;;;;;;0;0;0;2;12,61039;41,89349;0;2;Motociclo a solo;In marcia / fermata / arresto;Conducente;M;Illeso;0;;Non accertato;
3878546;8;16/06/2018 04:30:00;;VIA DEL FOSSO DELL'OSA;da specificare;;;;50 mt prima di Via di Lunghezza;Veicolo in marcia contro ostacolo fisso;;;;;;;;;;1;0;0;0;12,68423;41,90592;0;1;Autovettura privata;In marcia / fermata / arresto;Conducente;M;Rimandato;0;NON DECEDUTO;Non accertato;Esploso
3878554;8;16/06/2018 07:00:00;Strada Urbana;VIA DELL'ARCHEOLOGIA;da specificare;;;;alt. civ. 52 (area di sosta);Veicolo in marcia contro veicolo in sosta;Rettilineo;Una carreggiata a doppio senso;Asciutto;Con buche;Orizzontale;Sereno;Scarso;Buona;Ore Diurne;0;0;0;1;12,62972;41,8786;-1;1;Autovettura privata;In marcia / fermata / arresto;Conducente;M;Illeso;0;;;
3878556;8;16/06/2018 20:00:00;Strada Urbana;VIA ATLANTE;all'intersezione con;VIA ALCESTI;VIA ALCESTI;;;Scontro frontale/laterale DX fra veicoli in marcia;Incrocio;Una carreggiata a doppio senso;Asciutto;Asfaltata;Assente;Sereno;Normale;Buona;Ore Diurne;0;0;0;3;12,61662;41,87894;-1;1;Autovettura privata;In marcia / fermata / arresto;Conducente;M;Illeso;0;;Non accertato;Inesploso
3878556;8;16/06/2018 20:00:00;Strada Urbana;VIA ATLANTE;all'intersezione con;VIA ALCESTI;VIA ALCESTI;;;Scontro frontale/laterale DX fra veicoli in marcia;Incrocio;Una carreggiata a doppio senso;Asciutto;Asfaltata;Assente;Sereno;Normale;Buona;Ore Diurne;0;0;0;3;12,61662;41,87894;-1;2;Autovettura privata;In marcia / fermata / arresto;Conducente;M;Illeso;0;;Non accertato;Inesploso
3878556;8;16/06/2018 20:00:00;Strada Urbana;VIA ATLANTE;all'intersezione con;VIA ALCESTI;VIA ALCESTI;;;Scontro frontale/laterale DX fra veicoli in marcia;Incrocio;Una carreggiata a doppio senso;Asciutto;Asfaltata;Assente;Sereno;Normale;Buona;Ore Diurne;0;0;0;3;12,61662;41,87894;-1;2;Autovettura privata;In marcia / fermata / arresto;Passeggero;F;Illeso;0;;Non accertato;Inesploso
3878560;8;17/06/2018 01:15:00;;VIA DELLA RISERVA NUOVA;in corrispondenza;;del civico n.;278;;Investimento di pedone;;;;;;;;;;2;0;0;0;;;0;;;;Pedone;F;Rimandato;0;NON DECEDUTO;;
3878560;8;17/06/2018 01:15:00;;VIA DELLA RISERVA NUOVA;in corrispondenza;;del civico n.;278;;Investimento di pedone;;;;;;;;;;2;0;0;0;;;0;;;;Pedone;F;Rimandato;0;NON DECEDUTO;;
3878563;8;17/06/2018 10:00:00;;VIA MASSA DI SAN GIULIANO;in prossimit�;;del civico n.;12;;Veicolo in marcia contro ostacolo accidentale;;;;;;;;;;0;0;0;1;;;0;1;Autobus urbano;In marcia / fermata / arresto;Conducente;M;Illeso;0;;;
3878566;8;17/06/2018 14:40:00;Statale entro l'abitato;VIA CASILINA;in corrispondenza;;del civico n.;1807/d;;Tamponamento;Rettilineo;Due carreggiate;Asciutto;Asfaltata;Verticale ed orizzontale;Sereno;Normale;Buona;Ore Diurne;3;0;0;0;12,6803;41,86311;-1;1;Autovettura privata;In marcia / fermata / arresto;Conducente;F;Rifiuta cure immediate;0;NON DECEDUTO;Non accertato;Inesploso
3878566;8;17/06/2018 14:40:00;Statale entro l'abitato;VIA CASILINA;in corrispondenza;;del civico n.;1807/d;;Tamponamento;Rettilineo;Due carreggiate;Asciutto;Asfaltata;Verticale ed orizzontale;Sereno;Normale;Buona;Ore Diurne;3;0;0;0;12,6803;41,86311;-1;2;Autovettura privata;In marcia / fermata / arresto;Conducente;M;Rimandato;0;NON DECEDUTO;Non accertato;Inesploso
3878566;8;17/06/2018 14:40:00;Statale entro l'abitato;VIA CASILINA;in corrispondenza;;del civico n.;1807/d;;Tamponamento;Rettilineo;Due carreggiate;Asciutto;Asfaltata;Verticale ed orizzontale;Sereno;Normale;Buona;Ore Diurne;3;0;0;0;12,6803;41,86311;-1;2;Autovettura privata;In marcia / fermata / arresto;Passeggero;F;Rimandato;0;NON DECEDUTO;Non accertato;Inesploso
3878567;13;17/06/2018 18:00:00;Strada Urbana;VIA CARLO ALBIZZATI;all'intersezione con;VIA BEDIZZOLE;VIA BEDIZZOLE;;;Scontro frontale/laterale SX fra veicoli in marcia;Intersezione stradale segnalata;Una carreggiata a senso unico di marcia;Asciutto;Asfaltata;Verticale;Sereno;Normale;Buona;Ore Diurne;3;0;0;3;12,33169;41,78101;-1;1;Autovettura privata;In marcia / fermata / arresto;Conducente;M;Illeso;0;;Non accertato;Inesploso
3878567;13;17/06/2018 18:00:00;Strada Urbana;VIA CARLO ALBIZZATI;all'intersezione con;VIA BEDIZZOLE;VIA BEDIZZOLE;;;Scontro frontale/laterale SX fra veicoli in marcia;Intersezione stradale segnalata;Una carreggiata a senso unico di marcia;Asciutto;Asfaltata;Verticale;Sereno;Normale;Buona;Ore Diurne;3;0;0;3;12,33169;41,78101;-1;1;Autovettura privata;In marcia / fermata / arresto;Passeggero;F;Illeso;0;;Non accertato;
3878567;13;17/06/2018 18:00:00;Strada Urbana;VIA CARLO ALBIZZATI;all'intersezione con;VIA BEDIZZOLE;VIA BEDIZZOLE;;;Scontro frontale/laterale SX fra veicoli in marcia;Intersezione stradale segnalata;Una carreggiata a senso unico di marcia;Asciutto;Asfaltata;Verticale;Sereno;Normale;Buona;Ore Diurne;3;0;0;3;12,33169;41,78101;-1;2;Autovettura privata;In marcia / fermata / arresto;Conducente;F;Illeso;0;;Non accertato;Inesploso
3878567;13;17/06/2018 18:00:00;Strada Urbana;VIA CARLO ALBIZZATI;all'intersezione con;VIA BEDIZZOLE;VIA BEDIZZOLE;;;Scontro frontale/laterale SX fra veicoli in marcia;Intersezione stradale segnalata;Una carreggiata a senso unico di marcia;Asciutto;Asfaltata;Verticale;Sereno;Normale;Buona;Ore Diurne;3;0;0;3;12,33169;41,78101;-1;2;Autovettura privata;In marcia / fermata / arresto;Passeggero;F;Rimandato;0;NON DECEDUTO;Non accertato;
3878567;13;17/06/2018 18:00:00;Strada Urbana;VIA CARLO ALBIZZATI;all'intersezione con;VIA BEDIZZOLE;VIA BEDIZZOLE;;;Scontro frontale/laterale SX fra veicoli in marcia;Intersezione stradale segnalata;Una carreggiata a senso unico di marcia;Asciutto;Asfaltata;Verticale;Sereno;Normale;Buona;Ore Diurne;3;0;0;3;12,33169;41,78101;-1;2;Autovettura privata;In marcia / fermata / arresto;Passeggero;M;Rimandato;0;NON DECEDUTO;Non accertato;
3878567;13;17/06/2018 18:00:00;Strada Urbana;VIA CARLO ALBIZZATI;all'intersezione con;VIA BEDIZZOLE;VIA BEDIZZOLE;;;Scontro frontale/laterale SX fra veicoli in marcia;Intersezione stradale segnalata;Una carreggiata a senso unico di marcia;Asciutto;Asfaltata;Verticale;Sereno;Normale;Buona;Ore Diurne;3;0;0;3;12,33169;41,78101;-1;2;Autovettura privata;In marcia / fermata / arresto;Passeggero;F;Rimandato;0;NON DECEDUTO;Non accertato;