Protocollo;Gruppo;DataOraIncidente;Localizzazione1;STRADA1;Localizzazione2;STRADA2;Strada02;Chilometrica;DaSpecificare;NaturaIncidente;particolaritastrade;TipoStrada;FondoStradale;Pavimentazione;Segnaletica;CondizioneAtmosferica;Traffico;Visibilita;Illuminazione;NUM_FERITI;NUM_RISERVATA;NUM_MORTI;NUM_ILLESI;Longitudine;Latitudine;Confermato;Progressivo;TipoVeicolo;StatoVeicolo;TipoPersona;Sesso;Tipolesione;Deceduto;DecedutoDopo;CinturaCascoUtilizzato;Airbag
3878804;23;16/06/2018 14:20:00;Strada Urbana;VIA CRISTOFORO COLOMBO;all'intersezione semaforizzata con;VIA DEL CANALE DELLA LINGUA;VIA DEL CANALE DELLA LINGUA;;;Scontro frontale/laterale DX fra veicoli in marcia;Intersezione semaforizzata;Pi� di due carreggiate;Asciutto;Asfaltata;Verticale ed orizzontale;Sereno;Normale;Buona;Ore Diurne;1;0;0;3;12,34574;41,7364;-1;2;Autovettura privata;In marcia / fermata / arresto;Passeggero;M;Illeso;0;;Non accertato;Inesploso
3878804;23;16/06/2018 14:20:00;Strada Urbana;VIA CRISTOFORO COLOMBO;all'intersezione semaforizzata con;VIA DEL CANALE DELLA LINGUA;VIA DEL CANALE DELLA LINGUA;;;Scontro frontale/laterale DX fra veicoli in marcia;Intersezione semaforizzata;Pi� di due carreggiate;Asciutto;Asfaltata;Verticale ed orizzontale;Sereno;Normale;Buona;Ore Diurne;1;0;0;3;12,34574;41,7364;-1;2;Autovettura privata;In marcia / fermata / arresto;Passeggero;M;Rimandato;0;NON DECEDUTO;Non accertato;Inesploso
3878811;5;15/06/2018 19:00:00;Statale entro l'abitato;VIA TIBURTINA;da specificare;;;;dir GRA uscita GRA carreggiata esterna;Scontro laterale fra veicoli in marcia;Rettilineo;Una carreggiata a doppio senso;Asciutto;Asfaltata;Verticale ed orizzontale;Sereno;Normale;Buona;Ore Diurne;0;0;0;3;12,60217;41,93357;-1;1;Autocarro inferiore 35 q.;In marcia / fermata / arresto;Conducente;M;Illeso;0;;Non accertato;Inesploso
3878811;5;15/06/2018 19:00:00;Statale entro l'abitato;VIA TIBURTINA;da specificare;;;;dir GRA uscita GRA carreggiata esterna;Scontro laterale fra veicoli in marcia;Rettilineo;Una carreggiata a doppio senso;Asciutto;Asfaltata;Verticale ed orizzontale;Sereno;Normale;Buona;Ore Diurne;0;0;0;3;12,60217;41,93357;-1;2;Autovettura privata;In marcia / fermata / arresto;Conducente;M;Illeso;0;;Non accertato;Inesploso
3878811;5;15/06/2018 19:00:00;Statale entro l'abitato;VIA TIBURTINA;da specificare;;;;dir GRA uscita GRA carreggiata esterna;Scontro laterale fra veicoli in marcia;Rettilineo;Una carreggiata a doppio senso;Asciutto;Asfaltata;Verticale ed orizzontale;Sereno;Normale;Buona;Ore Diurne;0;0;0;3;12,60217;41,93357;-1;2;Autovettura privata;In marcia / fermata / arresto;Passeggero;M;Illeso;0;;Non accertato;Inesploso
3878819;4;15/06/2018 19:15:00;Regionale entro l'abitato;VIA CASSIA;in prossimit�;;del civico n.;1184;;Scontro laterale fra veicoli in marcia;Rettilineo;Una carreggiata a doppio senso;Asciutto;Asfaltata;Verticale ed orizzontale;Nuvoloso;Normale;Buona;Ore Diurne;1;0;0;1;12,41552;41,98181;0;1;Autovettura privata;In marcia / fermata / arresto;Conducente;M;Illeso;0;;;
3878819;4;15/06/2018 19:15:00;Regionale entro l'abitato;VIA CASSIA;in prossimit�;;del civico n.;1184;;Scontro laterale fra veicoli in marcia;Rettilineo;Una carreggiata a doppio senso;Asciutto;Asfaltata;Verticale ed orizzontale;Nuvoloso;Normale;Buona;Ore Diurne;1;0;0;1;12,41552;41,98181;0;2;Motociclo a solo;In marcia / fermata / arresto;Conducente;M;Rimandato;0;NON DECEDUTO;;
3878830;5;15/06/2018 22:50:00;Strada Urbana;VIA DEL CASALE DI S. BASILIO;all'intersezione con;VIA SARNANO;VIA SARNANO;;;Scontro frontale fra veicoli in marcia;Incrocio;Una carreggiata a doppio senso;Asciutto;Asfaltata;Verticale ed orizzontale;Sereno;Normale;Buona;Sufficiente;0;0;0;4;12,57765;41,93905;-1;1;Autovettura di polizia;In marcia / fermata / arresto;Conducente;M;Illeso;0;;Non accertato;Inesploso
3878830;5;15/06/2018 22:50:00;Strada Urbana;VIA DEL CASALE DI S. BASILIO;all'intersezione con;VIA SARNANO;VIA SARNANO;;;Scontro frontale fra veicoli in marcia;Incrocio;Una carreggiata a doppio senso;Asciutto;Asfaltata;Verticale ed orizzontale;Sereno;Normale;Buona;Sufficiente;0;0;0;4;12,57765;41,93905;-1;1;Autovettura di polizia;In marcia / fermata / arresto;Passeggero;M;Illeso;0;;Non accertato;Inesploso
3878830;5;15/06/2018 22:50:00;Strada Urbana;VIA DEL CASALE DI S. BASILIO;all'intersezione con;VIA SARNANO;VIA SARNANO;;;Scontro frontale fra veicoli in marcia;Incrocio;Una carreggiata a doppio senso;Asciutto;Asfaltata;Verticale ed orizzontale;Sereno;Normale;Buona;Sufficiente;0;0;0;4;12,57765;41,93905;-1;2;Motociclo a solo;In marcia / fermata / arresto;Conducente;M;Illeso;0;;Non accertato;
3878830;5;15/06/2018 22:50:00;Strada Urbana;VIA DEL CASALE DI S. BASILIO;all'intersezione con;VIA SARNANO;VIA SARNANO;;;Scontro frontale fra veicoli in marcia;Incrocio;Una carreggiata a doppio senso;Asciutto;Asfaltata;Verticale ed orizzontale;Sereno;Normale;Buona;Sufficiente;0;0;0;4;12,57765;41,93905;-1;2;Motociclo a solo;In marcia / fermata / arresto;Passeggero;M;Illeso;0;;Non accertato;
3878838;4;15/06/2018 09:00:00;Strada Urbana;VIALE TIRRENO;in prossimit�;;del civico n.;150;;Tamponamento;Rettilineo;Due carreggiate;Asciutto;Asfaltata;Verticale ed orizzontale;Sereno;Normale;Buona;Ore Diurne;0;0;0;2;12,52945;41,94019;-1;1;Autovettura privata;In marcia / fermata / arresto;Conducente;F;Illeso;0;;Non accertato;
3878838;4;15/06/2018 09:00:00;Strada Urbana;VIALE TIRRENO;in prossimit�;;del civico n.;150;;Tamponamento;Rettilineo;Due carreggiate;Asciutto;Asfaltata;Verticale ed orizzontale;Sereno;Normale;Buona;Ore Diurne;0;0;0;2;12,52945;41,94019;-1;2;Autovettura privata;In marcia / fermata / arresto;Conducente;M;Illeso;0;;Non accertato;
3878843;5;16/06/2018 18:45:00;;PIAZZA EDOARDO PERSICO;all'intersezione con;VIA IGINO GIORDANI;VIA IGINO GIORDANI;;;Scontro laterale fra veicoli in marcia;;;;;;;;;;1;0;0;1;12,55965;41,90616;0;1;Autovettura privata;In marcia / fermata / arresto;Conducente;F;Illeso;0;;;
3878843;5;16/06/2018 18:45:00;;PIAZZA EDOARDO PERSICO;all'intersezione con;VIA IGINO GIORDANI;VIA IGINO GIORDANI;;;Scontro laterale fra veicoli in marcia;;;;;;;;;;1;0;0;1;12,55965;41,90616;0;2;Motociclo a solo;In marcia / fermata / arresto;Conducente;M;Rimandato;0;NON DECEDUTO;;
3878846;5;16/06/2018 11:25:00;Strada Urbana;VIA POLLENZA;in prossimit�;;del civico n.;24a;;Scontro frontale fra veicoli in marcia;Rettilineo;Una carreggiata a doppio senso;Asciutto;Asfaltata;Verticale ed orizzontale;Sereno;Normale;Buona;Ore Diurne;0;0;0;2;12,5753;41,94143;-1;1;Autovettura privata;In marcia / fermata / arresto;Conducente;M;Illeso;0;;Non accertato;Inesploso
3878846;5;16/06/2018 11:25:00;Strada Urbana;VIA POLLENZA;in prossimit�;;del civico n.;24a;;Scontro frontale fra veicoli in marcia;Rettilineo;Una carreggiata a doppio senso;Asciutto;Asfaltata;Verticale ed orizzontale;Sereno;Normale;Buona;Ore Diurne;0;0;0;2;12,5753;41,94143;-1;2;Motociclo a solo;In marcia / fermata / arresto;Conducente;F;Illeso;0;;Non accertato;
3878850;10;17/06/2018 15:20:00;Strada Urbana;VIA TUSCOLANA;all'intersezione semaforizzata con;VIALE PALMIRO TOGLIATTI;VIALE PALMIRO TOGLIATTI;;;Tamponamento Multiplo;Intersezione semaforizzata;Due carreggiate;Asciutto;Asfaltata;Verticale ed orizzontale;Sereno;Normale;Buona;Ore Diurne;1;0;0;9;12,57004;41,85233;-1;1;Autovettura privata;In marcia / fermata / arresto;Conducente;M;Illeso;0;;Non accertato;Esploso
3878850;10;17/06/2018 15:20:00;Strada Urbana;VIA TUSCOLANA;all'intersezione semaforizzata con;VIALE PALMIRO TOGLIATTI;VIALE PALMIRO TOGLIATTI;;;Tamponamento Multiplo;Intersezione semaforizzata;Due carreggiate;Asciutto;Asfaltata;Verticale ed orizzontale;Sereno;Normale;Buona;Ore Diurne;1;0;0;9;12,57004;41,85233;-1;1;Autovettura privata;In marcia / fermata / arresto;Passeggero;F;Illeso;0;;Non accertato;Inesploso
3878850;10;17/06/2018 15:20:00;Strada Urbana;VIA TUSCOLANA;all'intersezione semaforizzata con;VIALE PALMIRO TOGLIATTI;VIALE PALMIRO TOGLIATTI;;;Tamponamento Multiplo;Intersezione semaforizzata;Due carreggiate;Asciutto;Asfaltata;Verticale ed orizzontale;Sereno;Normale;Buona;Ore Diurne;1;0;0;9;12,57004;41,85233;-1;2;Autovettura privata;In marcia / fermata / arresto;Conducente;M;Illeso;0;;;
3878850;10;17/06/2018 15:20:00;Strada Urbana;VIA TUSCOLANA;all'intersezione semaforizzata con;VIALE PALMIRO TOGLIATTI;VIALE PALMIRO TOGLIATTI;;;Tamponamento Multiplo;Intersezione semaforizzata;Due carreggiate;Asciutto;Asfaltata;Verticale ed orizzontale;Sereno;Normale;Buona;Ore Diurne;1;0;0;9;12,57004;41,85233;-1;2;Autovettura privata;In marcia / fermata / arresto;Passeggero;M;Illeso;0;;Non accertato;Inesploso
3878850;10;17/06/2018 15:20:00;Strada Urbana;VIA TUSCOLANA;all'intersezione semaforizzata con;VIALE PALMIRO TOGLIATTI;VIALE PALMIRO TOGLIATTI;;;Tamponamento Multiplo;Intersezione semaforizzata;Due carreggiate;Asciutto;Asfaltata;Verticale ed orizzontale;Sereno;Normale;Buona;Ore Diurne;1;0;0;9;12,57004;41,85233;-1;2;Autovettura privata;In marcia / fermata / arresto;Passeggero;F;Rimandato;0;NON DECEDUTO;Non accertato;Inesploso
3878850;10;17/06/2018 15:20:00;Strada Urbana;VIA TUSCOLANA;all'intersezione semaforizzata con;VIALE PALMIRO TOGLIATTI;VIALE PALMIRO TOGLIATTI;;;Tamponamento Multiplo;Intersezione semaforizzata;Due carreggiate;Asciutto;Asfaltata;Verticale ed orizzontale;Sereno;Normale;Buona;Ore Diurne;1;0;0;9;12,57004;41,85233;-1;2;Autovettura privata;In marcia / fermata / arresto;Passeggero;M;Illeso;0;;Non accertato;Inesploso
3878850;10;17/06/2018 15:20:00;Strada Urbana;VIA TUSCOLANA;all'intersezione semaforizzata con;VIALE PALMIRO TOGLIATTI;VIALE PALMIRO TOGLIATTI;;;Tamponamento Multiplo;Intersezione semaforizzata;Due carreggiate;Asciutto;Asfaltata;Verticale ed orizzontale;Sereno;Normale;Buona;Ore Diurne;1;0;0;9;12,57004;41,85233;-1;3;Autovettura privata;In marcia / fermata / arresto;Conducente;M;Illeso;0;;;
3878850;10;17/06/2018 15:20:00;Strada Urbana;VIA TUSCOLANA;all'intersezione semaforizzata con;VIALE PALMIRO TOGLIATTI;VIALE PALMIRO TOGLIATTI;;;Tamponamento Multiplo;Intersezione semaforizzata;Due carreggiate;Asciutto;Asfaltata;Verticale ed orizzontale;Sereno;Normale;Buona;Ore Diurne;1;0;0;9;12,57004;41,85233;-1;3;Autovettura privata;In marcia / fermata / arresto;Passeggero;M;Illeso;0;;Non accertato;Inesploso
3878850;10;17/06/2018 15:20:00;Strada Urbana;VIA TUSCOLANA;all'intersezione semaforizzata con;VIALE PALMIRO TOGLIATTI;VIALE PALMIRO TOGLIATTI;;;Tamponamento Multiplo;Intersezione semaforizzata;Due carreggiate;Asciutto;Asfaltata;Verticale ed orizzontale;Sereno;Normale;Buona;Ore Diurne;1;0;0;9;12,57004;41,85233;-1;3;Autovettura privata;In marcia / fermata / arresto;Passeggero;F;Illeso;0;;Non accertato;Inesploso
3878850;10;17/06/2018 15:20:00;Strada Urbana;VIA TUSCOLANA;all'intersezione semaforizzata con;VIALE PALMIRO TOGLIATTI;VIALE PALMIRO TOGLIATTI;;;Tamponamento Multiplo;Intersezione semaforizzata;Due carreggiate;Asciutto;Asfaltata;Verticale ed orizzontale;Sereno;Normale;Buona;Ore Diurne;1;0;0;9;12,57004;41,85233;-1;3;Autovettura privata;In marcia / fermata / arresto;Passeggero;F;Illeso;0;;Non accertato;Inesploso
3878854;5;18/06/2018 00:05:00;Strada Urbana;VIA FILIPPO MEDA;all'intersezione con;VIA ACHILLE BENEDETTI;VIA ACHILLE BENEDETTI;;;Scontro frontale/laterale SX fra veicoli in marcia;Incrocio;Una carreggiata a doppio senso;Asciutto;Asfaltata;Verticale ed orizzontale;Sereno;Scarso;Sufficiente;Sufficiente;2;0;0;0;12,54354;41,9132;-1;1;Autovettura privata;In marcia / fermata / arresto;Conducente;M;Rimandato;0;NON DECEDUTO;Non accertato;Inesploso
3878854;5;18/06/2018 00:05:00;Strada Urbana;VIA FILIPPO MEDA;all'intersezione con;VIA ACHILLE BENEDETTI;VIA ACHILLE BENEDETTI;;;Scontro frontale/laterale SX fra veicoli in marcia;Incrocio;Una carreggiata a doppio senso;Asciutto;Asfaltata;Verticale ed orizzontale;Sereno;Scarso;Sufficiente;Sufficiente;2;0;0;0;12,54354;41,9132;-1;2;Autovettura privata;In marcia / fermata / arresto;Conducente;F;Rimandato;0;NON DECEDUTO;Non accertato;Inesploso
3878855;4;16/06/2018 02:45:00;Strada Urbana;VIALE DI TOR DI QUINTO;da specificare;;;;f.c. 119;Veicolo in marcia contro ostacolo fisso;Rettilineo;Due carreggiate;Asciutto;Asfaltata;Orizzontale;Sereno;Scarso;Sufficiente;Sufficiente;0;0;0;5;12,47848;41,94471;-1;1;Autovettura privata;In marcia / fermata / arresto;Passeggero;M;Illeso;0;;;
3878855;4;16/06/2018 02:45:00;Strada Urbana;VIALE DI TOR DI QUINTO;da specificare;;;;f.c. 119;Veicolo in marcia contro ostacolo fisso;Rettilineo;Due carreggiate;Asciutto;Asfaltata;Orizzontale;Sereno;Scarso;Sufficiente;Sufficiente;0;0;0;5;12,47848;41,94471;-1;1;Autovettura privata;In marcia / fermata / arresto;Conducente;F;Illeso;0;;;
3878855;4;16/06/2018 02:45:00;Strada Urbana;VIALE DI TOR DI QUINTO;da specificare;;;;f.c. 119;Veicolo in marcia contro ostacolo fisso;Rettilineo;Due carreggiate;Asciutto;Asfaltata;Orizzontale;Sereno;Scarso;Sufficiente;Sufficiente;0;0;0;5;12,47848;41,94471;-1;1;Autovettura privata;In marcia / fermata / arresto;Passeggero;M;Illeso;0;;;
3878855;4;16/06/2018 02:45:00;Strada Urbana;VIALE DI TOR DI QUINTO;da specificare;;;;f.c. 119;Veicolo in marcia contro ostacolo fisso;Rettilineo;Due carreggiate;Asciutto;Asfaltata;Orizzontale;Sereno;Scarso;Sufficiente;Sufficiente;0;0;0;5;12,47848;41,94471;-1;1;Autovettura privata;In marcia / fermata / arresto;Passeggero;M;Illeso;0;;;
3878858;5;17/06/2018 11:40:00;Strada Urbana;VIA TIBURTINA;in prossimit�;;del civico n.;1159;;Tamponamento;Rettilineo;Due carreggiate;Asciutto;Asfaltata;Verticale ed orizzontale;Sereno;Normale;Buona;Ore Diurne;1;0;0;1;12,59725;41,93284;-1;1;Autovettura privata;In marcia / fermata / arresto;Conducente;F;Rimandato;0;NON DECEDUTO;Non accertato;Inesploso
3878858;5;17/06/2018 11:40:00;Strada Urbana;VIA TIBURTINA;in prossimit�;;del civico n.;1159;;Tamponamento;Rettilineo;Due carreggiate;Asciutto;Asfaltata;Verticale ed orizzontale;Sereno;Normale;Buona;Ore Diurne;1;0;0;1;12,59725;41,93284;-1;2;Autocarro inferiore 35 q.;In marcia / fermata / arresto;Conducente;M;Illeso;0;;Non accertato;Inesploso
3878865;19;16/06/2018 16:45:00;Strada Urbana;VIA ANTONIO PANIZZI;all'intersezione semaforizzata con;VIA DELLA LUCCHINA;VIA DELLA LUCCHINA;;;Scontro frontale/laterale SX fra veicoli in marcia;Intersezione semaforizzata;Una carreggiata a doppio senso;Asciutto;Asfaltata;Orizzontale;Sereno;Normale;Buona;Ore Diurne;0;0;0;2;12,40113;41,95677;-1;1;Motociclo a solo;In marcia / fermata / arresto;Conducente;M;Illeso;0;;Non accertato;
3878865;19;16/06/2018 16:45:00;Strada Urbana;VIA ANTONIO PANIZZI;all'intersezione semaforizzata con;VIA DELLA LUCCHINA;VIA DELLA LUCCHINA;;;Scontro frontale/laterale SX fra veicoli in marcia;Intersezione semaforizzata;Una carreggiata a doppio senso;Asciutto;Asfaltata;Orizzontale;Sereno;Normale;Buona;Ore Diurne;0;0;0;2;12,40113;41,95677;-1;2;Autovettura privata;In marcia / fermata / arresto;Conducente;M;Illeso;0;;Non accertato;Inesploso
3878869;2;18/06/2018 09:35:00;Strada Urbana;VIA DEL FORO ITALICO;da specificare;;;;altezza imm. Via Salaria dir. Stadio Olimpico;Tamponamento;Rettilineo;Due carreggiate;Asciutto;Asfaltata;Verticale ed orizzontale;Sereno;Normale;Buona;Ore Diurne;0;0;0;3;12,50886;41,93774;-1;1;Autovettura privata;In marcia / fermata / arresto;Conducente;M;Illeso;0;;;
3878869;2;18/06/2018 09:35:00;Strada Urbana;VIA DEL FORO ITALICO;da specificare;;;;altezza imm. Via Salaria dir. Stadio Olimpico;Tamponamento;Rettilineo;Due carreggiate;Asciutto;Asfaltata;Verticale ed orizzontale;Sereno;Normale;Buona;Ore Diurne;0;0;0;3;12,50886;41,93774;-1;2;Autocarro superiore 35 q.;In marcia / fermata / arresto;Conducente;M;Illeso;0;;;
3878869;2;18/06/2018 09:35:00;Strada Urbana;VIA DEL FORO ITALICO;da specificare;;;;altezza imm. Via Salaria dir. Stadio Olimpico;Tamponamento;Rettilineo;Due carreggiate;Asciutto;Asfaltata;Verticale ed orizzontale;Sereno;Normale;Buona;Ore Diurne;0;0;0;3;12,50886;41,93774;-1;2;Autocarro superiore 35 q.;In marcia / fermata / arresto;Passeggero;M;Illeso;0;;Non accertato;Inesploso
3878892;4;16/06/2018 09:20:00;Strada Urbana;VIA DELLE VIGNE NUOVE;da specificare;;;;dir V. G. Conti alt. Viadotto Saragat;Veicolo in marcia contro ostacolo accidentale;Rettilineo;Due carreggiate;Asciutto;Asfaltata;Verticale ed orizzontale;Sereno;Normale;Buona;Ore Diurne;0;0;0;2;12,53582;41,95536;-1;1;Autovettura privata;In marcia / fermata / arresto;Conducente;M;Illeso;0;;;
3878892;4;16/06/2018 09:20:00;Strada Urbana;VIA DELLE VIGNE NUOVE;da specificare;;;;dir V. G. Conti alt. Viadotto Saragat;Veicolo in marcia contro ostacolo accidentale;Rettilineo;Due carreggiate;Asciutto;Asfaltata;Verticale ed orizzontale;Sereno;Normale;Buona;Ore Diurne;0;0;0;2;12,53582;41,95536;-1;1;Autovettura privata;In marcia / fermata / arresto;Passeggero;M;Illeso;0;;;
3878896;12;15/06/2018 09:45:00;Strada Urbana;VIA DEL RISARO;in corrispondenza;;del civico n.;80;;Infortunio per sola frenata improvvisa;Rettilineo;Una carreggiata a doppio senso;Asciutto;Asfaltata;Verticale;Sereno;Scarso;Buona;Ore Diurne;1;0;0;1;12,40414;41,79231;-1;1;Autovettura privata;In marcia / fermata / arresto;Conducente;M;Illeso;0;;Utilizzato;Inesploso
3878896;12;15/06/2018 09:45:00;Strada Urbana;VIA DEL RISARO;in corrispondenza;;del civico n.;80;;Infortunio per sola frenata improvvisa;Rettilineo;Una carreggiata a doppio senso;Asciutto;Asfaltata;Verticale;Sereno;Scarso;Buona;Ore Diurne;1;0;0;1;12,40414;41,79231;-1;2;Motociclo a solo;In marcia / fermata / arresto;Conducente;M;Rimandato;0;NON DECEDUTO;Utilizzato;
3878909;19;16/06/2018 10:00:00;Strada Urbana;VIA IPOGEO DEGLI OTTAVI;all'intersezione semaforizzata con;VIA DELLE CANOSSIANE;VIA DELLE CANOSSIANE;;;Tamponamento;Intersezione semaforizzata;Una carreggiata a doppio senso;Asciutto;Asfaltata;Verticale ed orizzontale;Sereno;Scarso;Buona;Ore Diurne;0;0;0;2;12,40545;41,96539;-1;1;Autovettura privata;In marcia / fermata / arresto;Passeggero;F;Illeso;0;;Non accertato;Inesploso
3878909;19;16/06/2018 10:00:00;Strada Urbana;VIA IPOGEO DEGLI OTTAVI;all'intersezione semaforizzata con;VIA DELLE CANOSSIANE;VIA DELLE CANOSSIANE;;;Tamponamento;Intersezione semaforizzata;Una carreggiata a doppio senso;Asciutto;Asfaltata;Verticale ed orizzontale;Sereno;Scarso;Buona;Ore Diurne;0;0;0;2;12,40545;41,96539;-1;1;Autovettura privata;In marcia / fermata / arresto;Conducente;M;Illeso;0;;Non accertato;Inesploso
3878915;6;18/06/2018 08:15:00;Strada Urbana;VIA ANAGNI;in corrispondenza;;del civico n.;91;;Investimento di pedone;Rettilineo;Una carreggiata a doppio senso;Asciutto;Asfaltata;Verticale ed orizzontale;Sereno;Normale;Buona;Ore Diurne;1;0;0;1;12,55928;41,89058;-1;;;;Pedone;F;Rimandato;0;NON DECEDUTO;;
3878915;6;18/06/2018 08:15:00;Strada Urbana;VIA ANAGNI;in corrispondenza;;del civico n.;91;;Investimento di pedone;Rettilineo;Una carreggiata a doppio senso;Asciutto;Asfaltata;Verticale ed orizzontale;Sereno;Normale;Buona;Ore Diurne;1;0;0;1;12,55928;41,89058;-1;1;Autovettura privata;In marcia / fermata / arresto;Conducente;F;Illeso;0;;;
3878933;4;16/06/2018 15:30:00;Provinciale;VIA NOMENTANA;all'intersezione con;VIALE KANT;VIALE KANT;;;Scontro frontale/laterale DX fra veicoli in marcia;Incrocio;Una carreggiata a doppio senso;Asciutto;Asfaltata;Verticale ed orizzontale;Sereno;Normale;Buona;Ore Diurne;1;0;0;2;12,57281;41,95789;-1;1;Autovettura privata;In marcia / fermata / arresto;Conducente;F;Illeso;0;;;
3878933;4;16/06/2018 15:30:00;Provinciale;VIA NOMENTANA;all'intersezione con;VIALE KANT;VIALE KANT;;;Scontro frontale/laterale DX fra veicoli in marcia;Incrocio;Una carreggiata a doppio senso;Asciutto;Asfaltata;Verticale ed orizzontale;Sereno;Normale;Buona;Ore Diurne;1;0;0;2;12,57281;41,95789;-1;1;Autovettura privata;In marcia / fermata / arresto;Passeggero;F;Illeso;0;;;
3878933;4;16/06/2018 15:30:00;Provinciale;VIA NOMENTANA;all'intersezione con;VIALE KANT;VIALE KANT;;;Scontro frontale/laterale DX fra veicoli in marcia;Incrocio;Una carreggiata a doppio senso;Asciutto;Asfaltata;Verticale ed orizzontale;Sereno;Normale;Buona;Ore Diurne;1;0;0;2;12,57281;41,95789;-1;2;Motociclo a solo;In marcia / fermata / arresto;Conducente;M;Ricoverato;0;NON DECEDUTO;;
3878935;4;16/06/2018 15:20:00;Strada Urbana;VIALE TIRRENO;da specificare;;;;in prossimit� del fronte civico 44.;Scontro laterale fra veicoli in marcia;Rettilineo;Due carreggiate;Asciutto;Asfaltata;Verticale ed orizzontale;Sereno;Scarso;Buona;Ore Diurne;0;0;0;2;12,52927;41,94047;-1;1;Autovettura privata;In marcia / fermata / arresto;Conducente;M;Illeso;0;;;
3878935;4;16/06/2018 15:20:00;Strada Urbana;VIALE TIRRENO;da specificare;;;;in prossimit� del fronte civico 44.;Scontro laterale fra veicoli in marcia;Rettilineo;Due carreggiate;Asciutto;Asfaltata;Verticale ed orizzontale;Sereno;Scarso;Buona;Ore Diurne;0;0;0;2;12,52927;41,94047;-1;2;Autovettura privata;In marcia / fermata / arresto;Conducente;M;Illeso;0;;;
3878938;19;17/06/2018 22:15:00;Strada Urbana;PIAZZALE DEGLI EROI;all'intersezione semaforizzata con;CIRCONVALLAZIONE TRIONFALE;CIRCONVALLAZIONE TRIONFALE;;;Scontro frontale fra veicoli in marcia;Intersezione semaforizzata;Una carreggiata a doppio senso;Asciutto;Asfaltata;Orizzontale;Sereno;Normale;Buona;Sufficiente;1;0;0;1;12,44849;41,90903;-1;1;Autovettura privata;In marcia / fermata / arresto;Conducente;M;Illeso;0;;;
3878938;19;17/06/2018 22:15:00;Strada Urbana;PIAZZALE DEGLI EROI;all'intersezione semaforizzata con;CIRCONVALLAZIONE TRIONFALE;CIRCONVALLAZIONE TRIONFALE;;;Scontro frontale fra veicoli in marcia;Intersezione semaforizzata;Una carreggiata a doppio senso;Asciutto;Asfaltata;Orizzontale;Sereno;Normale;Buona;Sufficiente;1;0;0;1;12,44849;41,90903;-1;2;Motociclo a solo;In marcia / fermata / arresto;Conducente;F;Rimandato;0;NON DECEDUTO;;
3878948;19;16/06/2018 18:20:00;Strada Urbana;VIA DELLA PINETA SACCHETTI;da specificare;;;;area parcheggio FM3 Stazione Gemelli;Scontro laterale fra veicoli in marcia;Rettilineo;Una carreggiata a senso unico di marcia;Asciutto;Asfaltata;Assente;Sereno;Scarso;Buona;Ore Diurne;0;0;0;3;12,42441;41,92313;-1;1;Autovettura privata;In marcia / fermata / arresto;Conducente;M;Illeso;0;;Non accertato;Inesploso
3878948;19;16/06/2018 18:20:00;Strada Urbana;VIA DELLA PINETA SACCHETTI;da specificare;;;;area parcheggio FM3 Stazione Gemelli;Scontro laterale fra veicoli in marcia;Rettilineo;Una carreggiata a senso unico di marcia;Asciutto;Asfaltata;Assente;Sereno;Scarso;Buona;Ore Diurne;0;0;0;3;12,42441;41,92313;-1;1;Autovettura privata;In marcia / fermata / arresto;Passeggero;F;Illeso;0;;Non accertato;Inesploso
3878948;19;16/06/2018 18:20:00;Strada Urbana;VIA DELLA PINETA SACCHETTI;da specificare;;;;area parcheggio FM3 Stazione Gemelli;Scontro laterale fra veicoli in marcia;Rettilineo;Una carreggiata a senso unico di marcia;Asciutto;Asfaltata;Assente;Sereno;Scarso;Buona;Ore Diurne;0;0;0;3;12,42441;41,92313;-1;2;Autovettura privata;In marcia / fermata / arresto;Conducente;F;Illeso;0;;Non accertato;Inesploso
3878980;12;14/06/2018 11:30:00;Strada Urbana;VIALE BARTOLOMEO CAVACEPPI;all'intersezione con;VIA GIOVANNI CINISELLI;VIA GIOVANNI CINISELLI;;;Scontro laterale fra veicoli in marcia;Incrocio;Due carreggiate;Asciutto;Asfaltata;Verticale ed orizzontale;Sereno;Scarso;Buona;Ore Diurne;0;0;0;2;12,43127;41,7967;-1;1;Autovettura privata;In marcia / fermata / arresto;Conducente;M;Illeso;0;;Non accertato;Inesploso
3878980;12;14/06/2018 11:30:00;Strada Urbana;VIALE BARTOLOMEO CAVACEPPI;all'intersezione con;VIA GIOVANNI CINISELLI;VIA GIOVANNI CINISELLI;;;Scontro laterale fra veicoli in marcia;Incrocio;Due carreggiate;Asciutto;Asfaltata;Verticale ed orizzontale;Sereno;Scarso;Buona;Ore Diurne;0;0;0;2;12,43127;41,7967;-1;2;Autovettura privata;In marcia / fermata / arresto;Conducente;M;Illeso;0;;Utilizzato;Inesploso
3878983;18;18/06/2018 10:15:00;Strada Urbana;VIA DEL FORTE BOCCEA;all'intersezione con;VIA DELLA PINETA SACCHETTI;VIA DELLA PINETA SACCHETTI;;;Ribaltamento senza urto contro ostacolo fisso;Intersezione stradale segnalata;Una carreggiata a doppio senso;Asciutto;Asfaltata;Verticale ed orizzontale;Sereno;Intenso;Buona;Ore Diurne;1;0;0;2;12,42441;41,92313;-1;1;Autovettura privata;In marcia / fermata / arresto;Conducente;M;Illeso;0;;Non accertato;Inesistente
3878983;18;18/06/2018 10:15:00;Strada Urbana;VIA DEL FORTE BOCCEA;all'intersezione con;VIA DELLA PINETA SACCHETTI;VIA DELLA PINETA SACCHETTI;;;Ribaltamento senza urto contro ostacolo fisso;Intersezione stradale segnalata;Una carreggiata a doppio senso;Asciutto;Asfaltata;Verticale ed orizzontale;Sereno;Intenso;Buona;Ore Diurne;1;0;0;2;12,42441;41,92313;-1;1;Autovettura privata;In marcia / fermata / arresto;Passeggero;F;Illeso;0;;Non accertato;Inesistente