Protocollo;Gruppo;DataOraIncidente;Localizzazione1;STRADA1;Localizzazione2;STRADA2;Strada02;Chilometrica;DaSpecificare;NaturaIncidente;particolaritastrade;TipoStrada;FondoStradale;Pavimentazione;Segnaletica;CondizioneAtmosferica;Traffico;Visibilita;Illuminazione;NUM_FERITI;NUM_RISERVATA;NUM_MORTI;NUM_ILLESI;Longitudine;Latitudine;Confermato;Progressivo;TipoVeicolo;StatoVeicolo;TipoPersona;Sesso;Tipolesione;Deceduto;DecedutoDopo;CinturaCascoUtilizzato;Airbag
3878983;18;18/06/2018 10:15:00;Strada Urbana;VIA DEL FORTE BOCCEA;all'intersezione con;VIA DELLA PINETA SACCHETTI;VIA DELLA PINETA SACCHETTI;;;Ribaltamento senza urto contro ostacolo fisso;Intersezione stradale segnalata;Una carreggiata a doppio senso;Asciutto;Asfaltata;Verticale ed orizzontale;Sereno;Intenso;Buona;Ore Diurne;1;0;0;2;12,42441;41,92313;-1;2;Motociclo a solo;In marcia / fermata / arresto;Conducente;M;Rimandato;0;NON DECEDUTO;Non accertato;
3878993;2;16/06/2018 06:25:00;Strada Urbana;CIRCONVALLAZIONE SALARIA;da specificare;;;;dir. stadio;Tamponamento;Rettilineo;Una carreggiata a senso unico di marcia;Asciutto;Asfaltata;Verticale ed orizzontale;Sereno;Scarso;Buona;Ore Diurne;2;0;0;0;12,52662;41,93012;-1;1;Autovettura privata;In marcia / fermata / arresto;Conducente;M;Rimandato;0;NON DECEDUTO;Non accertato;Esploso
3878993;2;16/06/2018 06:25:00;Strada Urbana;CIRCONVALLAZIONE SALARIA;da specificare;;;;dir. stadio;Tamponamento;Rettilineo;Una carreggiata a senso unico di marcia;Asciutto;Asfaltata;Verticale ed orizzontale;Sereno;Scarso;Buona;Ore Diurne;2;0;0;0;12,52662;41,93012;-1;2;Autovettura privata;In marcia / fermata / arresto;Conducente;M;Rimandato;0;NON DECEDUTO;;
3878997;1;16/06/2018 17:00:00;Strada Urbana;LUNGOTEVERE MARZIO;all'intersezione con;PONTE CAVOUR;PONTE CAVOUR;;;Infortunio per sola frenata improvvisa;Intersezione semaforizzata;Una carreggiata a senso unico di marcia;Asciutto;Asfaltata;Verticale ed orizzontale;Nuvoloso;Intenso;Buona;Ore Diurne;1;0;0;0;12,47503;41,90485;-1;1;Motociclo a solo;In marcia / fermata / arresto;Conducente;M;Rifiuta cure immediate;0;NON DECEDUTO;;
3879003;6;18/06/2018 09:30:00;Strada Urbana;VIA PRENESTINA;all'intersezione semaforizzata con;LARGO NICOLO' DE' LAPI;LARGO NICOLO' DE' LAPI;;;Scontro laterale fra veicoli in marcia;Intersezione semaforizzata;Due carreggiate;Asciutto;Asfaltata;Verticale ed orizzontale;Sereno;Normale;Buona;Ore Diurne;0;0;0;2;12,53117;41,89206;-1;1;Autovettura privata;In marcia / fermata / arresto;Conducente;M;Illeso;0;;Non accertato;Inesploso
3879003;6;18/06/2018 09:30:00;Strada Urbana;VIA PRENESTINA;all'intersezione semaforizzata con;LARGO NICOLO' DE' LAPI;LARGO NICOLO' DE' LAPI;;;Scontro laterale fra veicoli in marcia;Intersezione semaforizzata;Due carreggiate;Asciutto;Asfaltata;Verticale ed orizzontale;Sereno;Normale;Buona;Ore Diurne;0;0;0;2;12,53117;41,89206;-1;2;Motociclo a solo;In marcia / fermata / arresto;Conducente;M;Illeso;0;;Non accertato;
3879005;19;17/06/2018 18:00:00;Comunale extraurbana;VIA DI S. MARIA DI GALERIA;da specificare;;;;prossimit� Via Monte del Nibbio;Scontro laterale fra veicoli in marcia;Curva senza visuale libera;Una carreggiata a doppio senso;Asciutto;Asfaltata;Assente;Sereno;Scarso;Buona;Ore Diurne;0;0;0;3;12,31684;42,02346;-1;1;Autovettura privata;In marcia / fermata / arresto;Conducente;F;Illeso;0;;;
3879005;19;17/06/2018 18:00:00;Comunale extraurbana;VIA DI S. MARIA DI GALERIA;da specificare;;;;prossimit� Via Monte del Nibbio;Scontro laterale fra veicoli in marcia;Curva senza visuale libera;Una carreggiata a doppio senso;Asciutto;Asfaltata;Assente;Sereno;Scarso;Buona;Ore Diurne;0;0;0;3;12,31684;42,02346;-1;2;Autovettura privata;In marcia / fermata / arresto;Conducente;M;Illeso;0;;Non accertato;Inesploso
3879005;19;17/06/2018 18:00:00;Comunale extraurbana;VIA DI S. MARIA DI GALERIA;da specificare;;;;prossimit� Via Monte del Nibbio;Scontro laterale fra veicoli in marcia;Curva senza visuale libera;Una carreggiata a doppio senso;Asciutto;Asfaltata;Assente;Sereno;Scarso;Buona;Ore Diurne;0;0;0;3;12,31684;42,02346;-1;2;Autovettura privata;In marcia / fermata / arresto;Passeggero Istruttore;F;Illeso;0;;Non accertato;Inesploso
3879007;4;16/06/2018 16:45:00;Strada Urbana;VIALE TIRRENO;in corrispondenza;;del civico n.;246;;Investimento di pedone;Rettilineo;Due carreggiate;Asciutto;Asfaltata;Verticale ed orizzontale;Nuvoloso;Normale;Buona;Ore Diurne;1;0;0;1;12,52809;41,94453;-1;;;;Pedone;F;Ricoverato;0;NON DECEDUTO;;
3879007;4;16/06/2018 16:45:00;Strada Urbana;VIALE TIRRENO;in corrispondenza;;del civico n.;246;;Investimento di pedone;Rettilineo;Due carreggiate;Asciutto;Asfaltata;Verticale ed orizzontale;Nuvoloso;Normale;Buona;Ore Diurne;1;0;0;1;12,52809;41,94453;-1;1;Autovettura privata;In marcia / fermata / arresto;Conducente;M;Illeso;0;;Non accertato;
3879014;3;15/06/2018 10:15:00;Strada Urbana;VIA CESARE DE LOLLIS;da specificare;;;;fr civ 20 b;Scontro laterale fra veicoli in marcia;Rettilineo;Una carreggiata a senso unico di marcia;Asciutto;Asfaltata;Assente;Sereno;Normale;Buona;Ore Diurne;3;0;0;1;12,51614;41,90115;0;1;Autovettura privata;In marcia / fermata / arresto;Conducente;M;Illeso;0;;Non accertato;Inesploso
3879014;3;15/06/2018 10:15:00;Strada Urbana;VIA CESARE DE LOLLIS;da specificare;;;;fr civ 20 b;Scontro laterale fra veicoli in marcia;Rettilineo;Una carreggiata a senso unico di marcia;Asciutto;Asfaltata;Assente;Sereno;Normale;Buona;Ore Diurne;3;0;0;1;12,51614;41,90115;0;2;Motociclo a solo;In marcia / fermata / arresto;Conducente;M;Rimandato;0;NON DECEDUTO;Non accertato;
3879014;3;15/06/2018 10:15:00;Strada Urbana;VIA CESARE DE LOLLIS;da specificare;;;;fr civ 20 b;Scontro laterale fra veicoli in marcia;Rettilineo;Una carreggiata a senso unico di marcia;Asciutto;Asfaltata;Assente;Sereno;Normale;Buona;Ore Diurne;3;0;0;1;12,51614;41,90115;0;3;Motociclo con passeggero;In marcia / fermata / arresto;Conducente;M;Rimandato;0;NON DECEDUTO;Non accertato;
3879014;3;15/06/2018 10:15:00;Strada Urbana;VIA CESARE DE LOLLIS;da specificare;;;;fr civ 20 b;Scontro laterale fra veicoli in marcia;Rettilineo;Una carreggiata a senso unico di marcia;Asciutto;Asfaltata;Assente;Sereno;Normale;Buona;Ore Diurne;3;0;0;1;12,51614;41,90115;0;3;Motociclo con passeggero;In marcia / fermata / arresto;Passeggero;F;Rimandato;0;NON DECEDUTO;Non accertato;
3879024;17;18/06/2018 07:20:00;Strada Urbana;VIA CIPRO;in corrispondenza;;del civico n.;10;;Ribaltamento senza urto contro ostacolo fisso;Rettilineo;Due carreggiate;Asciutto;Asfaltata;Verticale ed orizzontale;Sereno;Scarso;Buona;Ore Diurne;1;0;0;1;12,44663;41,90732;-1;1;Autovettura privata;In marcia / fermata / arresto;Conducente;M;Illeso;0;;;
3879024;17;18/06/2018 07:20:00;Strada Urbana;VIA CIPRO;in corrispondenza;;del civico n.;10;;Ribaltamento senza urto contro ostacolo fisso;Rettilineo;Due carreggiate;Asciutto;Asfaltata;Verticale ed orizzontale;Sereno;Scarso;Buona;Ore Diurne;1;0;0;1;12,44663;41,90732;-1;2;Motociclo a solo;In marcia / fermata / arresto;Conducente;M;Rimandato;0;NON DECEDUTO;;
3879036;4;16/06/2018 15:30:00;;VIA VIRGILIO TALLI;all'intersezione semaforizzata con;VIALE TITINA DE FILIPPO;VIALE TITINA DE FILIPPO;;;Scontro laterale fra veicoli in marcia;;;;;;;;;;0;0;0;2;;;0;1;Autovettura privata;In marcia / fermata / arresto;Conducente;M;Illeso;0;;Non accertato;Inesploso
3879036;4;16/06/2018 15:30:00;;VIA VIRGILIO TALLI;all'intersezione semaforizzata con;VIALE TITINA DE FILIPPO;VIALE TITINA DE FILIPPO;;;Scontro laterale fra veicoli in marcia;;;;;;;;;;0;0;0;2;;;0;2;Autoambulanza;In marcia / fermata / arresto;Conducente;M;Illeso;0;;;
3879037;19;17/06/2018 20:30:00;Strada Urbana;VIA DI TORREVECCHIA;all'intersezione con;VIA CESARE VIGNA;VIA CESARE VIGNA;;;Tamponamento;Incrocio;Due carreggiate;Asciutto;Asfaltata;Verticale ed orizzontale;Sereno;Scarso;Buona;Sufficiente;0;0;0;4;12,41223;41,92332;-1;1;Autovettura privata;In marcia / fermata / arresto;Conducente;F;Illeso;0;;Non accertato;Inesploso
3879037;19;17/06/2018 20:30:00;Strada Urbana;VIA DI TORREVECCHIA;all'intersezione con;VIA CESARE VIGNA;VIA CESARE VIGNA;;;Tamponamento;Incrocio;Due carreggiate;Asciutto;Asfaltata;Verticale ed orizzontale;Sereno;Scarso;Buona;Sufficiente;0;0;0;4;12,41223;41,92332;-1;1;Autovettura privata;In marcia / fermata / arresto;Passeggero;F;Illeso;0;;Non accertato;
3879037;19;17/06/2018 20:30:00;Strada Urbana;VIA DI TORREVECCHIA;all'intersezione con;VIA CESARE VIGNA;VIA CESARE VIGNA;;;Tamponamento;Incrocio;Due carreggiate;Asciutto;Asfaltata;Verticale ed orizzontale;Sereno;Scarso;Buona;Sufficiente;0;0;0;4;12,41223;41,92332;-1;1;Autovettura privata;In marcia / fermata / arresto;Passeggero;F;Illeso;0;;Non accertato;
3879037;19;17/06/2018 20:30:00;Strada Urbana;VIA DI TORREVECCHIA;all'intersezione con;VIA CESARE VIGNA;VIA CESARE VIGNA;;;Tamponamento;Incrocio;Due carreggiate;Asciutto;Asfaltata;Verticale ed orizzontale;Sereno;Scarso;Buona;Sufficiente;0;0;0;4;12,41223;41,92332;-1;2;Autovettura privata;In marcia / fermata / arresto;Conducente;M;Illeso;0;;Non accertato;Inesploso
3879043;4;17/06/2018 17:30:00;Statale entro l'abitato;VIA SALARIA;all'intersezione con;VIA CORTONA;VIA CORTONA;;;Veicolo in marcia contro ostacolo fisso;Incrocio;Due carreggiate;Asciutto;Asfaltata;Verticale ed orizzontale;Sereno;Normale;Buona;Ore Diurne;1;0;0;0;12,50667;41,96537;-1;1;Autovettura privata;In marcia / fermata / arresto;Conducente;M;Rimandato;0;NON DECEDUTO;Non accertato;Esploso
3879051;2;14/06/2018 10:00:00;Strada Urbana;VIALE DEL MURO TORTO;da specificare;;;;dir. p.le Flaminio alt. galoppatoio;Scontro laterale fra veicoli in marcia;Rettilineo;Due carreggiate;Asciutto;Asfaltata;Verticale ed orizzontale;Sereno;Normale;Buona;Ore Diurne;1;0;0;1;12,48397;41,9093;-1;1;Motociclo a solo;In marcia / fermata / arresto;Conducente;M;Rifiuta cure immediate;0;NON DECEDUTO;;
3879051;2;14/06/2018 10:00:00;Strada Urbana;VIALE DEL MURO TORTO;da specificare;;;;dir. p.le Flaminio alt. galoppatoio;Scontro laterale fra veicoli in marcia;Rettilineo;Due carreggiate;Asciutto;Asfaltata;Verticale ed orizzontale;Sereno;Normale;Buona;Ore Diurne;1;0;0;1;12,48397;41,9093;-1;2;Autovettura privata;In marcia / fermata / arresto;Conducente;F;Illeso;0;;Non accertato;
3879053;6;18/06/2018 09:15:00;Strada Urbana;VIA PRENESTINA;in prossimit�;;del civico n.;35;;Tamponamento Multiplo;Rettilineo;Pi� di due carreggiate;Asciutto;Asfaltata;Assente;Sereno;Intenso;Buona;Ore Diurne;1;0;0;4;12,51948;41,89153;-1;1;Autovettura privata;In marcia / fermata / arresto;Conducente;F;Illeso;0;;;
3879053;6;18/06/2018 09:15:00;Strada Urbana;VIA PRENESTINA;in prossimit�;;del civico n.;35;;Tamponamento Multiplo;Rettilineo;Pi� di due carreggiate;Asciutto;Asfaltata;Assente;Sereno;Intenso;Buona;Ore Diurne;1;0;0;4;12,51948;41,89153;-1;1;Autovettura privata;In marcia / fermata / arresto;Passeggero;M;Illeso;0;;;
3879053;6;18/06/2018 09:15:00;Strada Urbana;VIA PRENESTINA;in prossimit�;;del civico n.;35;;Tamponamento Multiplo;Rettilineo;Pi� di due carreggiate;Asciutto;Asfaltata;Assente;Sereno;Intenso;Buona;Ore Diurne;1;0;0;4;12,51948;41,89153;-1;2;Autocarro inferiore 35 q.;In marcia / fermata / arresto;Conducente;M;Rimandato;0;NON DECEDUTO;;
3879053;6;18/06/2018 09:15:00;Strada Urbana;VIA PRENESTINA;in prossimit�;;del civico n.;35;;Tamponamento Multiplo;Rettilineo;Pi� di due carreggiate;Asciutto;Asfaltata;Assente;Sereno;Intenso;Buona;Ore Diurne;1;0;0;4;12,51948;41,89153;-1;3;Autovettura privata;In marcia / fermata / arresto;Conducente;M;Illeso;0;;;
3879053;6;18/06/2018 09:15:00;Strada Urbana;VIA PRENESTINA;in prossimit�;;del civico n.;35;;Tamponamento Multiplo;Rettilineo;Pi� di due carreggiate;Asciutto;Asfaltata;Assente;Sereno;Intenso;Buona;Ore Diurne;1;0;0;4;12,51948;41,89153;-1;3;Autovettura privata;In marcia / fermata / arresto;Passeggero;M;Illeso;0;;;
3879115;2;16/06/2018 11:55:00;Strada Urbana;LUNGOTEVERE FLAMINIO;in corrispondenza;;del civico n.;42;;Scontro laterale fra veicoli in marcia;Rettilineo;Una carreggiata a doppio senso;Asciutto;Asfaltata;Verticale ed orizzontale;Sereno;Normale;Buona;Ore Diurne;1;0;0;2;12,46793;41,92336;-1;1;Motociclo a solo;In marcia / fermata / arresto;Conducente;M;Rimandato;0;NON DECEDUTO;;
3879115;2;16/06/2018 11:55:00;Strada Urbana;LUNGOTEVERE FLAMINIO;in corrispondenza;;del civico n.;42;;Scontro laterale fra veicoli in marcia;Rettilineo;Una carreggiata a doppio senso;Asciutto;Asfaltata;Verticale ed orizzontale;Sereno;Normale;Buona;Ore Diurne;1;0;0;2;12,46793;41,92336;-1;2;Autovettura privata;In marcia / fermata / arresto;Conducente;M;Illeso;0;;;
3879115;2;16/06/2018 11:55:00;Strada Urbana;LUNGOTEVERE FLAMINIO;in corrispondenza;;del civico n.;42;;Scontro laterale fra veicoli in marcia;Rettilineo;Una carreggiata a doppio senso;Asciutto;Asfaltata;Verticale ed orizzontale;Sereno;Normale;Buona;Ore Diurne;1;0;0;2;12,46793;41,92336;-1;2;Autovettura privata;In marcia / fermata / arresto;Passeggero;F;Illeso;0;;;
3879119;18;18/06/2018 11:40:00;Strada Urbana;VIA GREGORIO VII;in prossimit�;;del civico n.;601;;Scontro laterale fra veicoli in marcia;Rettilineo;Pi� di due carreggiate;Asciutto;Asfaltata;Verticale ed orizzontale;Sereno;Normale;Buona;Ore Diurne;1;0;0;2;12,43096;41,89429;-1;1;Autovettura privata;In marcia / fermata / arresto;Conducente;F;Illeso;0;;Non accertato;Inesploso
3879119;18;18/06/2018 11:40:00;Strada Urbana;VIA GREGORIO VII;in prossimit�;;del civico n.;601;;Scontro laterale fra veicoli in marcia;Rettilineo;Pi� di due carreggiate;Asciutto;Asfaltata;Verticale ed orizzontale;Sereno;Normale;Buona;Ore Diurne;1;0;0;2;12,43096;41,89429;-1;1;Autovettura privata;In marcia / fermata / arresto;Passeggero;F;Illeso;0;;Non accertato;Inesploso
3879119;18;18/06/2018 11:40:00;Strada Urbana;VIA GREGORIO VII;in prossimit�;;del civico n.;601;;Scontro laterale fra veicoli in marcia;Rettilineo;Pi� di due carreggiate;Asciutto;Asfaltata;Verticale ed orizzontale;Sereno;Normale;Buona;Ore Diurne;1;0;0;2;12,43096;41,89429;-1;2;Motociclo a solo;In marcia / fermata / arresto;Conducente;M;Rimandato;0;NON DECEDUTO;Non accertato;
3879124;17;18/06/2018 08:20:00;Strada Urbana;VIA CIPRO;in corrispondenza;;del civico n.;10/A;;Tamponamento Multiplo;Rettilineo;Due carreggiate;Asciutto;Asfaltata;Verticale ed orizzontale;Sereno;Intenso;Buona;Ore Diurne;1;0;0;2;12,44663;41,90732;-1;1;Autovettura privata;In marcia / fermata / arresto;Conducente;F;Illeso;0;;Non accertato;Inesploso
3879124;17;18/06/2018 08:20:00;Strada Urbana;VIA CIPRO;in corrispondenza;;del civico n.;10/A;;Tamponamento Multiplo;Rettilineo;Due carreggiate;Asciutto;Asfaltata;Verticale ed orizzontale;Sereno;Intenso;Buona;Ore Diurne;1;0;0;2;12,44663;41,90732;-1;2;Autovettura privata;In marcia / fermata / arresto;Conducente;M;Rifiuta cure immediate;0;NON DECEDUTO;Non accertato;Inesploso
3879124;17;18/06/2018 08:20:00;Strada Urbana;VIA CIPRO;in corrispondenza;;del civico n.;10/A;;Tamponamento Multiplo;Rettilineo;Due carreggiate;Asciutto;Asfaltata;Verticale ed orizzontale;Sereno;Intenso;Buona;Ore Diurne;1;0;0;2;12,44663;41,90732;-1;3;Autovettura privata;In marcia / fermata / arresto;Conducente;M;Illeso;0;;Non accertato;Inesploso
3879136;2;18/06/2018 01:45:00;Strada Urbana;VIA PO;all'intersezione con;VIA GIOVANNI SGAMBATI;VIA GIOVANNI SGAMBATI;;;Scontro frontale/laterale DX fra veicoli in marcia;Intersezione stradale segnalata;Una carreggiata a doppio senso;Asciutto;Asfaltata;Verticale ed orizzontale;Sereno;Scarso;Sufficiente;Sufficiente;0;0;0;2;12,49578;41,91501;-1;1;Autovettura privata;In marcia / fermata / arresto;Conducente;M;Illeso;0;;Non accertato;Inesploso
3879136;2;18/06/2018 01:45:00;Strada Urbana;VIA PO;all'intersezione con;VIA GIOVANNI SGAMBATI;VIA GIOVANNI SGAMBATI;;;Scontro frontale/laterale DX fra veicoli in marcia;Intersezione stradale segnalata;Una carreggiata a doppio senso;Asciutto;Asfaltata;Verticale ed orizzontale;Sereno;Scarso;Sufficiente;Sufficiente;0;0;0;2;12,49578;41,91501;-1;2;Autovettura privata;In marcia / fermata / arresto;Conducente;M;Illeso;0;;Non accertato;Inesploso
3879144;20;18/06/2018 11:55:00;Regionale entro l'abitato;VIA CASSIA;in corrispondenza;;del civico n.;1890;;Tamponamento;Curva a visuale libera;Una carreggiata a doppio senso;Asciutto;Asfaltata;Verticale ed orizzontale;Sereno;Intenso;Buona;Ore Diurne;0;0;0;2;12,37697;42,02388;-1;1;Autovettura privata;In marcia / fermata / arresto;Conducente;M;Illeso;0;;Non accertato;Inesploso
3879144;20;18/06/2018 11:55:00;Regionale entro l'abitato;VIA CASSIA;in corrispondenza;;del civico n.;1890;;Tamponamento;Curva a visuale libera;Una carreggiata a doppio senso;Asciutto;Asfaltata;Verticale ed orizzontale;Sereno;Intenso;Buona;Ore Diurne;0;0;0;2;12,37697;42,02388;-1;2;Autovettura privata;In marcia / fermata / arresto;Conducente;M;Illeso;0;;Non accertato;Inesploso
3879148;2;16/06/2018 08:30:00;Strada Urbana;VIA DI S. COSTANZA;in prossimit�;;del civico n.;15;;Veicolo in marcia contro veicolo fermo;Rettilineo;Una carreggiata a senso unico di marcia;Asciutto;Asfaltata;Verticale;Sereno;Normale;Buona;Ore Diurne;0;0;0;2;12,51444;41,92264;-1;1;Autovettura privata;In marcia / fermata / arresto;Conducente;M;Illeso;0;;Non accertato;Inesploso
3879148;2;16/06/2018 08:30:00;Strada Urbana;VIA DI S. COSTANZA;in prossimit�;;del civico n.;15;;Veicolo in marcia contro veicolo fermo;Rettilineo;Una carreggiata a senso unico di marcia;Asciutto;Asfaltata;Verticale;Sereno;Normale;Buona;Ore Diurne;0;0;0;2;12,51444;41,92264;-1;2;Autovettura privata;In marcia / fermata / arresto;Conducente;F;Illeso;0;;Non accertato;Inesploso
3879178;2;16/06/2018 13:05:00;Strada Urbana;VIA DEL FORO ITALICO;in prossimit�;;del civico n.;501;;Veicolo in marcia contro ostacolo accidentale;Rettilineo;Due carreggiate;Asciutto;Strada pavimentata dissestata;Verticale ed orizzontale;Sereno;Normale;Sufficiente;Ore Diurne;1;0;0;0;12,49387;41,9406;-1;1;Motociclo a solo;In marcia / fermata / arresto;Conducente;M;Rimandato;0;NON DECEDUTO;;
3879180;2;18/06/2018 08:50:00;;VIALE DEL FORO ITALICO;all'intersezione con;VIALE DELLA MOSCHEA;VIALE DELLA MOSCHEA;;;Scontro laterale fra veicoli in marcia;;;;;;;;;;1;0;0;1;;;0;1;Autovettura privata;In marcia / fermata / arresto;Conducente;M;Illeso;0;;;
3879180;2;18/06/2018 08:50:00;;VIALE DEL FORO ITALICO;all'intersezione con;VIALE DELLA MOSCHEA;VIALE DELLA MOSCHEA;;;Scontro laterale fra veicoli in marcia;;;;;;;;;;1;0;0;1;;;0;2;Motociclo a solo;In marcia / fermata / arresto;Conducente;M;Rimandato;0;NON DECEDUTO;;
3879190;2;18/06/2018 10:35:00;Strada Urbana;PIAZZALE BRASILE;all'intersezione semaforizzata con;SOTTOVIA IGNAZIO GUIDI;SOTTOVIA IGNAZIO GUIDI;;;Scontro frontale/laterale SX fra veicoli in marcia;Incrocio;Una carreggiata a senso unico di marcia;Asciutto;Asfaltata;Verticale ed orizzontale;Sereno;Normale;Buona;Ore Diurne;1;0;0;1;12,48956;41,90992;-1;1;Autovettura privata;In marcia / fermata / arresto;Conducente;F;Illeso;0;;;
3879190;2;18/06/2018 10:35:00;Strada Urbana;PIAZZALE BRASILE;all'intersezione semaforizzata con;SOTTOVIA IGNAZIO GUIDI;SOTTOVIA IGNAZIO GUIDI;;;Scontro frontale/laterale SX fra veicoli in marcia;Incrocio;Una carreggiata a senso unico di marcia;Asciutto;Asfaltata;Verticale ed orizzontale;Sereno;Normale;Buona;Ore Diurne;1;0;0;1;12,48956;41,90992;-1;2;Motociclo a solo;In marcia / fermata / arresto;Conducente;M;Rimandato;0;NON DECEDUTO;;
3879197;4;16/06/2018 18:00:00;Strada Urbana;VIA RADICOFANI;all'intersezione con;VIA ANNIBALE MARIA DI FRANCIA;VIA ANNIBALE MARIA DI FRANCIA;;;Scontro frontale fra veicoli in marcia;Incrocio;Una carreggiata a doppio senso;Asciutto;Asfaltata;Verticale ed orizzontale;Sereno;Normale;Buona;Ore Diurne;5;0;0;1;12,50713;41,96973;-1;1;Autovettura privata;In marcia / fermata / arresto;Conducente;M;Illeso;0;;;
3879197;4;16/06/2018 18:00:00;Strada Urbana;VIA RADICOFANI;all'intersezione con;VIA ANNIBALE MARIA DI FRANCIA;VIA ANNIBALE MARIA DI FRANCIA;;;Scontro frontale fra veicoli in marcia;Incrocio;Una carreggiata a doppio senso;Asciutto;Asfaltata;Verticale ed orizzontale;Sereno;Normale;Buona;Ore Diurne;5;0;0;1;12,50713;41,96973;-1;2;Autovettura privata;In marcia / fermata / arresto;Conducente;M;Rimandato;0;NON DECEDUTO;;
3879197;4;16/06/2018 18:00:00;Strada Urbana;VIA RADICOFANI;all'intersezione con;VIA ANNIBALE MARIA DI FRANCIA;VIA ANNIBALE MARIA DI FRANCIA;;;Scontro frontale fra veicoli in marcia;Incrocio;Una carreggiata a doppio senso;Asciutto;Asfaltata;Verticale ed orizzontale;Sereno;Normale;Buona;Ore Diurne;5;0;0;1;12,50713;41,96973;-1;2;Autovettura privata;In marcia / fermata / arresto;Passeggero;M;Rifiuta cure immediate;0;NON DECEDUTO;;
3879197;4;16/06/2018 18:00:00;Strada Urbana;VIA RADICOFANI;all'intersezione con;VIA ANNIBALE MARIA DI FRANCIA;VIA ANNIBALE MARIA DI FRANCIA;;;Scontro frontale fra veicoli in marcia;Incrocio;Una carreggiata a doppio senso;Asciutto;Asfaltata;Verticale ed orizzontale;Sereno;Normale;Buona;Ore Diurne;5;0;0;1;12,50713;41,96973;-1;2;Autovettura privata;In marcia / fermata / arresto;Passeggero;F;Rimandato;0;NON DECEDUTO;;
3879197;4;16/06/2018 18:00:00;Strada Urbana;VIA RADICOFANI;all'intersezione con;VIA ANNIBALE MARIA DI FRANCIA;VIA ANNIBALE MARIA DI FRANCIA;;;Scontro frontale fra veicoli in marcia;Incrocio;Una carreggiata a doppio senso;Asciutto;Asfaltata;Verticale ed orizzontale;Sereno;Normale;Buona;Ore Diurne;5;0;0;1;12,50713;41,96973;-1;2;Autovettura privata;In marcia / fermata / arresto;Passeggero;M;Rifiuta cure immediate;0;NON DECEDUTO;;
3879197;4;16/06/2018 18:00:00;Strada Urbana;VIA RADICOFANI;all'intersezione con;VIA ANNIBALE MARIA DI FRANCIA;VIA ANNIBALE MARIA DI FRANCIA;;;Scontro frontale fra veicoli in marcia;Incrocio;Una carreggiata a doppio senso;Asciutto;Asfaltata;Verticale ed orizzontale;Sereno;Normale;Buona;Ore Diurne;5;0;0;1;12,50713;41,96973;-1;2;Autovettura privata;In marcia / fermata / arresto;Passeggero;M;Rimandato;0;NON DECEDUTO;;
3879285;12;18/06/2018 12:50:00;Regionale entro l'abitato;VIA LAURENTINA;all'intersezione semaforizzata con;VIALE DELL'ESERCITO;VIALE DELL'ESERCITO;;;Scontro laterale fra veicoli in marcia;Intersezione semaforizzata;Due carreggiate;Asciutto;Asfaltata;Verticale ed orizzontale;Sereno;Normale;Buona;Ore Diurne;1;0;0;4;12,48527;41,81015;-1;1;Autovettura privata;In marcia / fermata / arresto;Conducente;M;Illeso;0;;Non accertato;Inesploso
3879285;12;18/06/2018 12:50:00;Regionale entro l'abitato;VIA LAURENTINA;all'intersezione semaforizzata con;VIALE DELL'ESERCITO;VIALE DELL'ESERCITO;;;Scontro laterale fra veicoli in marcia;Intersezione semaforizzata;Due carreggiate;Asciutto;Asfaltata;Verticale ed orizzontale;Sereno;Normale;Buona;Ore Diurne;1;0;0;4;12,48527;41,81015;-1;1;Autovettura privata;In marcia / fermata / arresto;Passeggero;F;Illeso;0;;Non accertato;Inesploso
3879285;12;18/06/2018 12:50:00;Regionale entro l'abitato;VIA LAURENTINA;all'intersezione semaforizzata con;VIALE DELL'ESERCITO;VIALE DELL'ESERCITO;;;Scontro laterale fra veicoli in marcia;Intersezione semaforizzata;Due carreggiate;Asciutto;Asfaltata;Verticale ed orizzontale;Sereno;Normale;Buona;Ore Diurne;1;0;0;4;12,48527;41,81015;-1;1;Autovettura privata;In marcia / fermata / arresto;Passeggero;M;Illeso;0;;Non accertato;Inesploso
3879285;12;18/06/2018 12:50:00;Regionale entro l'abitato;VIA LAURENTINA;all'intersezione semaforizzata con;VIALE DELL'ESERCITO;VIALE DELL'ESERCITO;;;Scontro laterale fra veicoli in marcia;Intersezione semaforizzata;Due carreggiate;Asciutto;Asfaltata;Verticale ed orizzontale;Sereno;Normale;Buona;Ore Diurne;1;0;0;4;12,48527;41,81015;-1;1;Autovettura privata;In marcia / fermata / arresto;Passeggero;M;Illeso;0;;Non accertato;Inesploso
3879285;12;18/06/2018 12:50:00;Regionale entro l'abitato;VIA LAURENTINA;all'intersezione semaforizzata con;VIALE DELL'ESERCITO;VIALE DELL'ESERCITO;;;Scontro laterale fra veicoli in marcia;Intersezione semaforizzata;Due carreggiate;Asciutto;Asfaltata;Verticale ed orizzontale;Sereno;Normale;Buona;Ore Diurne;1;0;0;4;12,48527;41,81015;-1;2;Motociclo a solo;In marcia / fermata / arresto;Conducente;F;Rimandato;0;NON DECEDUTO;Non accertato;