Protocollo;Gruppo;DataOraIncidente;Localizzazione1;STRADA1;Localizzazione2;STRADA2;Strada02;Chilometrica;DaSpecificare;NaturaIncidente;particolaritastrade;TipoStrada;FondoStradale;Pavimentazione;Segnaletica;CondizioneAtmosferica;Traffico;Visibilita;Illuminazione;NUM_FERITI;NUM_RISERVATA;NUM_MORTI;NUM_ILLESI;Longitudine;Latitudine;Confermato;Progressivo;TipoVeicolo;StatoVeicolo;TipoPersona;Sesso;Tipolesione;Deceduto;DecedutoDopo;CinturaCascoUtilizzato;Airbag
3879297;6;18/06/2018 12:00:00;Strada Urbana;VIA PRENESTINA;da specificare;;;;altezza via Collatina;Tamponamento;Rettilineo;Due carreggiate;Asciutto;Asfaltata;Verticale ed orizzontale;Sereno;Normale;Buona;Ore Diurne;0;0;0;3;12,5631;41,89512;-1;1;Autovettura privata;In marcia / fermata / arresto;Conducente;M;Illeso;0;;Non accertato;Inesploso
3879297;6;18/06/2018 12:00:00;Strada Urbana;VIA PRENESTINA;da specificare;;;;altezza via Collatina;Tamponamento;Rettilineo;Due carreggiate;Asciutto;Asfaltata;Verticale ed orizzontale;Sereno;Normale;Buona;Ore Diurne;0;0;0;3;12,5631;41,89512;-1;2;Autovettura privata;In marcia / fermata / arresto;Conducente;M;Illeso;0;;Non accertato;Inesploso
3879297;6;18/06/2018 12:00:00;Strada Urbana;VIA PRENESTINA;da specificare;;;;altezza via Collatina;Tamponamento;Rettilineo;Due carreggiate;Asciutto;Asfaltata;Verticale ed orizzontale;Sereno;Normale;Buona;Ore Diurne;0;0;0;3;12,5631;41,89512;-1;2;Autovettura privata;In marcia / fermata / arresto;Passeggero;M;Illeso;0;;Non accertato;Inesploso
3879372;12;15/06/2018 09:50:00;Regionale;VIA PONTINA;da specificare;;;;prossimit� KM 13 DIR. ROMA;Scontro frontale/laterale SX fra veicoli in marcia;Rettilineo;Due carreggiate;Asciutto;Asfaltata;Verticale ed orizzontale;Sereno;Normale;Buona;Ore Diurne;0;0;0;3;12,79855;41,5088;-1;1;Autocarro superiore 35 q.;In marcia / fermata / arresto;Conducente;M;Illeso;0;;;
3879372;12;15/06/2018 09:50:00;Regionale;VIA PONTINA;da specificare;;;;prossimit� KM 13 DIR. ROMA;Scontro frontale/laterale SX fra veicoli in marcia;Rettilineo;Due carreggiate;Asciutto;Asfaltata;Verticale ed orizzontale;Sereno;Normale;Buona;Ore Diurne;0;0;0;3;12,79855;41,5088;-1;2;Autovettura privata;In marcia / fermata / arresto;Conducente;M;Illeso;0;;;
3879372;12;15/06/2018 09:50:00;Regionale;VIA PONTINA;da specificare;;;;prossimit� KM 13 DIR. ROMA;Scontro frontale/laterale SX fra veicoli in marcia;Rettilineo;Due carreggiate;Asciutto;Asfaltata;Verticale ed orizzontale;Sereno;Normale;Buona;Ore Diurne;0;0;0;3;12,79855;41,5088;-1;2;Autovettura privata;In marcia / fermata / arresto;Passeggero;F;Illeso;0;;Utilizzato;Inesploso
3879417;16;17/06/2018 23:30:00;Strada Urbana;VIA DI VAL TELLINA;in corrispondenza;;del civico n.;86B;;Scontro frontale/laterale SX fra veicoli in marcia;Rettilineo;Una carreggiata a doppio senso;Asciutto;Asfaltata;Orizzontale;Sereno;Normale;Buona;Sufficiente;1;0;0;1;12,44748;41,86817;-1;1;Autovettura privata;In marcia / fermata / arresto;Conducente;M;Illeso;0;;Non accertato;Inesploso
3879417;16;17/06/2018 23:30:00;Strada Urbana;VIA DI VAL TELLINA;in corrispondenza;;del civico n.;86B;;Scontro frontale/laterale SX fra veicoli in marcia;Rettilineo;Una carreggiata a doppio senso;Asciutto;Asfaltata;Orizzontale;Sereno;Normale;Buona;Sufficiente;1;0;0;1;12,44748;41,86817;-1;2;Motociclo a solo;In marcia / fermata / arresto;Conducente;M;Rimandato;0;NON DECEDUTO;Non accertato;
3879429;12;15/06/2018 16:30:00;Strada Urbana;VIALE DELLA TECNICA;all'intersezione con;VIALE DEI PRIMATI SPORTIVI;VIALE DEI PRIMATI SPORTIVI;;;Infortunio per sola frenata improvvisa;Intersezione stradale segnalata;Una carreggiata a doppio senso;Asciutto;Asfaltata;Verticale ed orizzontale;Sereno;Normale;Buona;Ore Diurne;1;0;0;1;12,4604;41,82949;-1;1;Autovettura privata;In marcia / fermata / arresto;Conducente;M;Illeso;0;;;
3879429;12;15/06/2018 16:30:00;Strada Urbana;VIALE DELLA TECNICA;all'intersezione con;VIALE DEI PRIMATI SPORTIVI;VIALE DEI PRIMATI SPORTIVI;;;Infortunio per sola frenata improvvisa;Intersezione stradale segnalata;Una carreggiata a doppio senso;Asciutto;Asfaltata;Verticale ed orizzontale;Sereno;Normale;Buona;Ore Diurne;1;0;0;1;12,4604;41,82949;-1;2;Motociclo a solo;In marcia / fermata / arresto;Conducente;M;Rimandato;0;NON DECEDUTO;;
3879450;6;18/06/2018 15:00:00;Strada Urbana;VIA PRENESTINA;all'intersezione con;VIA SABAUDIA;VIA SABAUDIA;;;Scontro frontale/laterale DX fra veicoli in marcia;Incrocio;Pi� di due carreggiate;Asciutto;Asfaltata;Verticale ed orizzontale;Sereno;Normale;Buona;Ore Diurne;1;0;0;1;12,55764;41,89426;-1;1;Autovettura pubblica;In marcia / fermata / arresto;Conducente;M;Illeso;0;;Non accertato;Inesploso
3879450;6;18/06/2018 15:00:00;Strada Urbana;VIA PRENESTINA;all'intersezione con;VIA SABAUDIA;VIA SABAUDIA;;;Scontro frontale/laterale DX fra veicoli in marcia;Incrocio;Pi� di due carreggiate;Asciutto;Asfaltata;Verticale ed orizzontale;Sereno;Normale;Buona;Ore Diurne;1;0;0;1;12,55764;41,89426;-1;2;Autovettura privata;In marcia / fermata / arresto;Conducente;F;Rimandato;0;NON DECEDUTO;Non accertato;Esploso
3879473;17;18/06/2018 13:35:00;Strada Urbana;VIA ANGELO BROFFERIO;in prossimit�;;del civico n.;5;;Veicolo in marcia contro veicolo in sosta;Rettilineo;Una carreggiata a doppio senso;Asciutto;Asfaltata;Verticale ed orizzontale;Sereno;Normale;Buona;Ore Diurne;0;0;0;1;12,46261;41,91309;-1;2;Autovettura privata;Allontanatosi;Conducente;M;Illeso;0;;;
3879478;12;16/06/2018 00:55:00;Strada Urbana;VIA LAURENTINA;all'intersezione semaforizzata con;VIALE DELL'OCEANO ATLANTICO;VIALE DELL'OCEANO ATLANTICO;;;Scontro laterale fra veicoli in marcia;Intersezione semaforizzata;Due carreggiate;Asciutto;Asfaltata;Verticale ed orizzontale;Sereno;Scarso;Buona;Sufficiente;0;0;0;2;12,47957;41,82262;-1;1;Autovettura privata;In marcia / fermata / arresto;Conducente;M;Illeso;0;;;
3879478;12;16/06/2018 00:55:00;Strada Urbana;VIA LAURENTINA;all'intersezione semaforizzata con;VIALE DELL'OCEANO ATLANTICO;VIALE DELL'OCEANO ATLANTICO;;;Scontro laterale fra veicoli in marcia;Intersezione semaforizzata;Due carreggiate;Asciutto;Asfaltata;Verticale ed orizzontale;Sereno;Scarso;Buona;Sufficiente;0;0;0;2;12,47957;41,82262;-1;1;Autovettura privata;In marcia / fermata / arresto;Passeggero;F;Illeso;0;;;
3879495;12;15/06/2018 23:25:00;Strada Urbana;VIA LAURENTINA;da specificare;;;;dir. GRA prox. v. O. Atlantico;Scontro laterale fra veicoli in marcia;Pendenza;Due carreggiate;Asciutto;Asfaltata;Verticale ed orizzontale;Sereno;Normale;Buona;Sufficiente;0;0;0;2;12,47957;41,82224;-1;1;Autovettura privata;In marcia / fermata / arresto;Conducente;M;Illeso;0;;Utilizzato;Inesploso
3879495;12;15/06/2018 23:25:00;Strada Urbana;VIA LAURENTINA;da specificare;;;;dir. GRA prox. v. O. Atlantico;Scontro laterale fra veicoli in marcia;Pendenza;Due carreggiate;Asciutto;Asfaltata;Verticale ed orizzontale;Sereno;Normale;Buona;Sufficiente;0;0;0;2;12,47957;41,82224;-1;2;Autovettura pubblica;In marcia / fermata / arresto;Conducente;M;Illeso;0;;;
3879518;12;18/06/2018 07:50:00;Strada Urbana;PIAZZA CARLO VITA FINZI;all'intersezione semaforizzata con;VIALE DELL'UMANESIMO;VIALE DELL'UMANESIMO;;;Scontro frontale/laterale SX fra veicoli in marcia;Intersezione semaforizzata;Una carreggiata a doppio senso;Asciutto;Asfaltata;Verticale ed orizzontale;Sereno;Normale;Buona;Ore Diurne;2;0;0;0;12,47895;41,8207;-1;1;Autovettura privata;In marcia / fermata / arresto;Conducente;M;Rimandato;0;NON DECEDUTO;;Inesploso
3879518;12;18/06/2018 07:50:00;Strada Urbana;PIAZZA CARLO VITA FINZI;all'intersezione semaforizzata con;VIALE DELL'UMANESIMO;VIALE DELL'UMANESIMO;;;Scontro frontale/laterale SX fra veicoli in marcia;Intersezione semaforizzata;Una carreggiata a doppio senso;Asciutto;Asfaltata;Verticale ed orizzontale;Sereno;Normale;Buona;Ore Diurne;2;0;0;0;12,47895;41,8207;-1;2;Motociclo a solo;In marcia / fermata / arresto;Conducente;M;Ricoverato;0;NON DECEDUTO;;
3879561;10;18/06/2018 16:00:00;Statale;VIA APPIA NUOVA;da specificare;;;;pross. GRA dir. Tuscolana uscita Napoli/l'Aquila;Scontro laterale fra veicoli in marcia;Rettilineo;Una carreggiata a senso unico di marcia;Bagnato (umidit� in atto);Asfaltata;Verticale ed orizzontale;Nuvoloso;Normale;Sufficiente;Ore Diurne;0;0;0;3;12,57535;41,81234;-1;1;Autovettura privata;In marcia / fermata / arresto;Conducente;M;Illeso;0;;Non accertato;Inesploso
3879561;10;18/06/2018 16:00:00;Statale;VIA APPIA NUOVA;da specificare;;;;pross. GRA dir. Tuscolana uscita Napoli/l'Aquila;Scontro laterale fra veicoli in marcia;Rettilineo;Una carreggiata a senso unico di marcia;Bagnato (umidit� in atto);Asfaltata;Verticale ed orizzontale;Nuvoloso;Normale;Sufficiente;Ore Diurne;0;0;0;3;12,57535;41,81234;-1;2;Autovettura privata;In marcia / fermata / arresto;Conducente;M;Illeso;0;;Non accertato;Inesploso
3879561;10;18/06/2018 16:00:00;Statale;VIA APPIA NUOVA;da specificare;;;;pross. GRA dir. Tuscolana uscita Napoli/l'Aquila;Scontro laterale fra veicoli in marcia;Rettilineo;Una carreggiata a senso unico di marcia;Bagnato (umidit� in atto);Asfaltata;Verticale ed orizzontale;Nuvoloso;Normale;Sufficiente;Ore Diurne;0;0;0;3;12,57535;41,81234;-1;2;Autovettura privata;In marcia / fermata / arresto;Passeggero;F;Illeso;0;;Non accertato;Inesploso
3879655;11;18/06/2018 16:00:00;Strada Urbana;VIA ARDEATINA;in prossimit�;;del civico n.;112;;Scontro laterale fra veicoli in marcia;Rettilineo;Una carreggiata a doppio senso;Asciutto;Asfaltata;Orizzontale;Nuvoloso;Normale;Buona;Ore Diurne;1;0;0;1;12,50466;41,86282;-1;1;Autovettura privata;In marcia / fermata / arresto;Conducente;M;Illeso;0;;Non accertato;Inesploso
3879655;11;18/06/2018 16:00:00;Strada Urbana;VIA ARDEATINA;in prossimit�;;del civico n.;112;;Scontro laterale fra veicoli in marcia;Rettilineo;Una carreggiata a doppio senso;Asciutto;Asfaltata;Orizzontale;Nuvoloso;Normale;Buona;Ore Diurne;1;0;0;1;12,50466;41,86282;-1;2;Motociclo a solo;In marcia / fermata / arresto;Conducente;M;Rifiuta cure immediate;0;NON DECEDUTO;Non accertato;
3879665;15;18/06/2018 13:00:00;Strada Urbana;VIA PORTUENSE;all'intersezione con;VIA DEL FOSSO DELLA MAGLIANA;VIA DEL FOSSO DELLA MAGLIANA;;;Scontro frontale/laterale DX fra veicoli in marcia;Incrocio;Una carreggiata a doppio senso;Asciutto;Asfaltata;Verticale ed orizzontale;Sereno;Normale;Buona;Ore Diurne;0;0;0;2;12,41402;41,84696;-1;1;Autocarro inferiore 35 q.;In marcia / fermata / arresto;Conducente;M;Illeso;0;;Utilizzato;
3879665;15;18/06/2018 13:00:00;Strada Urbana;VIA PORTUENSE;all'intersezione con;VIA DEL FOSSO DELLA MAGLIANA;VIA DEL FOSSO DELLA MAGLIANA;;;Scontro frontale/laterale DX fra veicoli in marcia;Incrocio;Una carreggiata a doppio senso;Asciutto;Asfaltata;Verticale ed orizzontale;Sereno;Normale;Buona;Ore Diurne;0;0;0;2;12,41402;41,84696;-1;2;Motociclo a solo;In marcia / fermata / arresto;Conducente;M;Illeso;0;;Utilizzato;
3879674;15;18/06/2018 09:45:00;Strada Urbana;VIA PORTUENSE;all'intersezione con;VIA DELL'IMBRECCIATO;VIA DELL'IMBRECCIATO;;;Infortunio per sola frenata improvvisa;Incrocio;Due carreggiate;Asciutto;Asfaltata;Verticale ed orizzontale;Sereno;Normale;Buona;Ore Diurne;1;0;0;2;12,41402;41,84696;-1;1;Autovettura privata;In marcia / fermata / arresto;Conducente;F;Illeso;0;;Utilizzato;
3879674;15;18/06/2018 09:45:00;Strada Urbana;VIA PORTUENSE;all'intersezione con;VIA DELL'IMBRECCIATO;VIA DELL'IMBRECCIATO;;;Infortunio per sola frenata improvvisa;Incrocio;Due carreggiate;Asciutto;Asfaltata;Verticale ed orizzontale;Sereno;Normale;Buona;Ore Diurne;1;0;0;2;12,41402;41,84696;-1;1;Autovettura privata;In marcia / fermata / arresto;Passeggero;F;Illeso;0;;Utilizzato;
3879674;15;18/06/2018 09:45:00;Strada Urbana;VIA PORTUENSE;all'intersezione con;VIA DELL'IMBRECCIATO;VIA DELL'IMBRECCIATO;;;Infortunio per sola frenata improvvisa;Incrocio;Due carreggiate;Asciutto;Asfaltata;Verticale ed orizzontale;Sereno;Normale;Buona;Ore Diurne;1;0;0;2;12,41402;41,84696;-1;2;Motociclo a solo;In marcia / fermata / arresto;Conducente;F;Rimandato;0;NON DECEDUTO;Utilizzato;
3879686;15;18/06/2018 10:00:00;Strada Urbana;VIA DI S. RAFFAELE;all'intersezione con;VIA CAMPAGNATICO;VIA CAMPAGNATICO;;;Scontro laterale fra veicoli in marcia;Intersezione non regolata/non segnalata;Due carreggiate;Asciutto;Asfaltata;Assente;Sereno;Normale;Buona;Ore Diurne;0;0;0;3;12,43777;41,84384;-1;1;Autovettura privata;In marcia / fermata / arresto;Conducente;M;Illeso;0;;Utilizzato;
3879686;15;18/06/2018 10:00:00;Strada Urbana;VIA DI S. RAFFAELE;all'intersezione con;VIA CAMPAGNATICO;VIA CAMPAGNATICO;;;Scontro laterale fra veicoli in marcia;Intersezione non regolata/non segnalata;Due carreggiate;Asciutto;Asfaltata;Assente;Sereno;Normale;Buona;Ore Diurne;0;0;0;3;12,43777;41,84384;-1;2;Autovettura privata;In marcia / fermata / arresto;Conducente;F;Illeso;0;;Utilizzato;
3879686;15;18/06/2018 10:00:00;Strada Urbana;VIA DI S. RAFFAELE;all'intersezione con;VIA CAMPAGNATICO;VIA CAMPAGNATICO;;;Scontro laterale fra veicoli in marcia;Intersezione non regolata/non segnalata;Due carreggiate;Asciutto;Asfaltata;Assente;Sereno;Normale;Buona;Ore Diurne;0;0;0;3;12,43777;41,84384;-1;2;Autovettura privata;In marcia / fermata / arresto;Passeggero;M;Illeso;0;;Utilizzato;
3879690;19;18/06/2018 09:20:00;Strada Urbana;VIA SUOR CELESTINA DONATI;in corrispondenza;;del civico n.;133;;Veicolo in marcia contro veicolo in sosta;Curva a visuale libera;Una carreggiata a senso unico di marcia;Asciutto;Asfaltata;Assente;Sereno;Scarso;Buona;Ore Diurne;0;0;0;1;12,42236;41924;-1;1;Autocarro superiore 35 q.;In marcia / fermata / arresto;Conducente;M;Illeso;0;;Non accertato;Inesploso
3879714;15;18/06/2018 11:45:00;Strada Urbana;VIA PORTUENSE;in corrispondenza;;del civico n.;716/C;;Scontro laterale fra veicoli in marcia;Rettilineo;Una carreggiata a doppio senso;Asciutto;Asfaltata;Orizzontale;Sereno;Normale;Buona;Ore Diurne;0;0;0;2;12,43345;41,85194;-1;1;Autovettura privata;In marcia / fermata / arresto;Conducente;M;Illeso;0;;Non accertato;Inesploso
3879714;15;18/06/2018 11:45:00;Strada Urbana;VIA PORTUENSE;in corrispondenza;;del civico n.;716/C;;Scontro laterale fra veicoli in marcia;Rettilineo;Una carreggiata a doppio senso;Asciutto;Asfaltata;Orizzontale;Sereno;Normale;Buona;Ore Diurne;0;0;0;2;12,43345;41,85194;-1;2;Autovettura privata;In marcia / fermata / arresto;Conducente;F;Illeso;0;;Non accertato;Inesploso
3879734;10;18/06/2018 17:30:00;Strada Urbana;VIA APPIA NUOVA;all'intersezione semaforizzata con;VIA DEL QUADRARO;VIA DEL QUADRARO;;;Scontro frontale/laterale SX fra veicoli in marcia;Intersezione semaforizzata;Pi� di due carreggiate;Bagnato (umidit� in atto);Asfaltata;Verticale ed orizzontale;Nuvoloso;Normale;Sufficiente;Ore Diurne;1;0;0;1;12,54929;41,8505;-1;1;Motociclo a solo;In marcia / fermata / arresto;Conducente;M;Rifiuta cure immediate;0;NON DECEDUTO;Non accertato;
3879734;10;18/06/2018 17:30:00;Strada Urbana;VIA APPIA NUOVA;all'intersezione semaforizzata con;VIA DEL QUADRARO;VIA DEL QUADRARO;;;Scontro frontale/laterale SX fra veicoli in marcia;Intersezione semaforizzata;Pi� di due carreggiate;Bagnato (umidit� in atto);Asfaltata;Verticale ed orizzontale;Nuvoloso;Normale;Sufficiente;Ore Diurne;1;0;0;1;12,54929;41,8505;-1;2;Autovettura privata;In marcia / fermata / arresto;Conducente;M;Illeso;0;;Non accertato;Inesploso
3879746;15;18/06/2018 07:32:00;Strada Urbana;VIA PIETRO MARONCELLI;all'intersezione con;VIA IGNAZIO RIBOTTI;VIA IGNAZIO RIBOTTI;;;Tamponamento Multiplo;Incrocio;Una carreggiata a doppio senso;Asciutto;Asfaltata;Verticale ed orizzontale;Sereno;Normale;Buona;Ore Diurne;0;0;0;3;12,4505;41,85256;-1;1;Autovettura privata;In marcia / fermata / arresto;Conducente;M;Illeso;0;;Utilizzato;Inesploso
3879746;15;18/06/2018 07:32:00;Strada Urbana;VIA PIETRO MARONCELLI;all'intersezione con;VIA IGNAZIO RIBOTTI;VIA IGNAZIO RIBOTTI;;;Tamponamento Multiplo;Incrocio;Una carreggiata a doppio senso;Asciutto;Asfaltata;Verticale ed orizzontale;Sereno;Normale;Buona;Ore Diurne;0;0;0;3;12,4505;41,85256;-1;2;Autovettura privata;In marcia / fermata / arresto;Conducente;F;Illeso;0;;;
3879746;15;18/06/2018 07:32:00;Strada Urbana;VIA PIETRO MARONCELLI;all'intersezione con;VIA IGNAZIO RIBOTTI;VIA IGNAZIO RIBOTTI;;;Tamponamento Multiplo;Incrocio;Una carreggiata a doppio senso;Asciutto;Asfaltata;Verticale ed orizzontale;Sereno;Normale;Buona;Ore Diurne;0;0;0;3;12,4505;41,85256;-1;3;Autovettura privata;In marcia / fermata / arresto;Conducente;M;Illeso;0;;Utilizzato;Inesploso
3879788;20;18/06/2018 14:20:00;Provinciale;VIA BRACCIANENSE;in corrispondenza;;del civico n.;210;;Fuoriuscita dalla sede stradale;Curva a visuale libera;Una carreggiata a doppio senso;Asciutto;Asfaltata;Orizzontale;Nuvoloso;Normale;Buona;Ore Diurne;0;1;0;0;12,35862;42,01784;-1;1;Motociclo a solo;In marcia / fermata / arresto;Conducente;M;Prognosi riservata;0;NON DECEDUTO;Non accertato;
3879804;15;18/06/2018 07:00:00;Strada Urbana;VIA PORTUENSE;all'intersezione semaforizzata con;VIA USINI;VIA USINI;;;Scontro frontale fra veicoli in marcia;Intersezione semaforizzata;Una carreggiata a doppio senso;Asciutto;Asfaltata;Verticale ed orizzontale;Sereno;Normale;Buona;Ore Diurne;0;0;0;2;12,41402;41,84696;-1;1;Autovettura privata;In marcia / fermata / arresto;Conducente;M;Illeso;0;;Utilizzato;
3879804;15;18/06/2018 07:00:00;Strada Urbana;VIA PORTUENSE;all'intersezione semaforizzata con;VIA USINI;VIA USINI;;;Scontro frontale fra veicoli in marcia;Intersezione semaforizzata;Una carreggiata a doppio senso;Asciutto;Asfaltata;Verticale ed orizzontale;Sereno;Normale;Buona;Ore Diurne;0;0;0;2;12,41402;41,84696;-1;2;Autovettura privata;In marcia / fermata / arresto;Conducente;M;Illeso;0;;Utilizzato;
3879817;6;18/06/2018 16:50:00;Strada Urbana;VIA PRENESTINA;in prossimit�;;del civico n.;66;;Infortunio per caduta del veicolo;Rettilineo;Pi� di due carreggiate;Bagnato (pioggia);Asfaltata;Assente;Pioggia in atto;Normale;Buona;Ore Diurne;0;0;0;1;12,52267;41,89111;-1;1;Autovettura privata;In marcia / fermata / arresto;Conducente;M;Illeso;0;;;
3879880;12;17/06/2018 17:20:00;Strada Urbana;VIA DI CASTEL DI LEVA;all'intersezione con;VIA RENATO CACCIOPPOLI;VIA RENATO CACCIOPPOLI;;;Scontro laterale fra veicoli in marcia;Incrocio;Una carreggiata a doppio senso;Asciutto;Asfaltata;Verticale;Sereno;Intenso;Buona;Ore Diurne;0;0;0;4;12,48801;41,78737;-1;1;Autovettura privata;In marcia / fermata / arresto;Conducente;F;Illeso;0;;Utilizzato;Inesploso
3879880;12;17/06/2018 17:20:00;Strada Urbana;VIA DI CASTEL DI LEVA;all'intersezione con;VIA RENATO CACCIOPPOLI;VIA RENATO CACCIOPPOLI;;;Scontro laterale fra veicoli in marcia;Incrocio;Una carreggiata a doppio senso;Asciutto;Asfaltata;Verticale;Sereno;Intenso;Buona;Ore Diurne;0;0;0;4;12,48801;41,78737;-1;2;Autovettura privata;In marcia / fermata / arresto;Conducente;M;Illeso;0;;Utilizzato;Inesploso
3879880;12;17/06/2018 17:20:00;Strada Urbana;VIA DI CASTEL DI LEVA;all'intersezione con;VIA RENATO CACCIOPPOLI;VIA RENATO CACCIOPPOLI;;;Scontro laterale fra veicoli in marcia;Incrocio;Una carreggiata a doppio senso;Asciutto;Asfaltata;Verticale;Sereno;Intenso;Buona;Ore Diurne;0;0;0;4;12,48801;41,78737;-1;2;Autovettura privata;In marcia / fermata / arresto;Passeggero;F;Illeso;0;;Utilizzato;
3879880;12;17/06/2018 17:20:00;Strada Urbana;VIA DI CASTEL DI LEVA;all'intersezione con;VIA RENATO CACCIOPPOLI;VIA RENATO CACCIOPPOLI;;;Scontro laterale fra veicoli in marcia;Incrocio;Una carreggiata a doppio senso;Asciutto;Asfaltata;Verticale;Sereno;Intenso;Buona;Ore Diurne;0;0;0;4;12,48801;41,78737;-1;2;Autovettura privata;In marcia / fermata / arresto;Passeggero;M;Illeso;0;;;
3880257;9;18/06/2018 10:10:00;;VIA PINEROLO;all'intersezione con;VIA TUSCOLANA;VIA TUSCOLANA;;;Scontro frontale/laterale DX fra veicoli in marcia;;;;;;;;;;2;0;0;1;12,51599;41,88259;0;1;Autovettura privata;In marcia / fermata / arresto;Conducente;M;Illeso;0;;Non accertato;Inesploso
3880257;9;18/06/2018 10:10:00;;VIA PINEROLO;all'intersezione con;VIA TUSCOLANA;VIA TUSCOLANA;;;Scontro frontale/laterale DX fra veicoli in marcia;;;;;;;;;;2;0;0;1;12,51599;41,88259;0;2;Autovettura privata;In marcia / fermata / arresto;Conducente;M;Rimandato;0;NON DECEDUTO;Non accertato;Inesploso
3880257;9;18/06/2018 10:10:00;;VIA PINEROLO;all'intersezione con;VIA TUSCOLANA;VIA TUSCOLANA;;;Scontro frontale/laterale DX fra veicoli in marcia;;;;;;;;;;2;0;0;1;12,51599;41,88259;0;2;Autovettura privata;In marcia / fermata / arresto;Passeggero;F;Rimandato;0;NON DECEDUTO;Non accertato;Inesploso
3880258;9;18/06/2018 10:30:00;Strada Urbana;VIA PIETRO FEDELE;in prossimit�;;del civico n.;43;;Veicolo in marcia contro veicoli in sosta;Rettilineo;Una carreggiata a senso unico di marcia;Asciutto;Asfaltata;Assente;Sereno;Scarso;Buona;Ore Diurne;0;0;0;1;12,51483;41,87106;-1;1;Autocarro inferiore 35 q.;In marcia / fermata / arresto;Conducente;M;Illeso;0;;Non accertato;Inesploso
3880259;9;18/06/2018 21:30:00;Strada Urbana;PIAZZA CASALMAGGIORE;da specificare;;;;prossimit� fronte civico 25;Scontro frontale/laterale DX fra veicoli in marcia;Rettilineo;Una carreggiata a doppio senso;Asciutto;Asfaltata;Verticale ed orizzontale;Sereno;Scarso;Sufficiente;Sufficiente;0;0;0;2;12,51728;41,88362;-1;1;Autovettura privata;In marcia / fermata / arresto;Conducente;M;Illeso;0;;Non accertato;Inesploso
3880259;9;18/06/2018 21:30:00;Strada Urbana;PIAZZA CASALMAGGIORE;da specificare;;;;prossimit� fronte civico 25;Scontro frontale/laterale DX fra veicoli in marcia;Rettilineo;Una carreggiata a doppio senso;Asciutto;Asfaltata;Verticale ed orizzontale;Sereno;Scarso;Sufficiente;Sufficiente;0;0;0;2;12,51728;41,88362;-1;2;Autovettura privata;In marcia / fermata / arresto;Conducente;M;Illeso;0;;Non accertato;Inesploso
3880275;5;18/06/2018 07:50:00;Strada Urbana;VIA DELL'ACQUA MARCIA;in prossimit�;;del civico n.;14;;Scontro frontale/laterale SX fra veicoli in marcia;Rettilineo;Una carreggiata a doppio senso;Asciutto;Asfaltata;Verticale ed orizzontale;Sereno;Normale;Buona;Ore Diurne;1;0;0;1;12,55469;41,91944;-1;1;Autovettura privata;In marcia / fermata / arresto;Conducente;M;Illeso;0;;Non accertato;Inesploso
3880275;5;18/06/2018 07:50:00;Strada Urbana;VIA DELL'ACQUA MARCIA;in prossimit�;;del civico n.;14;;Scontro frontale/laterale SX fra veicoli in marcia;Rettilineo;Una carreggiata a doppio senso;Asciutto;Asfaltata;Verticale ed orizzontale;Sereno;Normale;Buona;Ore Diurne;1;0;0;1;12,55469;41,91944;-1;2;Motociclo a solo;In marcia / fermata / arresto;Conducente;M;Rimandato;0;NON DECEDUTO;Non accertato;
3880278;13;18/06/2018 06:05:00;Strada Urbana;VIA ISOLE DEL CAPO VERDE;all'intersezione con;VIA CARLO BOSIO;VIA CARLO BOSIO;;;Scontro frontale/laterale DX fra veicoli in marcia;Intersezione semaforizzata;Una carreggiata a doppio senso;Asciutto;Asfaltata;Verticale ed orizzontale;Sereno;Normale;Buona;Ore Diurne;2;0;0;1;12,27272;41,73804;-1;1;Autovettura privata;In marcia / fermata / arresto;Conducente;M;Illeso;0;;Non accertato;Inesploso
3880278;13;18/06/2018 06:05:00;Strada Urbana;VIA ISOLE DEL CAPO VERDE;all'intersezione con;VIA CARLO BOSIO;VIA CARLO BOSIO;;;Scontro frontale/laterale DX fra veicoli in marcia;Intersezione semaforizzata;Una carreggiata a doppio senso;Asciutto;Asfaltata;Verticale ed orizzontale;Sereno;Normale;Buona;Ore Diurne;2;0;0;1;12,27272;41,73804;-1;2;Autovettura privata;In marcia / fermata / arresto;Conducente;M;Rimandato;0;NON DECEDUTO;Non accertato;Inesploso
3880278;13;18/06/2018 06:05:00;Strada Urbana;VIA ISOLE DEL CAPO VERDE;all'intersezione con;VIA CARLO BOSIO;VIA CARLO BOSIO;;;Scontro frontale/laterale DX fra veicoli in marcia;Intersezione semaforizzata;Una carreggiata a doppio senso;Asciutto;Asfaltata;Verticale ed orizzontale;Sereno;Normale;Buona;Ore Diurne;2;0;0;1;12,27272;41,73804;-1;2;Autovettura privata;In marcia / fermata / arresto;Passeggero;M;Rimandato;0;NON DECEDUTO;;Inesploso
3880280;5;18/06/2018 09:45:00;Strada Urbana;VIA DI PIETRALATA;all'intersezione con;VIA DEI MONTI DI PIETRALATA;VIA DEI MONTI DI PIETRALATA;;;Scontro laterale fra veicoli in marcia;Incrocio;Una carreggiata a doppio senso;Asciutto;Asfaltata;Verticale ed orizzontale;Sereno;Normale;Sufficiente;Ore Diurne;0;0;0;2;12,53493;41,92639;-1;1;Autovettura privata;In marcia / fermata / arresto;Conducente;F;Illeso;0;;Non accertato;