Protocollo;Gruppo;DataOraIncidente;Localizzazione1;STRADA1;Localizzazione2;STRADA2;Strada02;Chilometrica;DaSpecificare;NaturaIncidente;particolaritastrade;TipoStrada;FondoStradale;Pavimentazione;Segnaletica;CondizioneAtmosferica;Traffico;Visibilita;Illuminazione;NUM_FERITI;NUM_RISERVATA;NUM_MORTI;NUM_ILLESI;Longitudine;Latitudine;Confermato;Progressivo;TipoVeicolo;StatoVeicolo;TipoPersona;Sesso;Tipolesione;Deceduto;DecedutoDopo;CinturaCascoUtilizzato;Airbag
3885737;11;21/06/2018 20:25:00;Strada Urbana;VIA IGNAZIO PERSICO;all'intersezione con;VIA NICOLO' DA PISTOIA;VIA NICOLO' DA PISTOIA;;;Veicolo in marcia contro veicoli in sosta;Incrocio;Una carreggiata a senso unico di marcia;Asciutto;Asfaltata;Verticale ed orizzontale;Sereno;Scarso;Sufficiente;Ore Diurne;0;0;0;2;12,48699;41,86587;-1;1;Autovettura privata;In marcia / fermata / arresto;Conducente;M;Illeso;0;;;
3885737;11;21/06/2018 20:25:00;Strada Urbana;VIA IGNAZIO PERSICO;all'intersezione con;VIA NICOLO' DA PISTOIA;VIA NICOLO' DA PISTOIA;;;Veicolo in marcia contro veicoli in sosta;Incrocio;Una carreggiata a senso unico di marcia;Asciutto;Asfaltata;Verticale ed orizzontale;Sereno;Scarso;Sufficiente;Ore Diurne;0;0;0;2;12,48699;41,86587;-1;2;Autovettura privata;In marcia / fermata / arresto;Conducente;F;Illeso;0;;;
3885739;7;21/06/2018 06:45:00;Strada Urbana;VIA LUCA GHINI;all'intersezione con;VIA DEL CAMPO;VIA DEL CAMPO;;;Scontro frontale fra veicoli in marcia;Incrocio;Una carreggiata a senso unico di marcia;Asciutto;Asfaltata;Assente;Sereno;Scarso;Buona;Ore Diurne;1;0;0;2;12,58079;41,87658;-1;1;Autovettura privata;In marcia / fermata / arresto;Conducente;M;Illeso;0;;Non accertato;Inesploso
3885739;7;21/06/2018 06:45:00;Strada Urbana;VIA LUCA GHINI;all'intersezione con;VIA DEL CAMPO;VIA DEL CAMPO;;;Scontro frontale fra veicoli in marcia;Incrocio;Una carreggiata a senso unico di marcia;Asciutto;Asfaltata;Assente;Sereno;Scarso;Buona;Ore Diurne;1;0;0;2;12,58079;41,87658;-1;2;Autovettura privata;In marcia / fermata / arresto;Conducente;M;Illeso;0;;Non accertato;Inesploso
3885739;7;21/06/2018 06:45:00;Strada Urbana;VIA LUCA GHINI;all'intersezione con;VIA DEL CAMPO;VIA DEL CAMPO;;;Scontro frontale fra veicoli in marcia;Incrocio;Una carreggiata a senso unico di marcia;Asciutto;Asfaltata;Assente;Sereno;Scarso;Buona;Ore Diurne;1;0;0;2;12,58079;41,87658;-1;2;Autovettura privata;In marcia / fermata / arresto;Passeggero;F;Rimandato;0;NON DECEDUTO;Non accertato;Inesploso
3885740;11;21/06/2018 11:30:00;Strada Urbana;VIA ROSA GUARNIERI CARDUCCI;in prossimit�;;del civico n.;1;;Investimento di pedone;Rettilineo;Una carreggiata a doppio senso;Asciutto;Asfaltata;Verticale ed orizzontale;Sereno;Normale;Buona;Ore Diurne;1;0;0;1;12,49243;41,85624;-1;;;;Pedone;M;Rimandato;0;NON DECEDUTO;;
3885740;11;21/06/2018 11:30:00;Strada Urbana;VIA ROSA GUARNIERI CARDUCCI;in prossimit�;;del civico n.;1;;Investimento di pedone;Rettilineo;Una carreggiata a doppio senso;Asciutto;Asfaltata;Verticale ed orizzontale;Sereno;Normale;Buona;Ore Diurne;1;0;0;1;12,49243;41,85624;-1;1;Autovettura privata;In marcia / fermata / arresto;Conducente;M;Illeso;0;;Non accertato;
3885751;11;21/06/2018 13:30:00;Strada Urbana;VIALE GUGLIELMO MARCONI;in corrispondenza;;del civico n.;905;;Tamponamento;Rettilineo;Due carreggiate;Asciutto;Asfaltata;Verticale ed orizzontale;Sereno;Intenso;Buona;Ore Diurne;1;0;0;1;;;0;1;Autobus di linea;In marcia / fermata / arresto;Conducente;M;Illeso;0;;;
3885751;11;21/06/2018 13:30:00;Strada Urbana;VIALE GUGLIELMO MARCONI;in corrispondenza;;del civico n.;905;;Tamponamento;Rettilineo;Due carreggiate;Asciutto;Asfaltata;Verticale ed orizzontale;Sereno;Intenso;Buona;Ore Diurne;1;0;0;1;;;0;2;Autovettura privata;In marcia / fermata / arresto;Conducente;F;Rimandato;0;NON DECEDUTO;;
3885754;11;21/06/2018 22:30:00;Strada Urbana;PIAZZALE UGO LA MALFA;all'intersezione con;VIA DEL CIRCO MASSIMO;VIA DEL CIRCO MASSIMO;;;Veicolo in marcia contro ostacolo fisso;Intersezione stradale segnalata;Una carreggiata a doppio senso;Asciutto;Asfaltata;Verticale ed orizzontale;Sereno;Normale;Buona;Sufficiente;0;0;0;1;12,48498;41,88535;-1;1;Autovettura privata;In marcia / fermata / arresto;Conducente;M;Illeso;0;;Non accertato;
3885762;13;21/06/2018 08:55:00;Strada Urbana;VIA OSTIENSE;all'intersezione con;VIA DI PONTE LADRONE;VIA DI PONTE LADRONE;;;Scontro frontale/laterale DX fra veicoli in marcia;Incrocio;Una carreggiata a doppio senso;Asciutto;Asfaltata;Verticale ed orizzontale;Sereno;Normale;Buona;Ore Diurne;0;0;0;3;12,42292;41,81085;-1;1;Autovettura privata;In marcia / fermata / arresto;Conducente;F;Illeso;0;;Non accertato;Inesploso
3885762;13;21/06/2018 08:55:00;Strada Urbana;VIA OSTIENSE;all'intersezione con;VIA DI PONTE LADRONE;VIA DI PONTE LADRONE;;;Scontro frontale/laterale DX fra veicoli in marcia;Incrocio;Una carreggiata a doppio senso;Asciutto;Asfaltata;Verticale ed orizzontale;Sereno;Normale;Buona;Ore Diurne;0;0;0;3;12,42292;41,81085;-1;1;Autovettura privata;In marcia / fermata / arresto;Passeggero;F;Illeso;0;;Non accertato;
3885762;13;21/06/2018 08:55:00;Strada Urbana;VIA OSTIENSE;all'intersezione con;VIA DI PONTE LADRONE;VIA DI PONTE LADRONE;;;Scontro frontale/laterale DX fra veicoli in marcia;Incrocio;Una carreggiata a doppio senso;Asciutto;Asfaltata;Verticale ed orizzontale;Sereno;Normale;Buona;Ore Diurne;0;0;0;3;12,42292;41,81085;-1;2;Autovettura privata;In marcia / fermata / arresto;Conducente;F;Illeso;0;;Non accertato;Inesploso
3885784;15;21/06/2018 16:50:00;Strada Urbana;VIA FRANCESCO GRIMALDI;in corrispondenza;;del civico n.;50;;Tamponamento;Rettilineo;Due carreggiate;Asciutto;Asfaltata;Verticale ed orizzontale;Sereno;Normale;Buona;Ore Diurne;0;0;0;3;12,46776;41,86494;-1;1;Autovettura privata;In marcia / fermata / arresto;Conducente;M;Illeso;0;;Non accertato;Inesploso
3885784;15;21/06/2018 16:50:00;Strada Urbana;VIA FRANCESCO GRIMALDI;in corrispondenza;;del civico n.;50;;Tamponamento;Rettilineo;Due carreggiate;Asciutto;Asfaltata;Verticale ed orizzontale;Sereno;Normale;Buona;Ore Diurne;0;0;0;3;12,46776;41,86494;-1;1;Autovettura privata;In marcia / fermata / arresto;Passeggero;M;Illeso;0;;Non accertato;Inesploso
3885784;15;21/06/2018 16:50:00;Strada Urbana;VIA FRANCESCO GRIMALDI;in corrispondenza;;del civico n.;50;;Tamponamento;Rettilineo;Due carreggiate;Asciutto;Asfaltata;Verticale ed orizzontale;Sereno;Normale;Buona;Ore Diurne;0;0;0;3;12,46776;41,86494;-1;2;Autocarro inferiore 35 q.;In marcia / fermata / arresto;Conducente;M;Illeso;0;;Non accertato;Inesploso
3885788;13;21/06/2018 11:10:00;Strada Urbana;VIA DELLE BALEARI;in corrispondenza;;del civico n.;156;;Investimento di pedone;Rettilineo;Una carreggiata a doppio senso;Asciutto;Asfaltata;Verticale;Sereno;Normale;Buona;Ore Diurne;1;0;0;1;12,28072;41,73832;-1;;;;Pedone;F;Rimandato;0;NON DECEDUTO;;
3885788;13;21/06/2018 11:10:00;Strada Urbana;VIA DELLE BALEARI;in corrispondenza;;del civico n.;156;;Investimento di pedone;Rettilineo;Una carreggiata a doppio senso;Asciutto;Asfaltata;Verticale;Sereno;Normale;Buona;Ore Diurne;1;0;0;1;12,28072;41,73832;-1;1;Autovettura privata;In marcia / fermata / arresto;Conducente;M;Illeso;0;;Non accertato;Inesploso
3885805;8;21/06/2018 17:05:00;Strada Urbana;VIA DI TOR BELLA MONACA;da specificare;;;;pross. Via D. Cambellotti;Investimento di pedone;Rettilineo;Due carreggiate;Asciutto;Asfaltata;Verticale ed orizzontale;Nuvoloso;Normale;Buona;Ore Diurne;0;1;0;1;12,62375;41,87848;0;;;;Pedone;F;Prognosi riservata;0;NON DECEDUTO;;
3885805;8;21/06/2018 17:05:00;Strada Urbana;VIA DI TOR BELLA MONACA;da specificare;;;;pross. Via D. Cambellotti;Investimento di pedone;Rettilineo;Due carreggiate;Asciutto;Asfaltata;Verticale ed orizzontale;Nuvoloso;Normale;Buona;Ore Diurne;0;1;0;1;12,62375;41,87848;0;1;Autocarro inferiore 35 q.;In marcia / fermata / arresto;Conducente;M;Illeso;0;;Non accertato;Inesploso
3885807;13;21/06/2018 08:55:00;;VIA LIDO DI CASTEL PORZIANO;da specificare;;;;altezza 200 mt dopo il civico 125;Scontro laterale fra veicoli in marcia;;;;;;;;;;0;0;0;1;;;0;1;Velocipede;In marcia / fermata / arresto;Conducente;M;Illeso;0;;Esente;
3885816;20;21/06/2018 08:30:00;Strada Urbana;VIA DI VIGNA STELLUTI;da specificare;;;;palo ACEA n� 11;Investimento di pedone;Rettilineo;Una carreggiata a doppio senso;Asciutto;Asfaltata;Verticale ed orizzontale;Sereno;Intenso;Buona;Ore Diurne;1;0;0;1;12,46644;41,94752;-1;;;;Pedone;F;Rimandato;0;NON DECEDUTO;;
3885816;20;21/06/2018 08:30:00;Strada Urbana;VIA DI VIGNA STELLUTI;da specificare;;;;palo ACEA n� 11;Investimento di pedone;Rettilineo;Una carreggiata a doppio senso;Asciutto;Asfaltata;Verticale ed orizzontale;Sereno;Intenso;Buona;Ore Diurne;1;0;0;1;12,46644;41,94752;-1;1;Autovettura privata;In marcia / fermata / arresto;Conducente;M;Illeso;0;;;
3885819;13;21/06/2018 12:50:00;Strada Urbana;LUNGOMARE DUILIO;in corrispondenza;;del civico n.;22;;Veicolo in marcia contro veicolo in sosta;Rettilineo;Due carreggiate;Asciutto;Asfaltata;Verticale ed orizzontale;Sereno;Normale;Buona;Ore Diurne;0;0;0;2;12,29681;41,72202;-1;2;Autovettura privata;In marcia / fermata / arresto;Conducente;M;Illeso;0;;Non accertato;Inesploso
3885819;13;21/06/2018 12:50:00;Strada Urbana;LUNGOMARE DUILIO;in corrispondenza;;del civico n.;22;;Veicolo in marcia contro veicolo in sosta;Rettilineo;Due carreggiate;Asciutto;Asfaltata;Verticale ed orizzontale;Sereno;Normale;Buona;Ore Diurne;0;0;0;2;12,29681;41,72202;-1;3;Motociclo a solo;In marcia / fermata / arresto;Conducente;M;Illeso;0;;;
3885821;20;22/06/2018 02:30:00;Strada Urbana;LUNGOTEVERE MARESCIALLO DIAZ;all'intersezione con;PONTE DUCA D'AOSTA;PONTE DUCA D'AOSTA;;;Scontro frontale/laterale DX fra veicoli in marcia;Intersezione semaforizzata;Due carreggiate;Asciutto;Asfaltata;Verticale ed orizzontale;Sereno;Scarso;Sufficiente;Sufficiente;2;2;0;0;12,46196;41,9339;-1;1;Autovettura privata;In marcia / fermata / arresto;Conducente;M;Prognosi riservata;0;NON DECEDUTO;Non accertato;Esploso
3885821;20;22/06/2018 02:30:00;Strada Urbana;LUNGOTEVERE MARESCIALLO DIAZ;all'intersezione con;PONTE DUCA D'AOSTA;PONTE DUCA D'AOSTA;;;Scontro frontale/laterale DX fra veicoli in marcia;Intersezione semaforizzata;Due carreggiate;Asciutto;Asfaltata;Verticale ed orizzontale;Sereno;Scarso;Sufficiente;Sufficiente;2;2;0;0;12,46196;41,9339;-1;1;Autovettura privata;In marcia / fermata / arresto;Passeggero;F;Prognosi riservata;0;NON DECEDUTO;Non utilizzato;Esploso
3885821;20;22/06/2018 02:30:00;Strada Urbana;LUNGOTEVERE MARESCIALLO DIAZ;all'intersezione con;PONTE DUCA D'AOSTA;PONTE DUCA D'AOSTA;;;Scontro frontale/laterale DX fra veicoli in marcia;Intersezione semaforizzata;Due carreggiate;Asciutto;Asfaltata;Verticale ed orizzontale;Sereno;Scarso;Sufficiente;Sufficiente;2;2;0;0;12,46196;41,9339;-1;2;Autovettura privata;In marcia / fermata / arresto;Conducente;M;Ricoverato;0;NON DECEDUTO;Utilizzato;Esploso
3885821;20;22/06/2018 02:30:00;Strada Urbana;LUNGOTEVERE MARESCIALLO DIAZ;all'intersezione con;PONTE DUCA D'AOSTA;PONTE DUCA D'AOSTA;;;Scontro frontale/laterale DX fra veicoli in marcia;Intersezione semaforizzata;Due carreggiate;Asciutto;Asfaltata;Verticale ed orizzontale;Sereno;Scarso;Sufficiente;Sufficiente;2;2;0;0;12,46196;41,9339;-1;2;Autovettura privata;In marcia / fermata / arresto;Passeggero;F;Ricoverato;0;NON DECEDUTO;Utilizzato;Esploso
3885829;8;21/06/2018 08:50:00;Strada Urbana;VIALE PIETRO ANDERLONI;all'intersezione con;VIA AMICO ASPERTINI;VIA AMICO ASPERTINI;;;Investimento di pedone;Incrocio;Due carreggiate;Asciutto;Asfaltata;Verticale ed orizzontale;Sereno;Normale;Buona;Ore Diurne;1;0;0;1;12,62969;41,87462;0;;;;Pedone;F;Ricoverato;0;NON DECEDUTO;;
3885829;8;21/06/2018 08:50:00;Strada Urbana;VIALE PIETRO ANDERLONI;all'intersezione con;VIA AMICO ASPERTINI;VIA AMICO ASPERTINI;;;Investimento di pedone;Incrocio;Due carreggiate;Asciutto;Asfaltata;Verticale ed orizzontale;Sereno;Normale;Buona;Ore Diurne;1;0;0;1;12,62969;41,87462;0;1;Autovettura privata;In marcia / fermata / arresto;Conducente;F;Illeso;0;;Non accertato;Inesploso
3885830;8;20/06/2018 19:45:00;;VIA CASILINA;in corrispondenza;;del civico n.;1216;;Tamponamento;;;;;;;;;;0;0;0;3;12,60433;41,86441;0;1;Autovettura privata;In marcia / fermata / arresto;Conducente;M;Illeso;0;;;
3885830;8;20/06/2018 19:45:00;;VIA CASILINA;in corrispondenza;;del civico n.;1216;;Tamponamento;;;;;;;;;;0;0;0;3;12,60433;41,86441;0;1;Autovettura privata;In marcia / fermata / arresto;Passeggero;M;Illeso;0;;;
3885830;8;20/06/2018 19:45:00;;VIA CASILINA;in corrispondenza;;del civico n.;1216;;Tamponamento;;;;;;;;;;0;0;0;3;12,60433;41,86441;0;2;Autovettura privata;In marcia / fermata / arresto;Conducente;F;Illeso;0;;;
3885837;8;21/06/2018 19:55:00;Strada Urbana;VIA ANDREA NOALE;in prossimit�;;del palo luce n.;23;;Tamponamento;Rettilineo;Una carreggiata a doppio senso;Asciutto;Asfaltata;Orizzontale;Sereno;Normale;Insufficiente;Inesistente;1;0;0;1;12,6243;41,91539;-1;1;Trattore stradale;In marcia / fermata / arresto;Conducente;M;Illeso;0;;Non accertato;Inesploso
3885837;8;21/06/2018 19:55:00;Strada Urbana;VIA ANDREA NOALE;in prossimit�;;del palo luce n.;23;;Tamponamento;Rettilineo;Una carreggiata a doppio senso;Asciutto;Asfaltata;Orizzontale;Sereno;Normale;Insufficiente;Inesistente;1;0;0;1;12,6243;41,91539;-1;2;Autovettura privata;In marcia / fermata / arresto;Conducente;M;Rimandato;0;NON DECEDUTO;Non accertato;Inesploso
3885839;13;21/06/2018 16:30:00;Strada Urbana;VIALE PAOLO ORLANDO;all'intersezione con;VIALE DELLA VITTORIA;VIALE DELLA VITTORIA;;;Veicolo in marcia contro veicolo in sosta;Intersezione stradale segnalata;Una carreggiata a doppio senso;Asciutto;Asfaltata;Verticale ed orizzontale;Sereno;Normale;Buona;Ore Diurne;0;0;0;1;12,28847;41,73016;-1;1;Autovettura privata;In marcia / fermata / arresto;Conducente;F;Illeso;0;;Non accertato;Inesploso
3885845;8;21/06/2018 13:15:00;Strada Urbana;VIA DI TOR VERGATA;all'intersezione semaforizzata con;VIA FRANCESCO TENSI;VIA FRANCESCO TENSI;;;Scontro frontale/laterale SX fra veicoli in marcia;Intersezione semaforizzata;Due carreggiate;Asciutto;Asfaltata;Verticale ed orizzontale;Nuvoloso;Normale;Buona;Ore Diurne;3;0;0;0;12,62265;41,8469;-1;1;Autovettura privata;In marcia / fermata / arresto;Conducente;M;Rifiuta cure immediate;0;NON DECEDUTO;Non accertato;Inesploso
3885845;8;21/06/2018 13:15:00;Strada Urbana;VIA DI TOR VERGATA;all'intersezione semaforizzata con;VIA FRANCESCO TENSI;VIA FRANCESCO TENSI;;;Scontro frontale/laterale SX fra veicoli in marcia;Intersezione semaforizzata;Due carreggiate;Asciutto;Asfaltata;Verticale ed orizzontale;Nuvoloso;Normale;Buona;Ore Diurne;3;0;0;0;12,62265;41,8469;-1;2;Autovettura privata;In marcia / fermata / arresto;Conducente;M;Rifiuta cure immediate;0;NON DECEDUTO;Non accertato;Esploso
3885845;8;21/06/2018 13:15:00;Strada Urbana;VIA DI TOR VERGATA;all'intersezione semaforizzata con;VIA FRANCESCO TENSI;VIA FRANCESCO TENSI;;;Scontro frontale/laterale SX fra veicoli in marcia;Intersezione semaforizzata;Due carreggiate;Asciutto;Asfaltata;Verticale ed orizzontale;Nuvoloso;Normale;Buona;Ore Diurne;3;0;0;0;12,62265;41,8469;-1;2;Autovettura privata;In marcia / fermata / arresto;Passeggero;F;Rimandato;0;NON DECEDUTO;Non accertato;Inesploso
3885847;8;21/06/2018 16:50:00;Strada Urbana;VIA DELLE NAIADI;all'intersezione con;VIA ATLANTE;VIA ATLANTE;;;Scontro laterale fra veicoli in marcia;Intersezione stradale segnalata;Una carreggiata a senso unico di marcia;Asciutto;Asfaltata;Verticale;Nuvoloso;Scarso;Buona;Ore Diurne;0;0;0;2;12,61702;41,87794;-1;1;Autovettura privata;In marcia / fermata / arresto;Conducente;M;Illeso;0;;Non accertato;Inesploso
3885847;8;21/06/2018 16:50:00;Strada Urbana;VIA DELLE NAIADI;all'intersezione con;VIA ATLANTE;VIA ATLANTE;;;Scontro laterale fra veicoli in marcia;Intersezione stradale segnalata;Una carreggiata a senso unico di marcia;Asciutto;Asfaltata;Verticale;Nuvoloso;Scarso;Buona;Ore Diurne;0;0;0;2;12,61702;41,87794;-1;2;Autovettura privata;In marcia / fermata / arresto;Conducente;F;Illeso;0;;Non accertato;Inesploso
3885850;8;21/06/2018 14:30:00;Strada Urbana;VIA NURAGUS;in corrispondenza;;del civico n.;10;;Veicolo in marcia contro veicoli in sosta;Rettilineo;Una carreggiata a doppio senso;Asciutto;Asfaltata;Verticale ed orizzontale;Sereno;Scarso;Buona;Ore Diurne;0;0;0;1;12,67574;41,87844;-1;1;Autovettura privata;In marcia / fermata / arresto;Conducente;M;Illeso;0;;Non accertato;
3885854;20;21/06/2018 09:15:00;Strada Urbana;PIAZZA LAURO DE BOSIS;da specificare;;;;prossimit� fronte civico 3;Scontro frontale/laterale SX fra veicoli in marcia;Rettilineo;Due carreggiate;Asciutto;Asfaltata;Orizzontale;Sereno;Normale;Buona;Ore Diurne;1;0;0;1;12,4586;41,93165;-1;1;Autovettura privata;In marcia / fermata / arresto;Conducente;M;Illeso;0;;Non accertato;Inesploso
3885854;20;21/06/2018 09:15:00;Strada Urbana;PIAZZA LAURO DE BOSIS;da specificare;;;;prossimit� fronte civico 3;Scontro frontale/laterale SX fra veicoli in marcia;Rettilineo;Due carreggiate;Asciutto;Asfaltata;Orizzontale;Sereno;Normale;Buona;Ore Diurne;1;0;0;1;12,4586;41,93165;-1;2;Motociclo a solo;In marcia / fermata / arresto;Conducente;M;Rifiuta cure immediate;0;NON DECEDUTO;Non accertato;
3885855;19;21/06/2018 16:15:00;Strada Urbana;VIA DELLA PINETA SACCHETTI;in corrispondenza;;del civico n.;251;;Tamponamento Multiplo;Rettilineo;Una carreggiata a senso unico di marcia;Asciutto;Asfaltata;Orizzontale;Sereno;Intenso;Buona;Ore Diurne;0;0;0;3;12,42671;41,92903;-1;1;Autovettura privata;In marcia / fermata / arresto;Conducente;M;Illeso;0;;Non accertato;Inesploso
3885855;19;21/06/2018 16:15:00;Strada Urbana;VIA DELLA PINETA SACCHETTI;in corrispondenza;;del civico n.;251;;Tamponamento Multiplo;Rettilineo;Una carreggiata a senso unico di marcia;Asciutto;Asfaltata;Orizzontale;Sereno;Intenso;Buona;Ore Diurne;0;0;0;3;12,42671;41,92903;-1;2;Autovettura privata;In marcia / fermata / arresto;Conducente;M;Illeso;0;;Non accertato;Inesploso
3885855;19;21/06/2018 16:15:00;Strada Urbana;VIA DELLA PINETA SACCHETTI;in corrispondenza;;del civico n.;251;;Tamponamento Multiplo;Rettilineo;Una carreggiata a senso unico di marcia;Asciutto;Asfaltata;Orizzontale;Sereno;Intenso;Buona;Ore Diurne;0;0;0;3;12,42671;41,92903;-1;3;Autovettura privata;In marcia / fermata / arresto;Conducente;M;Illeso;0;;Non accertato;Inesploso
3885864;10;21/06/2018 18:00:00;Strada Urbana;VIA DI TOR VERGATA;in corrispondenza;;del civico n.;375;;Tamponamento;Rettilineo;Una carreggiata a doppio senso;Asciutto;Asfaltata;Verticale ed orizzontale;Sereno;Normale;Buona;Ore Diurne;1;0;0;1;12,62071;41,83128;-1;1;Autovettura privata;In marcia / fermata / arresto;Conducente;F;Illeso;0;;Non accertato;Inesploso
3885864;10;21/06/2018 18:00:00;Strada Urbana;VIA DI TOR VERGATA;in corrispondenza;;del civico n.;375;;Tamponamento;Rettilineo;Una carreggiata a doppio senso;Asciutto;Asfaltata;Verticale ed orizzontale;Sereno;Normale;Buona;Ore Diurne;1;0;0;1;12,62071;41,83128;-1;2;Autovettura privata;In marcia / fermata / arresto;Conducente;M;Rimandato;0;NON DECEDUTO;Non accertato;Inesploso
3885869;20;21/06/2018 08:30:00;Strada Urbana;VIA DEL PONTE DI CASTEL GIUBILEO;all'intersezione con;VIA SALVATORE TRINCHESE;VIA SALVATORE TRINCHESE;;;Scontro frontale/laterale DX fra veicoli in marcia;Incrocio;Una carreggiata a doppio senso;Asciutto;Asfaltata;Verticale ed orizzontale;Sereno;Normale;Buona;Ore Diurne;0;0;0;5;12,49882;41,97439;-1;1;Autovettura privata;In marcia / fermata / arresto;Conducente;M;Illeso;0;;Non accertato;Inesploso
3885869;20;21/06/2018 08:30:00;Strada Urbana;VIA DEL PONTE DI CASTEL GIUBILEO;all'intersezione con;VIA SALVATORE TRINCHESE;VIA SALVATORE TRINCHESE;;;Scontro frontale/laterale DX fra veicoli in marcia;Incrocio;Una carreggiata a doppio senso;Asciutto;Asfaltata;Verticale ed orizzontale;Sereno;Normale;Buona;Ore Diurne;0;0;0;5;12,49882;41,97439;-1;2;Autovettura privata;In marcia / fermata / arresto;Conducente;M;Illeso;0;;Non accertato;Inesploso
3885869;20;21/06/2018 08:30:00;Strada Urbana;VIA DEL PONTE DI CASTEL GIUBILEO;all'intersezione con;VIA SALVATORE TRINCHESE;VIA SALVATORE TRINCHESE;;;Scontro frontale/laterale DX fra veicoli in marcia;Incrocio;Una carreggiata a doppio senso;Asciutto;Asfaltata;Verticale ed orizzontale;Sereno;Normale;Buona;Ore Diurne;0;0;0;5;12,49882;41,97439;-1;2;Autovettura privata;In marcia / fermata / arresto;Passeggero;F;Illeso;0;;Non accertato;Inesploso
3885869;20;21/06/2018 08:30:00;Strada Urbana;VIA DEL PONTE DI CASTEL GIUBILEO;all'intersezione con;VIA SALVATORE TRINCHESE;VIA SALVATORE TRINCHESE;;;Scontro frontale/laterale DX fra veicoli in marcia;Incrocio;Una carreggiata a doppio senso;Asciutto;Asfaltata;Verticale ed orizzontale;Sereno;Normale;Buona;Ore Diurne;0;0;0;5;12,49882;41,97439;-1;2;Autovettura privata;In marcia / fermata / arresto;Passeggero;F;Illeso;0;;Non accertato;Inesploso
3885869;20;21/06/2018 08:30:00;Strada Urbana;VIA DEL PONTE DI CASTEL GIUBILEO;all'intersezione con;VIA SALVATORE TRINCHESE;VIA SALVATORE TRINCHESE;;;Scontro frontale/laterale DX fra veicoli in marcia;Incrocio;Una carreggiata a doppio senso;Asciutto;Asfaltata;Verticale ed orizzontale;Sereno;Normale;Buona;Ore Diurne;0;0;0;5;12,49882;41,97439;-1;2;Autovettura privata;In marcia / fermata / arresto;Passeggero;F;Illeso;0;;Non accertato;Inesploso
3885873;19;22/06/2018 01:40:00;Strada Urbana;VIA CASSIA;in prossimit�;;del civico n.;494;;Veicolo in marcia contro ostacolo fisso;Curva a visuale libera;Una carreggiata a doppio senso;Asciutto;Asfaltata;Verticale ed orizzontale;Sereno;Scarso;Sufficiente;Sufficiente;2;0;0;0;12,45394;41,95948;-1;1;Autovettura privata;In marcia / fermata / arresto;Conducente;F;Rimandato;0;NON DECEDUTO;;
3885873;19;22/06/2018 01:40:00;Strada Urbana;VIA CASSIA;in prossimit�;;del civico n.;494;;Veicolo in marcia contro ostacolo fisso;Curva a visuale libera;Una carreggiata a doppio senso;Asciutto;Asfaltata;Verticale ed orizzontale;Sereno;Scarso;Sufficiente;Sufficiente;2;0;0;0;12,45394;41,95948;-1;1;Autovettura privata;In marcia / fermata / arresto;Passeggero;M;Ricoverato;0;NON DECEDUTO;;
3885883;4;21/06/2018 07:38:00;Strada Urbana;VIA DI CASAL BOCCONE;in prossimit�;;del civico n.;260;;Tamponamento;Rettilineo;Due carreggiate;Asciutto;Asfaltata;Verticale ed orizzontale;Sereno;Normale;Buona;Ore Diurne;0;0;0;2;12,55438;41,96509;-1;1;Autovettura privata;In marcia / fermata / arresto;Conducente;F;Illeso;0;;Non accertato;Inesploso
3885883;4;21/06/2018 07:38:00;Strada Urbana;VIA DI CASAL BOCCONE;in prossimit�;;del civico n.;260;;Tamponamento;Rettilineo;Due carreggiate;Asciutto;Asfaltata;Verticale ed orizzontale;Sereno;Normale;Buona;Ore Diurne;0;0;0;2;12,55438;41,96509;-1;1;Autovettura privata;In marcia / fermata / arresto;Passeggero;F;Illeso;0;;;
3885890;10;21/06/2018 18:20:00;Strada Urbana;VIALE LUIGI SCHIAVONETTI;in corrispondenza;;del civico n.;426;;Scontro laterale fra veicoli in marcia;Rettilineo;Una carreggiata a senso unico di marcia;Asciutto;Asfaltata;Verticale ed orizzontale;Sereno;Normale;Buona;Ore Diurne;0;0;0;4;12,62126;41,84041;-1;1;Autovettura privata;In marcia / fermata / arresto;Conducente;F;Illeso;0;;Non accertato;Inesploso
3885890;10;21/06/2018 18:20:00;Strada Urbana;VIALE LUIGI SCHIAVONETTI;in corrispondenza;;del civico n.;426;;Scontro laterale fra veicoli in marcia;Rettilineo;Una carreggiata a senso unico di marcia;Asciutto;Asfaltata;Verticale ed orizzontale;Sereno;Normale;Buona;Ore Diurne;0;0;0;4;12,62126;41,84041;-1;1;Autovettura privata;In marcia / fermata / arresto;Passeggero;F;Illeso;0;;Non accertato;Inesploso
3885890;10;21/06/2018 18:20:00;Strada Urbana;VIALE LUIGI SCHIAVONETTI;in corrispondenza;;del civico n.;426;;Scontro laterale fra veicoli in marcia;Rettilineo;Una carreggiata a senso unico di marcia;Asciutto;Asfaltata;Verticale ed orizzontale;Sereno;Normale;Buona;Ore Diurne;0;0;0;4;12,62126;41,84041;-1;2;Autovettura privata;In marcia / fermata / arresto;Conducente;M;Illeso;0;;Non accertato;Inesploso
3885890;10;21/06/2018 18:20:00;Strada Urbana;VIALE LUIGI SCHIAVONETTI;in corrispondenza;;del civico n.;426;;Scontro laterale fra veicoli in marcia;Rettilineo;Una carreggiata a senso unico di marcia;Asciutto;Asfaltata;Verticale ed orizzontale;Sereno;Normale;Buona;Ore Diurne;0;0;0;4;12,62126;41,84041;-1;2;Autovettura privata;In marcia / fermata / arresto;Passeggero;F;Illeso;0;;Non accertato;Inesploso