Protocollo;Gruppo;DataOraIncidente;Localizzazione1;STRADA1;Localizzazione2;STRADA2;Strada02;Chilometrica;DaSpecificare;NaturaIncidente;particolaritastrade;TipoStrada;FondoStradale;Pavimentazione;Segnaletica;CondizioneAtmosferica;Traffico;Visibilita;Illuminazione;NUM_FERITI;NUM_RISERVATA;NUM_MORTI;NUM_ILLESI;Longitudine;Latitudine;Confermato;Progressivo;TipoVeicolo;StatoVeicolo;TipoPersona;Sesso;Tipolesione;Deceduto;DecedutoDopo;CinturaCascoUtilizzato;Airbag
3889766;13;24/06/2018 13:50:00;Strada Urbana;VIALE DESIDERATO PIETRI;all'intersezione con;PIAZZA ALERIA;PIAZZA ALERIA;;;Scontro frontale/laterale SX fra veicoli in marcia;Incrocio;Due carreggiate;Asciutto;Asfaltata;Verticale ed orizzontale;Sereno;Normale;Buona;Ore Diurne;1;0;0;2;12,29011;41,72765;-1;1;Quadriciclo leggero;In marcia / fermata / arresto;Conducente;M;Illeso;0;;Non accertato;Inesploso
3889766;13;24/06/2018 13:50:00;Strada Urbana;VIALE DESIDERATO PIETRI;all'intersezione con;PIAZZA ALERIA;PIAZZA ALERIA;;;Scontro frontale/laterale SX fra veicoli in marcia;Incrocio;Due carreggiate;Asciutto;Asfaltata;Verticale ed orizzontale;Sereno;Normale;Buona;Ore Diurne;1;0;0;2;12,29011;41,72765;-1;1;Quadriciclo leggero;In marcia / fermata / arresto;Passeggero;M;Illeso;0;;Non accertato;Inesploso
3889766;13;24/06/2018 13:50:00;Strada Urbana;VIALE DESIDERATO PIETRI;all'intersezione con;PIAZZA ALERIA;PIAZZA ALERIA;;;Scontro frontale/laterale SX fra veicoli in marcia;Incrocio;Due carreggiate;Asciutto;Asfaltata;Verticale ed orizzontale;Sereno;Normale;Buona;Ore Diurne;1;0;0;2;12,29011;41,72765;-1;2;Autovettura privata;In marcia / fermata / arresto;Conducente;M;Rimandato;0;NON DECEDUTO;Non accertato;Inesploso
3889768;13;24/06/2018 15:15:00;;VIA DI TOR BOACCIANA;da specificare;;;;altezza Via Dei Romagnoli;Tamponamento Multiplo;;;;;;;;;;0;0;0;6;12,28973;41,75134;0;1;Autovettura privata;In marcia / fermata / arresto;Conducente;M;Illeso;0;;;
3889768;13;24/06/2018 15:15:00;;VIA DI TOR BOACCIANA;da specificare;;;;altezza Via Dei Romagnoli;Tamponamento Multiplo;;;;;;;;;;0;0;0;6;12,28973;41,75134;0;2;Autocarro inferiore 35 q.;In marcia / fermata / arresto;Conducente;M;Illeso;0;;;
3889768;13;24/06/2018 15:15:00;;VIA DI TOR BOACCIANA;da specificare;;;;altezza Via Dei Romagnoli;Tamponamento Multiplo;;;;;;;;;;0;0;0;6;12,28973;41,75134;0;3;Autovettura privata;In marcia / fermata / arresto;Conducente;M;Illeso;0;;;
3889768;13;24/06/2018 15:15:00;;VIA DI TOR BOACCIANA;da specificare;;;;altezza Via Dei Romagnoli;Tamponamento Multiplo;;;;;;;;;;0;0;0;6;12,28973;41,75134;0;3;Autovettura privata;In marcia / fermata / arresto;Passeggero;F;Illeso;0;;Non accertato;
3889768;13;24/06/2018 15:15:00;;VIA DI TOR BOACCIANA;da specificare;;;;altezza Via Dei Romagnoli;Tamponamento Multiplo;;;;;;;;;;0;0;0;6;12,28973;41,75134;0;3;Autovettura privata;In marcia / fermata / arresto;Passeggero;F;Illeso;0;;Non accertato;
3889768;13;24/06/2018 15:15:00;;VIA DI TOR BOACCIANA;da specificare;;;;altezza Via Dei Romagnoli;Tamponamento Multiplo;;;;;;;;;;0;0;0;6;12,28973;41,75134;0;3;Autovettura privata;In marcia / fermata / arresto;Passeggero;F;Illeso;0;;Utilizzato;
3889771;7;24/06/2018 15:15:00;Strada Urbana;VIALE ALESSANDRINO;all'intersezione con;VIA DELLE PASSIFLORE;VIA DELLE PASSIFLORE;;;Scontro frontale/laterale DX fra veicoli in marcia;Incrocio;Una carreggiata a doppio senso;Asciutto;Asfaltata;Verticale ed orizzontale;Sereno;Scarso;Buona;Ore Diurne;0;0;0;6;12,57982;41,87416;-1;1;Autovettura privata;In marcia / fermata / arresto;Conducente;M;Illeso;0;;Non accertato;Inesploso
3889771;7;24/06/2018 15:15:00;Strada Urbana;VIALE ALESSANDRINO;all'intersezione con;VIA DELLE PASSIFLORE;VIA DELLE PASSIFLORE;;;Scontro frontale/laterale DX fra veicoli in marcia;Incrocio;Una carreggiata a doppio senso;Asciutto;Asfaltata;Verticale ed orizzontale;Sereno;Scarso;Buona;Ore Diurne;0;0;0;6;12,57982;41,87416;-1;2;Autovettura privata;In marcia / fermata / arresto;Conducente;M;Illeso;0;;Non accertato;Inesploso
3889771;7;24/06/2018 15:15:00;Strada Urbana;VIALE ALESSANDRINO;all'intersezione con;VIA DELLE PASSIFLORE;VIA DELLE PASSIFLORE;;;Scontro frontale/laterale DX fra veicoli in marcia;Incrocio;Una carreggiata a doppio senso;Asciutto;Asfaltata;Verticale ed orizzontale;Sereno;Scarso;Buona;Ore Diurne;0;0;0;6;12,57982;41,87416;-1;2;Autovettura privata;In marcia / fermata / arresto;Passeggero;F;Illeso;0;;Non accertato;Inesploso
3889771;7;24/06/2018 15:15:00;Strada Urbana;VIALE ALESSANDRINO;all'intersezione con;VIA DELLE PASSIFLORE;VIA DELLE PASSIFLORE;;;Scontro frontale/laterale DX fra veicoli in marcia;Incrocio;Una carreggiata a doppio senso;Asciutto;Asfaltata;Verticale ed orizzontale;Sereno;Scarso;Buona;Ore Diurne;0;0;0;6;12,57982;41,87416;-1;2;Autovettura privata;In marcia / fermata / arresto;Passeggero;M;Illeso;0;;Non accertato;Inesploso
3889771;7;24/06/2018 15:15:00;Strada Urbana;VIALE ALESSANDRINO;all'intersezione con;VIA DELLE PASSIFLORE;VIA DELLE PASSIFLORE;;;Scontro frontale/laterale DX fra veicoli in marcia;Incrocio;Una carreggiata a doppio senso;Asciutto;Asfaltata;Verticale ed orizzontale;Sereno;Scarso;Buona;Ore Diurne;0;0;0;6;12,57982;41,87416;-1;2;Autovettura privata;In marcia / fermata / arresto;Passeggero;F;Illeso;0;;Non accertato;Inesploso
3889771;7;24/06/2018 15:15:00;Strada Urbana;VIALE ALESSANDRINO;all'intersezione con;VIA DELLE PASSIFLORE;VIA DELLE PASSIFLORE;;;Scontro frontale/laterale DX fra veicoli in marcia;Incrocio;Una carreggiata a doppio senso;Asciutto;Asfaltata;Verticale ed orizzontale;Sereno;Scarso;Buona;Ore Diurne;0;0;0;6;12,57982;41,87416;-1;2;Autovettura privata;In marcia / fermata / arresto;Passeggero;F;Illeso;0;;Non accertato;Inesploso
3889778;7;23/06/2018 02:30:00;Strada Urbana;VIA DEI CICLAMINI;all'intersezione con;VIA FILIPPO ARENA;VIA FILIPPO ARENA;;;Scontro frontale/laterale DX fra veicoli in marcia;Incrocio;Una carreggiata a doppio senso;Asciutto;Asfaltata;Assente;Sereno;Scarso;Buona;Sufficiente;0;0;0;5;12,56577;41,8928;-1;1;Autovettura privata;In marcia / fermata / arresto;Conducente;M;Illeso;0;;Non accertato;Inesploso
3889778;7;23/06/2018 02:30:00;Strada Urbana;VIA DEI CICLAMINI;all'intersezione con;VIA FILIPPO ARENA;VIA FILIPPO ARENA;;;Scontro frontale/laterale DX fra veicoli in marcia;Incrocio;Una carreggiata a doppio senso;Asciutto;Asfaltata;Assente;Sereno;Scarso;Buona;Sufficiente;0;0;0;5;12,56577;41,8928;-1;1;Autovettura privata;In marcia / fermata / arresto;Passeggero;M;Illeso;0;;Non accertato;Inesploso
3889778;7;23/06/2018 02:30:00;Strada Urbana;VIA DEI CICLAMINI;all'intersezione con;VIA FILIPPO ARENA;VIA FILIPPO ARENA;;;Scontro frontale/laterale DX fra veicoli in marcia;Incrocio;Una carreggiata a doppio senso;Asciutto;Asfaltata;Assente;Sereno;Scarso;Buona;Sufficiente;0;0;0;5;12,56577;41,8928;-1;2;Autovettura privata;In marcia / fermata / arresto;Conducente;M;Illeso;0;;Non accertato;Inesploso
3889778;7;23/06/2018 02:30:00;Strada Urbana;VIA DEI CICLAMINI;all'intersezione con;VIA FILIPPO ARENA;VIA FILIPPO ARENA;;;Scontro frontale/laterale DX fra veicoli in marcia;Incrocio;Una carreggiata a doppio senso;Asciutto;Asfaltata;Assente;Sereno;Scarso;Buona;Sufficiente;0;0;0;5;12,56577;41,8928;-1;2;Autovettura privata;In marcia / fermata / arresto;Passeggero;M;Illeso;0;;Non accertato;Inesploso
3889778;7;23/06/2018 02:30:00;Strada Urbana;VIA DEI CICLAMINI;all'intersezione con;VIA FILIPPO ARENA;VIA FILIPPO ARENA;;;Scontro frontale/laterale DX fra veicoli in marcia;Incrocio;Una carreggiata a doppio senso;Asciutto;Asfaltata;Assente;Sereno;Scarso;Buona;Sufficiente;0;0;0;5;12,56577;41,8928;-1;2;Autovettura privata;In marcia / fermata / arresto;Passeggero;M;Illeso;0;;Non accertato;Inesploso
3889779;5;23/06/2018 17:00:00;Strada Urbana;VIA DEI MONTI TIBURTINI;in prossimit�;;del civico n.;764;;Veicolo in marcia contro ostacolo fisso;Rettilineo;Due carreggiate;Asciutto;Asfaltata;Verticale ed orizzontale;Sereno;Scarso;Buona;Ore Diurne;1;0;0;1;12,5496;41,91493;-1;1;Autovettura privata;In marcia / fermata / arresto;Conducente;M;Rimandato;0;NON DECEDUTO;Non accertato;Esploso
3889779;5;23/06/2018 17:00:00;Strada Urbana;VIA DEI MONTI TIBURTINI;in prossimit�;;del civico n.;764;;Veicolo in marcia contro ostacolo fisso;Rettilineo;Due carreggiate;Asciutto;Asfaltata;Verticale ed orizzontale;Sereno;Scarso;Buona;Ore Diurne;1;0;0;1;12,5496;41,91493;-1;1;Autovettura privata;In marcia / fermata / arresto;Passeggero;M;Illeso;0;;Non accertato;Esploso
3889783;10;24/06/2018 11:30:00;Strada Urbana;VIA APPIA NUOVA;da specificare;;;;100 mt. prima incrocio con via delle Capannelle;Tamponamento;Rettilineo;Due carreggiate;Asciutto;Asfaltata;Verticale ed orizzontale;Sereno;Intenso;Buona;Ore Diurne;0;0;0;3;12,56245;41,82433;-1;1;Autovettura privata;In marcia / fermata / arresto;Conducente;M;Illeso;0;;Non accertato;Inesploso
3889783;10;24/06/2018 11:30:00;Strada Urbana;VIA APPIA NUOVA;da specificare;;;;100 mt. prima incrocio con via delle Capannelle;Tamponamento;Rettilineo;Due carreggiate;Asciutto;Asfaltata;Verticale ed orizzontale;Sereno;Intenso;Buona;Ore Diurne;0;0;0;3;12,56245;41,82433;-1;2;Autovettura privata;In marcia / fermata / arresto;Conducente;F;Illeso;0;;Non utilizzato;Inesploso
3889783;10;24/06/2018 11:30:00;Strada Urbana;VIA APPIA NUOVA;da specificare;;;;100 mt. prima incrocio con via delle Capannelle;Tamponamento;Rettilineo;Due carreggiate;Asciutto;Asfaltata;Verticale ed orizzontale;Sereno;Intenso;Buona;Ore Diurne;0;0;0;3;12,56245;41,82433;-1;2;Autovettura privata;In marcia / fermata / arresto;Passeggero;M;Illeso;0;;Non accertato;Inesploso
3889788;12;21/06/2018 19:00:00;Strada Urbana;VIALE EUROPA;in corrispondenza;;del civico n.;20;;Veicolo in marcia contro veicolo arresto;Rettilineo;Una carreggiata a doppio senso;Asciutto;Asfaltata;Verticale ed orizzontale;Sereno;Normale;Buona;Ore Diurne;0;0;0;2;12,46222;41,83279;-1;1;Autovettura privata;In marcia / fermata / arresto;Conducente;F;Illeso;0;;Utilizzato;Inesploso
3889788;12;21/06/2018 19:00:00;Strada Urbana;VIALE EUROPA;in corrispondenza;;del civico n.;20;;Veicolo in marcia contro veicolo arresto;Rettilineo;Una carreggiata a doppio senso;Asciutto;Asfaltata;Verticale ed orizzontale;Sereno;Normale;Buona;Ore Diurne;0;0;0;2;12,46222;41,83279;-1;2;Autovettura privata;In marcia / fermata / arresto;Conducente;M;Illeso;0;;Utilizzato;Inesploso
3889790;7;24/06/2018 16:55:00;Strada Urbana;VIA DEL GRANO;all'intersezione con;VIA DEGLI OLEANDRI;VIA DEGLI OLEANDRI;;;Scontro laterale fra veicoli in marcia;Incrocio;Una carreggiata a doppio senso;Asciutto;Asfaltata;Verticale ed orizzontale;Sereno;Scarso;Buona;Ore Diurne;0;0;0;2;12,57629;41,87548;-1;1;Autovettura privata;In marcia / fermata / arresto;Conducente;F;Illeso;0;;Non accertato;Inesploso
3889790;7;24/06/2018 16:55:00;Strada Urbana;VIA DEL GRANO;all'intersezione con;VIA DEGLI OLEANDRI;VIA DEGLI OLEANDRI;;;Scontro laterale fra veicoli in marcia;Incrocio;Una carreggiata a doppio senso;Asciutto;Asfaltata;Verticale ed orizzontale;Sereno;Scarso;Buona;Ore Diurne;0;0;0;2;12,57629;41,87548;-1;2;Autovettura privata;In marcia / fermata / arresto;Conducente;M;Illeso;0;;Non accertato;Inesploso
3889792;19;24/06/2018 08:20:00;Strada Urbana;VIA DI TORREVECCHIA;all'intersezione con;VIA GABRIELE PALEOTTI;VIA GABRIELE PALEOTTI;;;Scontro frontale fra veicoli in marcia;Incrocio;Una carreggiata a doppio senso;Asciutto;Asfaltata;Orizzontale;Sereno;Normale;Buona;Ore Diurne;0;0;0;3;12,41223;41,92332;-1;1;Autovettura privata;In marcia / fermata / arresto;Conducente;M;Illeso;0;;;
3889792;19;24/06/2018 08:20:00;Strada Urbana;VIA DI TORREVECCHIA;all'intersezione con;VIA GABRIELE PALEOTTI;VIA GABRIELE PALEOTTI;;;Scontro frontale fra veicoli in marcia;Incrocio;Una carreggiata a doppio senso;Asciutto;Asfaltata;Orizzontale;Sereno;Normale;Buona;Ore Diurne;0;0;0;3;12,41223;41,92332;-1;1;Autovettura privata;In marcia / fermata / arresto;Passeggero;F;Illeso;0;;;
3889792;19;24/06/2018 08:20:00;Strada Urbana;VIA DI TORREVECCHIA;all'intersezione con;VIA GABRIELE PALEOTTI;VIA GABRIELE PALEOTTI;;;Scontro frontale fra veicoli in marcia;Incrocio;Una carreggiata a doppio senso;Asciutto;Asfaltata;Orizzontale;Sereno;Normale;Buona;Ore Diurne;0;0;0;3;12,41223;41,92332;-1;2;Autovettura privata;In marcia / fermata / arresto;Conducente;M;Illeso;0;;;
3889793;15;22/06/2018 11:40:00;Strada Urbana;VIA PORTUENSE;da specificare;;;;tra GRA e  v. PONTE PISANO;Ribaltamento senza urto contro ostacolo fisso;Rettilineo;Una carreggiata a doppio senso;Asciutto;Asfaltata;Orizzontale;Sereno;Scarso;Buona;Ore Diurne;1;0;0;0;12,41402;41,84696;-1;1;Motociclo a solo;In marcia / fermata / arresto;Conducente;M;Rimandato;0;NON DECEDUTO;Utilizzato;
3889794;10;24/06/2018 10:15:00;Strada Urbana;VIA APPIA NUOVA;all'intersezione semaforizzata con;VIA DELLE CAPANNELLE;VIA DELLE CAPANNELLE;;;Veicolo in marcia contro ostacolo accidentale;Intersezione semaforizzata;Due carreggiate;Asciutto;Asfaltata;Verticale ed orizzontale;Sereno;Normale;Buona;Ore Diurne;2;0;0;0;12,56211;41,82444;-1;1;Motociclo con passeggero;In marcia / fermata / arresto;Conducente;M;Rifiuta cure immediate;0;NON DECEDUTO;Non accertato;
3889794;10;24/06/2018 10:15:00;Strada Urbana;VIA APPIA NUOVA;all'intersezione semaforizzata con;VIA DELLE CAPANNELLE;VIA DELLE CAPANNELLE;;;Veicolo in marcia contro ostacolo accidentale;Intersezione semaforizzata;Due carreggiate;Asciutto;Asfaltata;Verticale ed orizzontale;Sereno;Normale;Buona;Ore Diurne;2;0;0;0;12,56211;41,82444;-1;1;Motociclo con passeggero;In marcia / fermata / arresto;Passeggero;F;Rimandato;0;NON DECEDUTO;Non accertato;
3889799;18;23/06/2018 12:10:00;Strada Urbana;VIA GREGORIO XI;da specificare;;;;ALTEZZA CARREFOUR;Veicolo in marcia contro veicolo in sosta;Rettilineo;Due carreggiate;Asciutto;Asfaltata;Assente;Sereno;Scarso;Buona;Ore Diurne;0;0;0;1;12,40668;41,89196;-1;1;Autovettura privata;In marcia / fermata / arresto;Conducente;F;Illeso;0;;;
3889801;5;23/06/2018 18:30:00;;VIA DELLA TENUTA DEL CAVALIERE;in prossimit�;;del civico n.;102;;Scontro laterale fra veicoli in marcia;;;;;;;;;;1;0;0;1;12,65847;41,93146;0;1;Autovettura privata;In marcia / fermata / arresto;Passeggero;F;Rimandato;0;NON DECEDUTO;;
3889801;5;23/06/2018 18:30:00;;VIA DELLA TENUTA DEL CAVALIERE;in prossimit�;;del civico n.;102;;Scontro laterale fra veicoli in marcia;;;;;;;;;;1;0;0;1;12,65847;41,93146;0;1;Autovettura privata;In marcia / fermata / arresto;Conducente;M;Illeso;0;;;
3889805;4;22/06/2018 09:58:00;Strada Urbana;LARGO SERGIO PUGLIESE;all'intersezione con;VIA UGO OJETTI;VIA UGO OJETTI;;;Scontro laterale fra veicoli in marcia;Intersezione non regolata/non segnalata;Due carreggiate;Asciutto;Asfaltata;Verticale ed orizzontale;Nuvoloso;Normale;Buona;Ore Diurne;0;0;0;3;12,55352;41,94704;-1;1;Autobus di linea;In marcia / fermata / arresto;Conducente;M;Illeso;0;;Non accertato;Inesploso
3889805;4;22/06/2018 09:58:00;Strada Urbana;LARGO SERGIO PUGLIESE;all'intersezione con;VIA UGO OJETTI;VIA UGO OJETTI;;;Scontro laterale fra veicoli in marcia;Intersezione non regolata/non segnalata;Due carreggiate;Asciutto;Asfaltata;Verticale ed orizzontale;Nuvoloso;Normale;Buona;Ore Diurne;0;0;0;3;12,55352;41,94704;-1;2;Autovettura privata;In marcia / fermata / arresto;Conducente;M;Illeso;0;;;
3889805;4;22/06/2018 09:58:00;Strada Urbana;LARGO SERGIO PUGLIESE;all'intersezione con;VIA UGO OJETTI;VIA UGO OJETTI;;;Scontro laterale fra veicoli in marcia;Intersezione non regolata/non segnalata;Due carreggiate;Asciutto;Asfaltata;Verticale ed orizzontale;Nuvoloso;Normale;Buona;Ore Diurne;0;0;0;3;12,55352;41,94704;-1;2;Autovettura privata;In marcia / fermata / arresto;Passeggero;F;Illeso;0;;Non accertato;Inesploso
3889810;15;22/06/2018 09:10:00;Strada Urbana;LARGO DEL CASALE DEGLI INGLESI;in corrispondenza;;del civico n.;17;;Veicolo in marcia contro veicoli in sosta;Rettilineo;Una carreggiata a senso unico di marcia;Asciutto;Asfaltata;Verticale ed orizzontale;Sereno;Normale;Buona;Ore Diurne;0;0;0;3;12,4251;41,83853;-1;1;Autovettura privata;In marcia / fermata / arresto;Conducente;M;Illeso;0;;;
3889810;15;22/06/2018 09:10:00;Strada Urbana;LARGO DEL CASALE DEGLI INGLESI;in corrispondenza;;del civico n.;17;;Veicolo in marcia contro veicoli in sosta;Rettilineo;Una carreggiata a senso unico di marcia;Asciutto;Asfaltata;Verticale ed orizzontale;Sereno;Normale;Buona;Ore Diurne;0;0;0;3;12,4251;41,83853;-1;1;Autovettura privata;In marcia / fermata / arresto;Passeggero;F;Illeso;0;;Non accertato;Inesploso
3889810;15;22/06/2018 09:10:00;Strada Urbana;LARGO DEL CASALE DEGLI INGLESI;in corrispondenza;;del civico n.;17;;Veicolo in marcia contro veicoli in sosta;Rettilineo;Una carreggiata a senso unico di marcia;Asciutto;Asfaltata;Verticale ed orizzontale;Sereno;Normale;Buona;Ore Diurne;0;0;0;3;12,4251;41,83853;-1;2;Motociclo a solo;In marcia / fermata / arresto;Conducente;M;Illeso;0;;Non accertato;
3889811;10;24/06/2018 21:40:00;Strada Urbana;VIA FLAVIA DEMETRIA;all'intersezione con;VIA LATTARICO;VIA LATTARICO;;;Scontro frontale/laterale DX fra veicoli in marcia;Incrocio;Una carreggiata a senso unico di marcia;Asciutto;Asfaltata;Verticale ed orizzontale;Sereno;Scarso;Buona;Sufficiente;1;0;0;1;12,61337;41,82316;-1;1;Autovettura privata;In marcia / fermata / arresto;Conducente;M;Illeso;0;;Non accertato;Inesploso
3889811;10;24/06/2018 21:40:00;Strada Urbana;VIA FLAVIA DEMETRIA;all'intersezione con;VIA LATTARICO;VIA LATTARICO;;;Scontro frontale/laterale DX fra veicoli in marcia;Incrocio;Una carreggiata a senso unico di marcia;Asciutto;Asfaltata;Verticale ed orizzontale;Sereno;Scarso;Buona;Sufficiente;1;0;0;1;12,61337;41,82316;-1;2;Autovettura privata;In marcia / fermata / arresto;Conducente;F;Rimandato;0;NON DECEDUTO;Non accertato;Inesploso
3889814;19;24/06/2018 05:45:00;Comunale extraurbana;VIA BRACCIANENSE;da specificare;;;;Km 1,500;Tamponamento Multiplo;Galleria illuminata;Una carreggiata a doppio senso;Asciutto;Asfaltata;Verticale ed orizzontale;Sereno;Scarso;Sufficiente;Sufficiente;0;0;0;13;12,36539;42,01315;-1;1;Autovettura privata;In marcia / fermata / arresto;Conducente;F;Illeso;0;;Non accertato;Esploso
3889814;19;24/06/2018 05:45:00;Comunale extraurbana;VIA BRACCIANENSE;da specificare;;;;Km 1,500;Tamponamento Multiplo;Galleria illuminata;Una carreggiata a doppio senso;Asciutto;Asfaltata;Verticale ed orizzontale;Sereno;Scarso;Sufficiente;Sufficiente;0;0;0;13;12,36539;42,01315;-1;1;Autovettura privata;In marcia / fermata / arresto;Passeggero;F;Illeso;0;;Non accertato;Esploso
3889814;19;24/06/2018 05:45:00;Comunale extraurbana;VIA BRACCIANENSE;da specificare;;;;Km 1,500;Tamponamento Multiplo;Galleria illuminata;Una carreggiata a doppio senso;Asciutto;Asfaltata;Verticale ed orizzontale;Sereno;Scarso;Sufficiente;Sufficiente;0;0;0;13;12,36539;42,01315;-1;1;Autovettura privata;In marcia / fermata / arresto;Passeggero;F;Illeso;0;;Non accertato;Inesploso
3889814;19;24/06/2018 05:45:00;Comunale extraurbana;VIA BRACCIANENSE;da specificare;;;;Km 1,500;Tamponamento Multiplo;Galleria illuminata;Una carreggiata a doppio senso;Asciutto;Asfaltata;Verticale ed orizzontale;Sereno;Scarso;Sufficiente;Sufficiente;0;0;0;13;12,36539;42,01315;-1;1;Autovettura privata;In marcia / fermata / arresto;Passeggero;F;Illeso;0;;Non accertato;Inesploso
3889814;19;24/06/2018 05:45:00;Comunale extraurbana;VIA BRACCIANENSE;da specificare;;;;Km 1,500;Tamponamento Multiplo;Galleria illuminata;Una carreggiata a doppio senso;Asciutto;Asfaltata;Verticale ed orizzontale;Sereno;Scarso;Sufficiente;Sufficiente;0;0;0;13;12,36539;42,01315;-1;2;Autovettura privata;In marcia / fermata / arresto;Conducente;M;Illeso;0;;Non accertato;Inesploso
3889814;19;24/06/2018 05:45:00;Comunale extraurbana;VIA BRACCIANENSE;da specificare;;;;Km 1,500;Tamponamento Multiplo;Galleria illuminata;Una carreggiata a doppio senso;Asciutto;Asfaltata;Verticale ed orizzontale;Sereno;Scarso;Sufficiente;Sufficiente;0;0;0;13;12,36539;42,01315;-1;2;Autovettura privata;In marcia / fermata / arresto;Passeggero;M;Illeso;0;;Non accertato;Inesploso
3889814;19;24/06/2018 05:45:00;Comunale extraurbana;VIA BRACCIANENSE;da specificare;;;;Km 1,500;Tamponamento Multiplo;Galleria illuminata;Una carreggiata a doppio senso;Asciutto;Asfaltata;Verticale ed orizzontale;Sereno;Scarso;Sufficiente;Sufficiente;0;0;0;13;12,36539;42,01315;-1;2;Autovettura privata;In marcia / fermata / arresto;Passeggero;M;Illeso;0;;Non accertato;Inesploso
3889814;19;24/06/2018 05:45:00;Comunale extraurbana;VIA BRACCIANENSE;da specificare;;;;Km 1,500;Tamponamento Multiplo;Galleria illuminata;Una carreggiata a doppio senso;Asciutto;Asfaltata;Verticale ed orizzontale;Sereno;Scarso;Sufficiente;Sufficiente;0;0;0;13;12,36539;42,01315;-1;3;Autovettura privata;In marcia / fermata / arresto;Conducente;F;Illeso;0;;Non accertato;Esploso
3889814;19;24/06/2018 05:45:00;Comunale extraurbana;VIA BRACCIANENSE;da specificare;;;;Km 1,500;Tamponamento Multiplo;Galleria illuminata;Una carreggiata a doppio senso;Asciutto;Asfaltata;Verticale ed orizzontale;Sereno;Scarso;Sufficiente;Sufficiente;0;0;0;13;12,36539;42,01315;-1;3;Autovettura privata;In marcia / fermata / arresto;Passeggero;M;Illeso;0;;Non accertato;Esploso
3889814;19;24/06/2018 05:45:00;Comunale extraurbana;VIA BRACCIANENSE;da specificare;;;;Km 1,500;Tamponamento Multiplo;Galleria illuminata;Una carreggiata a doppio senso;Asciutto;Asfaltata;Verticale ed orizzontale;Sereno;Scarso;Sufficiente;Sufficiente;0;0;0;13;12,36539;42,01315;-1;3;Autovettura privata;In marcia / fermata / arresto;Passeggero;F;Illeso;0;;Non accertato;Esploso
3889814;19;24/06/2018 05:45:00;Comunale extraurbana;VIA BRACCIANENSE;da specificare;;;;Km 1,500;Tamponamento Multiplo;Galleria illuminata;Una carreggiata a doppio senso;Asciutto;Asfaltata;Verticale ed orizzontale;Sereno;Scarso;Sufficiente;Sufficiente;0;0;0;13;12,36539;42,01315;-1;4;Autovettura privata;In marcia / fermata / arresto;Conducente;M;Illeso;0;;Non accertato;Esploso
3889814;19;24/06/2018 05:45:00;Comunale extraurbana;VIA BRACCIANENSE;da specificare;;;;Km 1,500;Tamponamento Multiplo;Galleria illuminata;Una carreggiata a doppio senso;Asciutto;Asfaltata;Verticale ed orizzontale;Sereno;Scarso;Sufficiente;Sufficiente;0;0;0;13;12,36539;42,01315;-1;4;Autovettura privata;In marcia / fermata / arresto;Passeggero;M;Illeso;0;;Non accertato;Inesploso
3889814;19;24/06/2018 05:45:00;Comunale extraurbana;VIA BRACCIANENSE;da specificare;;;;Km 1,500;Tamponamento Multiplo;Galleria illuminata;Una carreggiata a doppio senso;Asciutto;Asfaltata;Verticale ed orizzontale;Sereno;Scarso;Sufficiente;Sufficiente;0;0;0;13;12,36539;42,01315;-1;4;Autovettura privata;In marcia / fermata / arresto;Passeggero;M;Illeso;0;;Non accertato;Inesploso
3889816;15;24/06/2018 16:40:00;Comunale extraurbana;VIA DELLA MAGLIANA;in corrispondenza;;del civico n.;456 S;;Scontro laterale fra veicoli in marcia;Rettilineo;Una carreggiata a doppio senso;Asciutto;Asfaltata;Orizzontale;Sereno;Normale;Buona;Ore Diurne;0;0;0;2;12,44265;41,83336;-1;1;Autovettura privata;In marcia / fermata / arresto;Conducente;F;Illeso;0;;Utilizzato;
3889816;15;24/06/2018 16:40:00;Comunale extraurbana;VIA DELLA MAGLIANA;in corrispondenza;;del civico n.;456 S;;Scontro laterale fra veicoli in marcia;Rettilineo;Una carreggiata a doppio senso;Asciutto;Asfaltata;Orizzontale;Sereno;Normale;Buona;Ore Diurne;0;0;0;2;12,44265;41,83336;-1;2;Motociclo a solo;In marcia / fermata / arresto;Conducente;M;Illeso;0;;Utilizzato;
3889820;5;23/06/2018 23:10:00;Strada Urbana;VIA TIBURTINA;all'intersezione semaforizzata con;VIA PIETRO OTTOBONI;VIA PIETRO OTTOBONI;;;Scontro frontale/laterale SX fra veicoli in marcia;Intersezione semaforizzata;Due carreggiate;Asciutto;Asfaltata;Verticale ed orizzontale;Sereno;Normale;Buona;Sufficiente;3;0;0;2;12,53976;41,90852;-1;1;Autoambulanza in servizio;In marcia / fermata / arresto;Conducente;M;Illeso;0;;Non accertato;Inesistente
3889820;5;23/06/2018 23:10:00;Strada Urbana;VIA TIBURTINA;all'intersezione semaforizzata con;VIA PIETRO OTTOBONI;VIA PIETRO OTTOBONI;;;Scontro frontale/laterale SX fra veicoli in marcia;Intersezione semaforizzata;Due carreggiate;Asciutto;Asfaltata;Verticale ed orizzontale;Sereno;Normale;Buona;Sufficiente;3;0;0;2;12,53976;41,90852;-1;1;Autoambulanza in servizio;In marcia / fermata / arresto;Passeggero;M;Rimandato;0;NON DECEDUTO;Non accertato;Inesistente