Protocollo;Gruppo;DataOraIncidente;Localizzazione1;STRADA1;Localizzazione2;STRADA2;Strada02;Chilometrica;DaSpecificare;NaturaIncidente;particolaritastrade;TipoStrada;FondoStradale;Pavimentazione;Segnaletica;CondizioneAtmosferica;Traffico;Visibilita;Illuminazione;NUM_FERITI;NUM_RISERVATA;NUM_MORTI;NUM_ILLESI;Longitudine;Latitudine;Confermato;Progressivo;TipoVeicolo;StatoVeicolo;TipoPersona;Sesso;Tipolesione;Deceduto;DecedutoDopo;CinturaCascoUtilizzato;Airbag
3890595;18;25/06/2018 15:00:00;Strada Urbana;PIAZZA DI VILLA CARPEGNA;in prossimit�;;del civico n.;43;;Tamponamento;Rettilineo;Pi� di due carreggiate;Bagnato (pioggia);Asfaltata;Verticale ed orizzontale;Pioggia in atto;Normale;Buona;Ore Diurne;0;0;0;3;12,4297;41,89544;-1;2;Autovettura privata;In marcia / fermata / arresto;Passeggero;F;Illeso;0;;Non accertato;Inesploso
3890608;15;25/06/2018 12:05:00;Strada Urbana;VIA GEROLAMO CARDANO;in corrispondenza;;del civico n.;145;;Veicolo in marcia contro veicolo in sosta;Rettilineo;Una carreggiata a doppio senso;Asciutto;Asfaltata;Verticale ed orizzontale;Sereno;Normale;Buona;Ore Diurne;0;0;0;1;12,46486;41,86234;-1;2;Autovettura privata;In marcia / fermata / arresto;Conducente;M;Illeso;0;;Utilizzato;
3890620;16;24/06/2018 14:20:00;;VIA ANGELO BELLANI;in corrispondenza;;del civico n.;39/a;;Investimento di pedone;;;;;;;;;;1;0;0;2;12,46932;41,87294;0;;;;Pedone;M;Rimandato;0;NON DECEDUTO;;
3890620;16;24/06/2018 14:20:00;;VIA ANGELO BELLANI;in corrispondenza;;del civico n.;39/a;;Investimento di pedone;;;;;;;;;;1;0;0;2;12,46932;41,87294;0;1;Autovettura privata;In marcia / fermata / arresto;Conducente;F;Illeso;0;;Non accertato;Inesploso
3890620;16;24/06/2018 14:20:00;;VIA ANGELO BELLANI;in corrispondenza;;del civico n.;39/a;;Investimento di pedone;;;;;;;;;;1;0;0;2;12,46932;41,87294;0;1;Autovettura privata;In marcia / fermata / arresto;Passeggero;F;Illeso;0;;Non accertato;Inesploso
3890632;16;23/06/2018 08:10:00;Strada Urbana;VIA AURELIA ANTICA;all'intersezione semaforizzata con;LARGO DON LUIGI GUANELLA;LARGO DON LUIGI GUANELLA;;;Scontro laterale fra veicoli in marcia;Incrocio;Una carreggiata a doppio senso;Asciutto;Asfaltata;Verticale ed orizzontale;Nuvoloso;Scarso;Buona;Ore Diurne;0;0;0;2;12,4346;41,89016;-1;1;Autovettura privata;In marcia / fermata / arresto;Conducente;M;Illeso;0;;Non accertato;Inesploso
3890632;16;23/06/2018 08:10:00;Strada Urbana;VIA AURELIA ANTICA;all'intersezione semaforizzata con;LARGO DON LUIGI GUANELLA;LARGO DON LUIGI GUANELLA;;;Scontro laterale fra veicoli in marcia;Incrocio;Una carreggiata a doppio senso;Asciutto;Asfaltata;Verticale ed orizzontale;Nuvoloso;Scarso;Buona;Ore Diurne;0;0;0;2;12,4346;41,89016;-1;2;Autovettura pubblica;In marcia / fermata / arresto;Conducente;M;Illeso;0;;Non accertato;Inesploso
3890643;16;23/06/2018 15:00:00;Strada Urbana;VIA DI DONNA OLIMPIA;in prossimit�;;del civico n.;54;;Infortunio per sola frenata improvvisa;Rettilineo;Una carreggiata a doppio senso;Asciutto;Asfaltata;Orizzontale;Nuvoloso;Normale;Buona;Ore Diurne;1;0;0;0;12,45299;41,87713;-1;1;Motociclo a solo;In marcia / fermata / arresto;Conducente;M;Rimandato;0;NON DECEDUTO;Non accertato;
3890655;16;23/06/2018 21:05:00;Strada Urbana;CIRCONVALLAZIONE GIANICOLENSE;all'intersezione semaforizzata con;VIA LUIGI ZAMBARELLI;VIA LUIGI ZAMBARELLI;;;Scontro frontale/laterale DX fra veicoli in marcia;Intersezione semaforizzata;Pi� di due carreggiate;Asciutto;Asfaltata;Verticale ed orizzontale;Sereno;Normale;Sufficiente;Sufficiente;0;0;0;3;12,44956;41,87247;-1;1;Autovettura privata;In marcia / fermata / arresto;Conducente;F;Illeso;0;;Non accertato;Inesploso
3890655;16;23/06/2018 21:05:00;Strada Urbana;CIRCONVALLAZIONE GIANICOLENSE;all'intersezione semaforizzata con;VIA LUIGI ZAMBARELLI;VIA LUIGI ZAMBARELLI;;;Scontro frontale/laterale DX fra veicoli in marcia;Intersezione semaforizzata;Pi� di due carreggiate;Asciutto;Asfaltata;Verticale ed orizzontale;Sereno;Normale;Sufficiente;Sufficiente;0;0;0;3;12,44956;41,87247;-1;1;Autovettura privata;In marcia / fermata / arresto;Passeggero;F;Illeso;0;;Non accertato;Inesploso
3890655;16;23/06/2018 21:05:00;Strada Urbana;CIRCONVALLAZIONE GIANICOLENSE;all'intersezione semaforizzata con;VIA LUIGI ZAMBARELLI;VIA LUIGI ZAMBARELLI;;;Scontro frontale/laterale DX fra veicoli in marcia;Intersezione semaforizzata;Pi� di due carreggiate;Asciutto;Asfaltata;Verticale ed orizzontale;Sereno;Normale;Sufficiente;Sufficiente;0;0;0;3;12,44956;41,87247;-1;2;Autovettura privata;In marcia / fermata / arresto;Conducente;M;Illeso;0;;Non accertato;Inesploso
3890808;17;24/06/2018 15:00:00;Strada Urbana;VIALE DELLE MILIZIE;all'intersezione con;VIA GIUSEPPE FERRARI;VIA GIUSEPPE FERRARI;;;Tamponamento;Incrocio;Una carreggiata a senso unico di marcia;Asciutto;Asfaltata;Verticale ed orizzontale;Sereno;Scarso;Buona;Ore Diurne;0;0;0;6;12,46308;41,91267;0;1;Autovettura privata;In marcia / fermata / arresto;Conducente;M;Illeso;0;;;
3890808;17;24/06/2018 15:00:00;Strada Urbana;VIALE DELLE MILIZIE;all'intersezione con;VIA GIUSEPPE FERRARI;VIA GIUSEPPE FERRARI;;;Tamponamento;Incrocio;Una carreggiata a senso unico di marcia;Asciutto;Asfaltata;Verticale ed orizzontale;Sereno;Scarso;Buona;Ore Diurne;0;0;0;6;12,46308;41,91267;0;2;Autovettura privata;In marcia / fermata / arresto;Conducente;M;Illeso;0;;;
3890808;17;24/06/2018 15:00:00;Strada Urbana;VIALE DELLE MILIZIE;all'intersezione con;VIA GIUSEPPE FERRARI;VIA GIUSEPPE FERRARI;;;Tamponamento;Incrocio;Una carreggiata a senso unico di marcia;Asciutto;Asfaltata;Verticale ed orizzontale;Sereno;Scarso;Buona;Ore Diurne;0;0;0;6;12,46308;41,91267;0;2;Autovettura privata;In marcia / fermata / arresto;Passeggero;F;Illeso;0;;;
3890808;17;24/06/2018 15:00:00;Strada Urbana;VIALE DELLE MILIZIE;all'intersezione con;VIA GIUSEPPE FERRARI;VIA GIUSEPPE FERRARI;;;Tamponamento;Incrocio;Una carreggiata a senso unico di marcia;Asciutto;Asfaltata;Verticale ed orizzontale;Sereno;Scarso;Buona;Ore Diurne;0;0;0;6;12,46308;41,91267;0;2;Autovettura privata;In marcia / fermata / arresto;Passeggero;M;Illeso;0;;;
3890808;17;24/06/2018 15:00:00;Strada Urbana;VIALE DELLE MILIZIE;all'intersezione con;VIA GIUSEPPE FERRARI;VIA GIUSEPPE FERRARI;;;Tamponamento;Incrocio;Una carreggiata a senso unico di marcia;Asciutto;Asfaltata;Verticale ed orizzontale;Sereno;Scarso;Buona;Ore Diurne;0;0;0;6;12,46308;41,91267;0;2;Autovettura privata;In marcia / fermata / arresto;Passeggero;F;Illeso;0;;;
3890808;17;24/06/2018 15:00:00;Strada Urbana;VIALE DELLE MILIZIE;all'intersezione con;VIA GIUSEPPE FERRARI;VIA GIUSEPPE FERRARI;;;Tamponamento;Incrocio;Una carreggiata a senso unico di marcia;Asciutto;Asfaltata;Verticale ed orizzontale;Sereno;Scarso;Buona;Ore Diurne;0;0;0;6;12,46308;41,91267;0;2;Autovettura privata;In marcia / fermata / arresto;Passeggero;F;Illeso;0;;;
3890877;18;25/06/2018 17:25:00;Strada Urbana;LARGO DI BOCCEA;in corrispondenza;;del civico n.;8;;Investimento di pedone;Rettilineo;Due carreggiate;Bagnato (pioggia);Asfaltata;Verticale ed orizzontale;Pioggia in atto;Normale;Buona;Ore Diurne;1;0;0;1;12,42691;41,90167;-1;;;;Pedone;M;Rifiuta cure immediate;0;NON DECEDUTO;;
3890877;18;25/06/2018 17:25:00;Strada Urbana;LARGO DI BOCCEA;in corrispondenza;;del civico n.;8;;Investimento di pedone;Rettilineo;Due carreggiate;Bagnato (pioggia);Asfaltata;Verticale ed orizzontale;Pioggia in atto;Normale;Buona;Ore Diurne;1;0;0;1;12,42691;41,90167;-1;1;Autovettura privata;In marcia / fermata / arresto;Conducente;F;Illeso;0;;;
3890926;12;25/06/2018 17:35:00;Strada Urbana;VIA DI TRIGORIA;da specificare;;;;altezza albero n. 69;Scontro frontale fra veicoli in marcia;Curva a visuale libera;Una carreggiata a doppio senso;Bagnato (pioggia);Strada pavimentata dissestata;Verticale;Pioggia in atto;Normale;Buona;Ore Diurne;0;0;0;4;12,47914;41,76995;-1;1;Autovettura privata;In marcia / fermata / arresto;Conducente;M;Illeso;0;;Utilizzato;Inesploso
3890926;12;25/06/2018 17:35:00;Strada Urbana;VIA DI TRIGORIA;da specificare;;;;altezza albero n. 69;Scontro frontale fra veicoli in marcia;Curva a visuale libera;Una carreggiata a doppio senso;Bagnato (pioggia);Strada pavimentata dissestata;Verticale;Pioggia in atto;Normale;Buona;Ore Diurne;0;0;0;4;12,47914;41,76995;-1;1;Autovettura privata;In marcia / fermata / arresto;Passeggero;M;Illeso;0;;Non accertato;Inesploso
3890926;12;25/06/2018 17:35:00;Strada Urbana;VIA DI TRIGORIA;da specificare;;;;altezza albero n. 69;Scontro frontale fra veicoli in marcia;Curva a visuale libera;Una carreggiata a doppio senso;Bagnato (pioggia);Strada pavimentata dissestata;Verticale;Pioggia in atto;Normale;Buona;Ore Diurne;0;0;0;4;12,47914;41,76995;-1;2;Autovettura privata;In marcia / fermata / arresto;Conducente;M;Illeso;0;;Utilizzato;Inesploso
3890926;12;25/06/2018 17:35:00;Strada Urbana;VIA DI TRIGORIA;da specificare;;;;altezza albero n. 69;Scontro frontale fra veicoli in marcia;Curva a visuale libera;Una carreggiata a doppio senso;Bagnato (pioggia);Strada pavimentata dissestata;Verticale;Pioggia in atto;Normale;Buona;Ore Diurne;0;0;0;4;12,47914;41,76995;-1;2;Autovettura privata;In marcia / fermata / arresto;Passeggero;F;Illeso;0;;Non accertato;Inesploso
3890960;10;25/06/2018 17:45:00;Strada Urbana;VIA RANUCCIO BIANCHI BANDINELLI;da specificare;;;;rampa discesa uscita dal GRA;Scontro frontale fra veicoli in marcia;Rettilineo;Una carreggiata a doppio senso;Bagnato (pioggia);Asfaltata;Verticale ed orizzontale;Pioggia in atto;Normale;Buona;Ore Diurne;1;0;0;1;12,58113;41,82212;-1;1;Motociclo a solo;In marcia / fermata / arresto;Conducente;M;Rimandato;0;NON DECEDUTO;Non accertato;
3890960;10;25/06/2018 17:45:00;Strada Urbana;VIA RANUCCIO BIANCHI BANDINELLI;da specificare;;;;rampa discesa uscita dal GRA;Scontro frontale fra veicoli in marcia;Rettilineo;Una carreggiata a doppio senso;Bagnato (pioggia);Asfaltata;Verticale ed orizzontale;Pioggia in atto;Normale;Buona;Ore Diurne;1;0;0;1;12,58113;41,82212;-1;2;Autovettura privata;In marcia / fermata / arresto;Conducente;M;Illeso;0;;Non accertato;Inesploso
3890993;13;25/06/2018 12:10:00;Strada Urbana;VIA DI CASTEL FUSANO;all'intersezione con;VIA AGOSTINO CHIGI;VIA AGOSTINO CHIGI;;;Scontro frontale/laterale DX fra veicoli in marcia;Incrocio;Una carreggiata a doppio senso;Asciutto;Asfaltata;Orizzontale;Sereno;Normale;Buona;Ore Diurne;0;0;0;2;12,31099;41,7478;-1;1;Autovettura privata;In marcia / fermata / arresto;Conducente;F;Illeso;0;;Non accertato;Inesploso
3890993;13;25/06/2018 12:10:00;Strada Urbana;VIA DI CASTEL FUSANO;all'intersezione con;VIA AGOSTINO CHIGI;VIA AGOSTINO CHIGI;;;Scontro frontale/laterale DX fra veicoli in marcia;Incrocio;Una carreggiata a doppio senso;Asciutto;Asfaltata;Orizzontale;Sereno;Normale;Buona;Ore Diurne;0;0;0;2;12,31099;41,7478;-1;2;Autovettura privata;In marcia / fermata / arresto;Conducente;F;Illeso;0;;Non accertato;Inesploso
3891207;6;25/06/2018 18:15:00;Strada Urbana;VIA PRENESTINA;in corrispondenza;;del civico n.;270;;Tamponamento;Rettilineo;Due carreggiate;Bagnato (pioggia);Asfaltata;Verticale ed orizzontale;Pioggia in atto;Normale;Buona;Ore Diurne;1;0;0;3;12,54737;41,89325;-1;1;Autovettura privata;In marcia / fermata / arresto;Conducente;F;Rifiuta cure immediate;0;NON DECEDUTO;;
3891207;6;25/06/2018 18:15:00;Strada Urbana;VIA PRENESTINA;in corrispondenza;;del civico n.;270;;Tamponamento;Rettilineo;Due carreggiate;Bagnato (pioggia);Asfaltata;Verticale ed orizzontale;Pioggia in atto;Normale;Buona;Ore Diurne;1;0;0;3;12,54737;41,89325;-1;2;Autovettura privata;In marcia / fermata / arresto;Conducente;F;Illeso;0;;;
3891207;6;25/06/2018 18:15:00;Strada Urbana;VIA PRENESTINA;in corrispondenza;;del civico n.;270;;Tamponamento;Rettilineo;Due carreggiate;Bagnato (pioggia);Asfaltata;Verticale ed orizzontale;Pioggia in atto;Normale;Buona;Ore Diurne;1;0;0;3;12,54737;41,89325;-1;2;Autovettura privata;In marcia / fermata / arresto;Passeggero;F;Illeso;0;;;
3891207;6;25/06/2018 18:15:00;Strada Urbana;VIA PRENESTINA;in corrispondenza;;del civico n.;270;;Tamponamento;Rettilineo;Due carreggiate;Bagnato (pioggia);Asfaltata;Verticale ed orizzontale;Pioggia in atto;Normale;Buona;Ore Diurne;1;0;0;3;12,54737;41,89325;-1;2;Autovettura privata;In marcia / fermata / arresto;Passeggero;F;Illeso;0;;;
3891210;6;25/06/2018 19:00:00;Strada Urbana;VIALE DELLA PRIMAVERA;in prossimit�;;del civico n.;91;;Scontro frontale/laterale DX fra veicoli in marcia;Rettilineo;Due carreggiate;Bagnato (umidit� in atto);Asfaltata;Verticale ed orizzontale;Nuvoloso;Normale;Buona;Ore Diurne;0;0;0;2;12,56076;41,88385;-1;1;Autovettura privata;In marcia / fermata / arresto;Conducente;M;Illeso;0;;;
3891210;6;25/06/2018 19:00:00;Strada Urbana;VIALE DELLA PRIMAVERA;in prossimit�;;del civico n.;91;;Scontro frontale/laterale DX fra veicoli in marcia;Rettilineo;Due carreggiate;Bagnato (umidit� in atto);Asfaltata;Verticale ed orizzontale;Nuvoloso;Normale;Buona;Ore Diurne;0;0;0;2;12,56076;41,88385;-1;2;Autovettura privata;In marcia / fermata / arresto;Conducente;M;Illeso;0;;;
3891211;6;25/06/2018 23:10:00;Strada Urbana;VIA PIEVEBOVIGLIANA;all'intersezione con;VIA MORROVALLE;VIA MORROVALLE;;;Scontro frontale/laterale SX fra veicoli in marcia;Intersezione stradale segnalata;Una carreggiata a doppio senso;Asciutto;Asfaltata;Verticale ed orizzontale;Sereno;Scarso;Buona;Sufficiente;1;0;0;1;12,58604;41,93981;-1;1;Autovettura privata;In marcia / fermata / arresto;Conducente;F;Rimandato;0;NON DECEDUTO;;
3891211;6;25/06/2018 23:10:00;Strada Urbana;VIA PIEVEBOVIGLIANA;all'intersezione con;VIA MORROVALLE;VIA MORROVALLE;;;Scontro frontale/laterale SX fra veicoli in marcia;Intersezione stradale segnalata;Una carreggiata a doppio senso;Asciutto;Asfaltata;Verticale ed orizzontale;Sereno;Scarso;Buona;Sufficiente;1;0;0;1;12,58604;41,93981;-1;2;Autovettura privata;In marcia / fermata / arresto;Conducente;M;Illeso;0;;;
3891215;6;26/06/2018 01:50:00;Strada Urbana;PIAZZA DEL PIGNETO;all'intersezione con;VIA CASILINA;VIA CASILINA;;;Tamponamento;Incrocio;Una carreggiata a senso unico di marcia;Asciutto;Asfaltata;Verticale ed orizzontale;Sereno;Scarso;Buona;Sufficiente;0;0;0;2;12,52277;41,88955;-1;1;Autovettura pubblica;In marcia / fermata / arresto;Conducente;M;Illeso;0;;;
3891215;6;26/06/2018 01:50:00;Strada Urbana;PIAZZA DEL PIGNETO;all'intersezione con;VIA CASILINA;VIA CASILINA;;;Tamponamento;Incrocio;Una carreggiata a senso unico di marcia;Asciutto;Asfaltata;Verticale ed orizzontale;Sereno;Scarso;Buona;Sufficiente;0;0;0;2;12,52277;41,88955;-1;2;Autovettura privata;In marcia / fermata / arresto;Conducente;M;Illeso;0;;;
3891369;9;25/06/2018 10:00:00;Strada Urbana;VIA GABI;in corrispondenza;;del civico n.;32/a;;Veicolo in marcia contro veicoli in sosta;Rettilineo;Una carreggiata a senso unico di marcia;Asciutto;Asfaltata;Verticale ed orizzontale;Sereno;Normale;Buona;Ore Diurne;0;0;0;1;12,50913;41,88146;-1;1;Autocarro superiore 35 q.;In marcia / fermata / arresto;Conducente;M;Illeso;0;;Non accertato;Inesploso
3891387;8;25/06/2018 15:30:00;Strada Urbana;VIA DI TOR VERGATA;in prossimit�;;del civico n.;34;;Tamponamento;Rettilineo;Una carreggiata a doppio senso;Bagnato (pioggia);Asfaltata;Assente;Pioggia in atto;Scarso;Buona;Ore Diurne;1;0;0;2;12,62212;41,85967;-1;1;Autovettura privata;In marcia / fermata / arresto;Conducente;M;Illeso;0;;Non accertato;Inesploso
3891387;8;25/06/2018 15:30:00;Strada Urbana;VIA DI TOR VERGATA;in prossimit�;;del civico n.;34;;Tamponamento;Rettilineo;Una carreggiata a doppio senso;Bagnato (pioggia);Asfaltata;Assente;Pioggia in atto;Scarso;Buona;Ore Diurne;1;0;0;2;12,62212;41,85967;-1;1;Autovettura privata;In marcia / fermata / arresto;Passeggero;F;Rifiuta cure immediate;0;NON DECEDUTO;Non accertato;Inesploso
3891387;8;25/06/2018 15:30:00;Strada Urbana;VIA DI TOR VERGATA;in prossimit�;;del civico n.;34;;Tamponamento;Rettilineo;Una carreggiata a doppio senso;Bagnato (pioggia);Asfaltata;Assente;Pioggia in atto;Scarso;Buona;Ore Diurne;1;0;0;2;12,62212;41,85967;-1;2;Autocarro inferiore 35 q.;In marcia / fermata / arresto;Conducente;M;Illeso;0;;Non accertato;Inesploso
3891398;13;25/06/2018 12:30:00;Strada Urbana;LUNGOMARE AMERIGO VESPUCCI;in prossimit�;;del civico n.;164;;Scontro frontale/laterale DX fra veicoli in marcia;Rettilineo;Una carreggiata a doppio senso;Asciutto;Asfaltata;Verticale ed orizzontale;Sereno;Normale;Buona;Ore Diurne;1;0;0;5;12,34244;41,70327;-1;1;Motociclo con passeggero;In marcia / fermata / arresto;Conducente;M;Rimandato;0;NON DECEDUTO;Non accertato;
3891398;13;25/06/2018 12:30:00;Strada Urbana;LUNGOMARE AMERIGO VESPUCCI;in prossimit�;;del civico n.;164;;Scontro frontale/laterale DX fra veicoli in marcia;Rettilineo;Una carreggiata a doppio senso;Asciutto;Asfaltata;Verticale ed orizzontale;Sereno;Normale;Buona;Ore Diurne;1;0;0;5;12,34244;41,70327;-1;2;Autovettura privata;In marcia / fermata / arresto;Conducente;F;Illeso;0;;Non accertato;Inesploso
3891398;13;25/06/2018 12:30:00;Strada Urbana;LUNGOMARE AMERIGO VESPUCCI;in prossimit�;;del civico n.;164;;Scontro frontale/laterale DX fra veicoli in marcia;Rettilineo;Una carreggiata a doppio senso;Asciutto;Asfaltata;Verticale ed orizzontale;Sereno;Normale;Buona;Ore Diurne;1;0;0;5;12,34244;41,70327;-1;2;Autovettura privata;In marcia / fermata / arresto;Passeggero;M;Illeso;0;;Non accertato;Inesploso
3891398;13;25/06/2018 12:30:00;Strada Urbana;LUNGOMARE AMERIGO VESPUCCI;in prossimit�;;del civico n.;164;;Scontro frontale/laterale DX fra veicoli in marcia;Rettilineo;Una carreggiata a doppio senso;Asciutto;Asfaltata;Verticale ed orizzontale;Sereno;Normale;Buona;Ore Diurne;1;0;0;5;12,34244;41,70327;-1;2;Autovettura privata;In marcia / fermata / arresto;Passeggero;M;Illeso;0;;Non accertato;Inesploso
3891398;13;25/06/2018 12:30:00;Strada Urbana;LUNGOMARE AMERIGO VESPUCCI;in prossimit�;;del civico n.;164;;Scontro frontale/laterale DX fra veicoli in marcia;Rettilineo;Una carreggiata a doppio senso;Asciutto;Asfaltata;Verticale ed orizzontale;Sereno;Normale;Buona;Ore Diurne;1;0;0;5;12,34244;41,70327;-1;2;Autovettura privata;In marcia / fermata / arresto;Passeggero;M;Illeso;0;;Non accertato;Inesploso
3891398;13;25/06/2018 12:30:00;Strada Urbana;LUNGOMARE AMERIGO VESPUCCI;in prossimit�;;del civico n.;164;;Scontro frontale/laterale DX fra veicoli in marcia;Rettilineo;Una carreggiata a doppio senso;Asciutto;Asfaltata;Verticale ed orizzontale;Sereno;Normale;Buona;Ore Diurne;1;0;0;5;12,34244;41,70327;-1;2;Autovettura privata;In marcia / fermata / arresto;Passeggero;M;Illeso;0;;Non accertato;Inesploso
3891399;8;25/06/2018 13:45:00;Strada Urbana;VIA COLLATINA;all'intersezione con;VIA ENRICO FORLANINI;VIA ENRICO FORLANINI;;;Veicolo in marcia contro ostacolo accidentale;Rotatoria;Due carreggiate;Asciutto;Asfaltata;Verticale ed orizzontale;Sereno;Normale;Buona;Ore Diurne;0;0;0;1;12,6108;41,90587;-1;1;Autovettura privata;In marcia / fermata / arresto;Conducente;M;Illeso;0;;Non accertato;Inesploso
3891406;8;25/06/2018 15:00:00;Strada Urbana;VIA COLLATINA;da specificare;;;;prossimit� via Forlanini;Veicolo in marcia contro ostacolo accidentale;Rotatoria;Due carreggiate;Asciutto;Asfaltata;Verticale ed orizzontale;Sereno;Normale;Buona;Ore Diurne;0;0;0;1;12,6108;41,90587;-1;1;Autovettura privata;In marcia / fermata / arresto;Conducente;M;Illeso;0;;Non accertato;Inesploso
3891407;13;25/06/2018 12:35:00;Strada Urbana;PIAZZA ALBERTO ALESSIO;in corrispondenza;;del civico n.;9;;Scontro frontale/laterale DX fra veicoli in marcia;Rettilineo;Una carreggiata a doppio senso;Asciutto;Asfaltata;Verticale;Sereno;Scarso;Buona;Ore Diurne;0;0;0;3;12,29455;41,72967;-1;1;Autovettura privata;In marcia / fermata / arresto;Conducente;M;Illeso;0;;Non accertato;Inesploso
3891407;13;25/06/2018 12:35:00;Strada Urbana;PIAZZA ALBERTO ALESSIO;in corrispondenza;;del civico n.;9;;Scontro frontale/laterale DX fra veicoli in marcia;Rettilineo;Una carreggiata a doppio senso;Asciutto;Asfaltata;Verticale;Sereno;Scarso;Buona;Ore Diurne;0;0;0;3;12,29455;41,72967;-1;2;Autovettura privata;In marcia / fermata / arresto;Conducente;F;Illeso;0;;Non accertato;Inesploso
3891407;13;25/06/2018 12:35:00;Strada Urbana;PIAZZA ALBERTO ALESSIO;in corrispondenza;;del civico n.;9;;Scontro frontale/laterale DX fra veicoli in marcia;Rettilineo;Una carreggiata a doppio senso;Asciutto;Asfaltata;Verticale;Sereno;Scarso;Buona;Ore Diurne;0;0;0;3;12,29455;41,72967;-1;2;Autovettura privata;In marcia / fermata / arresto;Passeggero;F;Illeso;0;;;
3891410;8;25/06/2018 17:30:00;Strada Urbana;VIA MEZZOIUSO;in prossimit�;;del civico n.;10;;Scontro frontale fra veicoli in marcia;Curva a visuale libera;Una carreggiata a doppio senso;Bagnato (pioggia);Asfaltata;Verticale;Pioggia in atto;Normale;Buona;Ore Diurne;1;0;0;2;12,67524;41,86488;-1;1;Autovettura privata;In marcia / fermata / arresto;Conducente;M;Illeso;0;;Non accertato;Inesploso
3891410;8;25/06/2018 17:30:00;Strada Urbana;VIA MEZZOIUSO;in prossimit�;;del civico n.;10;;Scontro frontale fra veicoli in marcia;Curva a visuale libera;Una carreggiata a doppio senso;Bagnato (pioggia);Asfaltata;Verticale;Pioggia in atto;Normale;Buona;Ore Diurne;1;0;0;2;12,67524;41,86488;-1;1;Autovettura privata;In marcia / fermata / arresto;Passeggero;M;Illeso;0;;Non accertato;Inesploso
3891410;8;25/06/2018 17:30:00;Strada Urbana;VIA MEZZOIUSO;in prossimit�;;del civico n.;10;;Scontro frontale fra veicoli in marcia;Curva a visuale libera;Una carreggiata a doppio senso;Bagnato (pioggia);Asfaltata;Verticale;Pioggia in atto;Normale;Buona;Ore Diurne;1;0;0;2;12,67524;41,86488;-1;2;Motociclo a solo;In marcia / fermata / arresto;Conducente;M;Rifiuta cure immediate;0;NON DECEDUTO;;
3891437;12;25/06/2018 11:00:00;Strada Urbana;VIALE DELL'OCEANO ATLANTICO;da specificare;;;;altezza VIA RHODESIA dir. PIAZZA VITA FINZI;Tamponamento Multiplo;Rettilineo;Due carreggiate;Asciutto;Asfaltata;Verticale ed orizzontale;Sereno;Intenso;Buona;Ore Diurne;3;0;0;1;12,47056;41,82002;-1;1;Autovettura privata;In marcia / fermata / arresto;Conducente;M;Illeso;0;;Non accertato;Inesploso
3891437;12;25/06/2018 11:00:00;Strada Urbana;VIALE DELL'OCEANO ATLANTICO;da specificare;;;;altezza VIA RHODESIA dir. PIAZZA VITA FINZI;Tamponamento Multiplo;Rettilineo;Due carreggiate;Asciutto;Asfaltata;Verticale ed orizzontale;Sereno;Intenso;Buona;Ore Diurne;3;0;0;1;12,47056;41,82002;-1;2;Autovettura privata;In marcia / fermata / arresto;Conducente;M;Rimandato;0;NON DECEDUTO;;
3891437;12;25/06/2018 11:00:00;Strada Urbana;VIALE DELL'OCEANO ATLANTICO;da specificare;;;;altezza VIA RHODESIA dir. PIAZZA VITA FINZI;Tamponamento Multiplo;Rettilineo;Due carreggiate;Asciutto;Asfaltata;Verticale ed orizzontale;Sereno;Intenso;Buona;Ore Diurne;3;0;0;1;12,47056;41,82002;-1;3;Autovettura privata;In marcia / fermata / arresto;Conducente;F;Rimandato;0;NON DECEDUTO;Non accertato;Inesploso
3891437;12;25/06/2018 11:00:00;Strada Urbana;VIALE DELL'OCEANO ATLANTICO;da specificare;;;;altezza VIA RHODESIA dir. PIAZZA VITA FINZI;Tamponamento Multiplo;Rettilineo;Due carreggiate;Asciutto;Asfaltata;Verticale ed orizzontale;Sereno;Intenso;Buona;Ore Diurne;3;0;0;1;12,47056;41,82002;-1;3;Autovettura privata;In marcia / fermata / arresto;Passeggero;F;Rimandato;0;NON DECEDUTO;Non accertato;Inesploso
3891452;20;25/06/2018 11:30:00;Strada Urbana;VIA DI BACCANELLO;in corrispondenza;;del civico n.;338C;;Veicolo in marcia contro veicolo fermo;Rettilineo;Una carreggiata a doppio senso;Asciutto;Asfaltata;Assente;Sereno;Scarso;Buona;Ore Diurne;0;0;0;3;12,33633;42,06894;-1;1;Autovettura privata;In marcia / fermata / arresto;Conducente;M;Illeso;0;;Non accertato;
3891452;20;25/06/2018 11:30:00;Strada Urbana;VIA DI BACCANELLO;in corrispondenza;;del civico n.;338C;;Veicolo in marcia contro veicolo fermo;Rettilineo;Una carreggiata a doppio senso;Asciutto;Asfaltata;Assente;Sereno;Scarso;Buona;Ore Diurne;0;0;0;3;12,33633;42,06894;-1;2;Autovettura privata;In marcia / fermata / arresto;Conducente;M;Illeso;0;;Non accertato;
3891452;20;25/06/2018 11:30:00;Strada Urbana;VIA DI BACCANELLO;in corrispondenza;;del civico n.;338C;;Veicolo in marcia contro veicolo fermo;Rettilineo;Una carreggiata a doppio senso;Asciutto;Asfaltata;Assente;Sereno;Scarso;Buona;Ore Diurne;0;0;0;3;12,33633;42,06894;-1;2;Autovettura privata;In marcia / fermata / arresto;Passeggero;F;Illeso;0;;Non accertato;