Protocollo;Gruppo;DataOraIncidente;Localizzazione1;STRADA1;Localizzazione2;STRADA2;Strada02;Chilometrica;DaSpecificare;NaturaIncidente;particolaritastrade;TipoStrada;FondoStradale;Pavimentazione;Segnaletica;CondizioneAtmosferica;Traffico;Visibilita;Illuminazione;NUM_FERITI;NUM_RISERVATA;NUM_MORTI;NUM_ILLESI;Longitudine;Latitudine;Confermato;Progressivo;TipoVeicolo;StatoVeicolo;TipoPersona;Sesso;Tipolesione;Deceduto;DecedutoDopo;CinturaCascoUtilizzato;Airbag
3891455;20;25/06/2018 11:00:00;Strada Urbana;VIA CASSIA;in prossimit�;;del civico n.;548;;Scontro laterale fra veicoli in marcia;Curva a visuale libera;Una carreggiata a doppio senso;Asciutto;Asfaltata;Verticale ed orizzontale;Sereno;Normale;Buona;Ore Diurne;1;0;0;2;12,45174;41,9606;-1;1;Autocarro inferiore 35 q.;In marcia / fermata / arresto;Conducente;M;Illeso;0;;Non accertato;Inesploso
3891455;20;25/06/2018 11:00:00;Strada Urbana;VIA CASSIA;in prossimit�;;del civico n.;548;;Scontro laterale fra veicoli in marcia;Curva a visuale libera;Una carreggiata a doppio senso;Asciutto;Asfaltata;Verticale ed orizzontale;Sereno;Normale;Buona;Ore Diurne;1;0;0;2;12,45174;41,9606;-1;1;Autocarro inferiore 35 q.;In marcia / fermata / arresto;Passeggero;M;Illeso;0;;Non accertato;Inesploso
3891455;20;25/06/2018 11:00:00;Strada Urbana;VIA CASSIA;in prossimit�;;del civico n.;548;;Scontro laterale fra veicoli in marcia;Curva a visuale libera;Una carreggiata a doppio senso;Asciutto;Asfaltata;Verticale ed orizzontale;Sereno;Normale;Buona;Ore Diurne;1;0;0;2;12,45174;41,9606;-1;2;Ciclomotore;In marcia / fermata / arresto;Conducente;M;Rimandato;0;NON DECEDUTO;Non accertato;
3891457;15;25/06/2018 20:20:00;Strada Urbana;VIA PORTUENSE;da specificare;;;;fronte civico 882;Scontro laterale fra veicoli in marcia;Rettilineo;Una carreggiata a doppio senso;Bagnato (pioggia);Asfaltata;Orizzontale;Nuvoloso;Scarso;Buona;Ore Diurne;0;0;0;2;12,41402;41,84696;-1;1;Autovettura privata;In marcia / fermata / arresto;Conducente;M;Illeso;0;;Utilizzato;
3891457;15;25/06/2018 20:20:00;Strada Urbana;VIA PORTUENSE;da specificare;;;;fronte civico 882;Scontro laterale fra veicoli in marcia;Rettilineo;Una carreggiata a doppio senso;Bagnato (pioggia);Asfaltata;Orizzontale;Nuvoloso;Scarso;Buona;Ore Diurne;0;0;0;2;12,41402;41,84696;-1;1;Autovettura privata;In marcia / fermata / arresto;Passeggero;F;Illeso;0;;Utilizzato;
3891467;10;25/06/2018 19:20:00;Strada Urbana;VIA TUSCOLANA;da specificare;;;;direzione Roma centro altezza cavalcavia G.R.A.;Fuoriuscita dalla sede stradale;Curva senza visuale libera;Una carreggiata a senso unico di marcia;Bagnato (pioggia);Asfaltata;Orizzontale;Pioggia in atto;Normale;Sufficiente;Ore Diurne;0;0;0;2;12,59189;41,83964;-1;1;Autovettura privata;In marcia / fermata / arresto;Conducente;M;Illeso;0;;Non accertato;Inesploso
3891467;10;25/06/2018 19:20:00;Strada Urbana;VIA TUSCOLANA;da specificare;;;;direzione Roma centro altezza cavalcavia G.R.A.;Fuoriuscita dalla sede stradale;Curva senza visuale libera;Una carreggiata a senso unico di marcia;Bagnato (pioggia);Asfaltata;Orizzontale;Pioggia in atto;Normale;Sufficiente;Ore Diurne;0;0;0;2;12,59189;41,83964;-1;1;Autovettura privata;In marcia / fermata / arresto;Passeggero;F;Illeso;0;;Non accertato;Inesploso
3891481;20;25/06/2018 15:30:00;Strada Urbana;VIA DELLA GIUSTINIANA;in prossimit�;;del civico n.;630;;Fuoriuscita dalla sede stradale;Curva senza visuale libera;Una carreggiata a doppio senso;Bagnato (pioggia);Asfaltata;Verticale;Nuvoloso;Scarso;Buona;Ore Diurne;0;0;0;1;12,44977;41,99475;-1;1;Autovettura privata;In marcia / fermata / arresto;Conducente;M;Illeso;0;;Non accertato;Inesploso
3891482;20;25/06/2018 12:10:00;Strada Urbana;VIA LUMEZZANE;in corrispondenza;;del civico n.;18;;Veicolo in marcia contro veicolo in sosta;Rettilineo;Una carreggiata a doppio senso;Asciutto;Asfaltata;Orizzontale;Nuvoloso;Scarso;Buona;Ore Diurne;0;0;0;2;12,46771;42,02213;-1;1;Autovettura privata;In marcia / fermata / arresto;Conducente;M;Illeso;0;;Non accertato;
3891482;20;25/06/2018 12:10:00;Strada Urbana;VIA LUMEZZANE;in corrispondenza;;del civico n.;18;;Veicolo in marcia contro veicolo in sosta;Rettilineo;Una carreggiata a doppio senso;Asciutto;Asfaltata;Orizzontale;Nuvoloso;Scarso;Buona;Ore Diurne;0;0;0;2;12,46771;42,02213;-1;1;Autovettura privata;In marcia / fermata / arresto;Passeggero;F;Illeso;0;;Non accertato;
3891484;11;25/06/2018 08:00:00;Strada Urbana;VIA DEL SERAFICO;in corrispondenza;;del palo luce n.;38;;Infortunio per caduta del veicolo;Rettilineo;Due carreggiate;Asciutto;Asfaltata;Verticale;Sereno;Normale;Buona;Ore Diurne;1;0;0;1;12,48848;41,83051;-1;1;Autovettura privata;In marcia / fermata / arresto;Conducente;F;Illeso;0;;Non accertato;
3891484;11;25/06/2018 08:00:00;Strada Urbana;VIA DEL SERAFICO;in corrispondenza;;del palo luce n.;38;;Infortunio per caduta del veicolo;Rettilineo;Due carreggiate;Asciutto;Asfaltata;Verticale;Sereno;Normale;Buona;Ore Diurne;1;0;0;1;12,48848;41,83051;-1;2;Motociclo a solo;In marcia / fermata / arresto;Conducente;F;Rimandato;0;NON DECEDUTO;Non accertato;
3891488;11;25/06/2018 08:50:00;Strada Urbana;VIALE GIUSTINIANO IMPERATORE;in prossimit�;;del civico n.;140;;Scontro frontale/laterale SX fra veicoli in marcia;Rettilineo;Una carreggiata a senso unico di marcia;Asciutto;Asfaltata;Verticale ed orizzontale;Sereno;Normale;Buona;Ore Diurne;1;0;0;1;;;0;1;Autovettura privata;In marcia / fermata / arresto;Conducente;F;Illeso;0;;Non accertato;
3891488;11;25/06/2018 08:50:00;Strada Urbana;VIALE GIUSTINIANO IMPERATORE;in prossimit�;;del civico n.;140;;Scontro frontale/laterale SX fra veicoli in marcia;Rettilineo;Una carreggiata a senso unico di marcia;Asciutto;Asfaltata;Verticale ed orizzontale;Sereno;Normale;Buona;Ore Diurne;1;0;0;1;;;0;2;Motociclo a solo;In marcia / fermata / arresto;Conducente;M;Ricoverato;0;NON DECEDUTO;Non accertato;
3891492;20;25/06/2018 13:50:00;Strada Urbana;VIA DI VIGNA STELLUTI;da specificare;;;;prossimit� Largo G. Belloni;Scontro laterale fra veicoli in marcia;Rettilineo;Una carreggiata a doppio senso;Asciutto;Asfaltata;Verticale ed orizzontale;Nuvoloso;Normale;Buona;Ore Diurne;0;0;0;2;12,46644;41,94752;-1;1;Autovettura privata;In marcia / fermata / arresto;Conducente;M;Illeso;0;;Non accertato;Inesploso
3891492;20;25/06/2018 13:50:00;Strada Urbana;VIA DI VIGNA STELLUTI;da specificare;;;;prossimit� Largo G. Belloni;Scontro laterale fra veicoli in marcia;Rettilineo;Una carreggiata a doppio senso;Asciutto;Asfaltata;Verticale ed orizzontale;Nuvoloso;Normale;Buona;Ore Diurne;0;0;0;2;12,46644;41,94752;-1;2;Autocarro inferiore 35 q.;In marcia / fermata / arresto;Conducente;M;Illeso;0;;Non accertato;Inesploso
3891516;20;25/06/2018 14:15:00;Strada Urbana;VIA DEL FORO ITALICO;da specificare;;;;dir. Pineta Sacchetti pros. svin. V.le Tor di Quin;Infortunio per sola frenata improvvisa;Rettilineo;Due carreggiate;Bagnato (pioggia);Asfaltata;Verticale ed orizzontale;Pioggia in atto;Normale;Sufficiente;Ore Diurne;0;0;0;1;12,48375;41,93991;-1;1;Motociclo a solo;In marcia / fermata / arresto;Conducente;M;Illeso;0;;Non accertato;
3891524;11;25/06/2018 16:30:00;Strada Urbana;VIA DI FIORANELLO;in prossimit�;;del civico n.;179;;Scontro laterale fra veicoli in marcia;Rettilineo;Una carreggiata a doppio senso;Asciutto;Asfaltata;Orizzontale;Nuvoloso;Intenso;Buona;Ore Diurne;1;0;0;1;12,53917;41,79339;-1;1;Motociclo a solo;In marcia / fermata / arresto;Conducente;M;Rimandato;0;NON DECEDUTO;Non accertato;
3891524;11;25/06/2018 16:30:00;Strada Urbana;VIA DI FIORANELLO;in prossimit�;;del civico n.;179;;Scontro laterale fra veicoli in marcia;Rettilineo;Una carreggiata a doppio senso;Asciutto;Asfaltata;Orizzontale;Nuvoloso;Intenso;Buona;Ore Diurne;1;0;0;1;12,53917;41,79339;-1;2;Autovettura privata;In marcia / fermata / arresto;Conducente;F;Illeso;0;;Non accertato;
3891541;12;25/06/2018 18:00:00;Strada Urbana;VIA DEL TRULLO;da specificare;;;;in direzione VIADOTTO MAGLIANA;Scontro laterale fra veicoli in marcia;Rettilineo;Una carreggiata a doppio senso;Asciutto;Asfaltata;Verticale ed orizzontale;Sereno;Normale;Buona;Ore Diurne;0;0;0;2;12,43679;41,84304;-1;1;Autovettura privata;In marcia / fermata / arresto;Conducente;M;Illeso;0;;;
3891541;12;25/06/2018 18:00:00;Strada Urbana;VIA DEL TRULLO;da specificare;;;;in direzione VIADOTTO MAGLIANA;Scontro laterale fra veicoli in marcia;Rettilineo;Una carreggiata a doppio senso;Asciutto;Asfaltata;Verticale ed orizzontale;Sereno;Normale;Buona;Ore Diurne;0;0;0;2;12,43679;41,84304;-1;2;Autobus di linea;In marcia / fermata / arresto;Conducente;M;Illeso;0;;Utilizzato;Inesploso
3891553;11;25/06/2018 10:20:00;Strada Urbana;VIA DI GROTTA PERFETTA;in prossimit�;;del civico n.;541;;Scontro laterale fra veicoli in marcia;Rettilineo;Una carreggiata a doppio senso;Asciutto;Asfaltata;Verticale ed orizzontale;Sereno;Normale;Buona;Ore Diurne;1;0;0;2;12,50839;41,83773;-1;1;Autovettura privata;In marcia / fermata / arresto;Conducente;F;Illeso;0;;Non accertato;
3891553;11;25/06/2018 10:20:00;Strada Urbana;VIA DI GROTTA PERFETTA;in prossimit�;;del civico n.;541;;Scontro laterale fra veicoli in marcia;Rettilineo;Una carreggiata a doppio senso;Asciutto;Asfaltata;Verticale ed orizzontale;Sereno;Normale;Buona;Ore Diurne;1;0;0;2;12,50839;41,83773;-1;1;Autovettura privata;In marcia / fermata / arresto;Passeggero;M;Illeso;0;;Non accertato;
3891553;11;25/06/2018 10:20:00;Strada Urbana;VIA DI GROTTA PERFETTA;in prossimit�;;del civico n.;541;;Scontro laterale fra veicoli in marcia;Rettilineo;Una carreggiata a doppio senso;Asciutto;Asfaltata;Verticale ed orizzontale;Sereno;Normale;Buona;Ore Diurne;1;0;0;2;12,50839;41,83773;-1;2;Motociclo a solo;In marcia / fermata / arresto;Conducente;M;Rimandato;0;NON DECEDUTO;Non accertato;
3891556;4;25/06/2018 11:20:00;Strada Urbana;VIA DELLE ISOLE CURZOLANE;in corrispondenza;;del civico n.;18;;Scontro laterale fra veicoli in marcia;Rettilineo;Due carreggiate;Asciutto;Asfaltata;Assente;Sereno;Normale;Buona;Ore Diurne;0;0;0;3;12,53616;41,9479;-1;1;Autovettura privata;In marcia / fermata / arresto;Conducente;F;Illeso;0;;Non accertato;
3891556;4;25/06/2018 11:20:00;Strada Urbana;VIA DELLE ISOLE CURZOLANE;in corrispondenza;;del civico n.;18;;Scontro laterale fra veicoli in marcia;Rettilineo;Due carreggiate;Asciutto;Asfaltata;Assente;Sereno;Normale;Buona;Ore Diurne;0;0;0;3;12,53616;41,9479;-1;2;Motociclo a solo;In marcia / fermata / arresto;Conducente;M;Illeso;0;;Non accertato;
3891556;4;25/06/2018 11:20:00;Strada Urbana;VIA DELLE ISOLE CURZOLANE;in corrispondenza;;del civico n.;18;;Scontro laterale fra veicoli in marcia;Rettilineo;Due carreggiate;Asciutto;Asfaltata;Assente;Sereno;Normale;Buona;Ore Diurne;0;0;0;3;12,53616;41,9479;-1;2;Motociclo a solo;In marcia / fermata / arresto;Passeggero;F;Illeso;0;;Non accertato;
3891560;4;25/06/2018 09:30:00;Provinciale entro l'abitato;VIA NOMENTANA;in prossimit�;;del civico n.;543/545;;Tamponamento Multiplo;Rettilineo;Due carreggiate;Asciutto;Asfaltata;Verticale ed orizzontale;Sereno;Normale;Buona;Ore Diurne;0;0;0;4;12,52747;41,93152;-1;1;Autovettura privata;In marcia / fermata / arresto;Conducente;F;Illeso;0;;Non accertato;Inesploso
3891560;4;25/06/2018 09:30:00;Provinciale entro l'abitato;VIA NOMENTANA;in prossimit�;;del civico n.;543/545;;Tamponamento Multiplo;Rettilineo;Due carreggiate;Asciutto;Asfaltata;Verticale ed orizzontale;Sereno;Normale;Buona;Ore Diurne;0;0;0;4;12,52747;41,93152;-1;2;Autovettura privata;In marcia / fermata / arresto;Conducente;M;Illeso;0;;Non accertato;Inesploso
3891560;4;25/06/2018 09:30:00;Provinciale entro l'abitato;VIA NOMENTANA;in prossimit�;;del civico n.;543/545;;Tamponamento Multiplo;Rettilineo;Due carreggiate;Asciutto;Asfaltata;Verticale ed orizzontale;Sereno;Normale;Buona;Ore Diurne;0;0;0;4;12,52747;41,93152;-1;2;Autovettura privata;In marcia / fermata / arresto;Passeggero;F;Illeso;0;;Non accertato;Inesploso
3891560;4;25/06/2018 09:30:00;Provinciale entro l'abitato;VIA NOMENTANA;in prossimit�;;del civico n.;543/545;;Tamponamento Multiplo;Rettilineo;Due carreggiate;Asciutto;Asfaltata;Verticale ed orizzontale;Sereno;Normale;Buona;Ore Diurne;0;0;0;4;12,52747;41,93152;-1;3;Autovettura privata;In marcia / fermata / arresto;Conducente;F;Illeso;0;;Non accertato;Inesploso
3891563;1;25/06/2018 23:00:00;Strada Urbana;VIALE MANZONI;all'intersezione con;VIA EMANUELE FILIBERTO;VIA EMANUELE FILIBERTO;;;Scontro laterale fra veicoli in marcia;Incrocio;Una carreggiata a senso unico di marcia;Bagnato (pioggia);Asfaltata;Assente;Sereno;Intenso;Buona;Ore Diurne;0;0;0;2;12,50788;41,89131;-1;1;Autovettura privata;In marcia / fermata / arresto;Conducente;F;Illeso;0;;;
3891563;1;25/06/2018 23:00:00;Strada Urbana;VIALE MANZONI;all'intersezione con;VIA EMANUELE FILIBERTO;VIA EMANUELE FILIBERTO;;;Scontro laterale fra veicoli in marcia;Incrocio;Una carreggiata a senso unico di marcia;Bagnato (pioggia);Asfaltata;Assente;Sereno;Intenso;Buona;Ore Diurne;0;0;0;2;12,50788;41,89131;-1;2;Autovettura privata;In marcia / fermata / arresto;Conducente;M;Illeso;0;;;
3891565;17;25/06/2018 17:55:00;Strada Urbana;LUNGOTEVERE DELLE ARMI;in corrispondenza;;del civico n.;27;;Scontro frontale/laterale SX fra veicoli in marcia;Rettilineo;Una carreggiata a senso unico di marcia;Asciutto;Asfaltata;Verticale ed orizzontale;Nuvoloso;Normale;Buona;Ore Diurne;0;0;0;4;12,46935;41,91771;-1;1;Autovettura privata;In marcia / fermata / arresto;Conducente;M;Illeso;0;;;
3891565;17;25/06/2018 17:55:00;Strada Urbana;LUNGOTEVERE DELLE ARMI;in corrispondenza;;del civico n.;27;;Scontro frontale/laterale SX fra veicoli in marcia;Rettilineo;Una carreggiata a senso unico di marcia;Asciutto;Asfaltata;Verticale ed orizzontale;Nuvoloso;Normale;Buona;Ore Diurne;0;0;0;4;12,46935;41,91771;-1;1;Autovettura privata;In marcia / fermata / arresto;Passeggero;F;Illeso;0;;;
3891565;17;25/06/2018 17:55:00;Strada Urbana;LUNGOTEVERE DELLE ARMI;in corrispondenza;;del civico n.;27;;Scontro frontale/laterale SX fra veicoli in marcia;Rettilineo;Una carreggiata a senso unico di marcia;Asciutto;Asfaltata;Verticale ed orizzontale;Nuvoloso;Normale;Buona;Ore Diurne;0;0;0;4;12,46935;41,91771;-1;1;Autovettura privata;In marcia / fermata / arresto;Passeggero;M;Illeso;0;;;
3891565;17;25/06/2018 17:55:00;Strada Urbana;LUNGOTEVERE DELLE ARMI;in corrispondenza;;del civico n.;27;;Scontro frontale/laterale SX fra veicoli in marcia;Rettilineo;Una carreggiata a senso unico di marcia;Asciutto;Asfaltata;Verticale ed orizzontale;Nuvoloso;Normale;Buona;Ore Diurne;0;0;0;4;12,46935;41,91771;-1;2;Autovettura privata;In marcia / fermata / arresto;Conducente;M;Illeso;0;;;
3891572;16;25/06/2018 16:40:00;;VIALE DI VILLA PAMPHILI;in prossimit�;;del civico n.;37 D;;Scontro laterale fra veicoli in marcia;;;;;;;;;;0;0;0;3;12,45665;41,88124;0;1;Autovettura privata;In marcia / fermata / arresto;Conducente;M;Illeso;0;;;
3891572;16;25/06/2018 16:40:00;;VIALE DI VILLA PAMPHILI;in prossimit�;;del civico n.;37 D;;Scontro laterale fra veicoli in marcia;;;;;;;;;;0;0;0;3;12,45665;41,88124;0;2;Autovettura privata;In marcia / fermata / arresto;Conducente;M;Illeso;0;;;
3891572;16;25/06/2018 16:40:00;;VIALE DI VILLA PAMPHILI;in prossimit�;;del civico n.;37 D;;Scontro laterale fra veicoli in marcia;;;;;;;;;;0;0;0;3;12,45665;41,88124;0;2;Autovettura privata;In marcia / fermata / arresto;Passeggero;F;Illeso;0;;;
3891577;11;25/06/2018 14:10:00;Strada Urbana;VIALE ALDO BALLARIN;in prossimit�;;del civico n.;158;;Veicolo in marcia contro ostacolo accidentale;Curva senza visuale libera;Una carreggiata a doppio senso;Asciutto;Asfaltata;Verticale ed orizzontale;Nuvoloso;Normale;Buona;Ore Diurne;0;0;0;1;12,49703;41,83456;-1;1;Autocarro inferiore 35 q.;In marcia / fermata / arresto;Conducente;M;Illeso;0;;;
3891591;11;25/06/2018 13:10:00;Strada Urbana;VIA CRISTOFORO COLOMBO;da specificare;;;;altezza piazza elio rufino;Veicolo in marcia contro veicolo arresto;Rettilineo;Pi� di due carreggiate;Asciutto;Asfaltata;Verticale ed orizzontale;Sereno;Normale;Buona;Ore Diurne;0;0;0;2;12,49657;41,85846;-1;1;Autovettura privata;In marcia / fermata / arresto;Conducente;F;Illeso;0;;;
3891591;11;25/06/2018 13:10:00;Strada Urbana;VIA CRISTOFORO COLOMBO;da specificare;;;;altezza piazza elio rufino;Veicolo in marcia contro veicolo arresto;Rettilineo;Pi� di due carreggiate;Asciutto;Asfaltata;Verticale ed orizzontale;Sereno;Normale;Buona;Ore Diurne;0;0;0;2;12,49657;41,85846;-1;2;Autocarro superiore 35 q.;In marcia / fermata / arresto;Conducente;M;Illeso;0;;;
3891598;4;25/06/2018 15:20:00;Strada Urbana;VIA CAMERATA PICENA;da specificare;;;;prossimit� via PALMIANO;Scontro frontale/laterale DX fra veicoli in marcia;Curva senza visuale libera;Una carreggiata a doppio senso;Bagnato (umidit� in atto);Asfaltata;Verticale ed orizzontale;Pioggia in atto;Normale;Buona;Ore Diurne;2;0;0;1;12,5159;41,98588;-1;1;Autovettura privata;In marcia / fermata / arresto;Conducente;M;Illeso;0;;;
3891598;4;25/06/2018 15:20:00;Strada Urbana;VIA CAMERATA PICENA;da specificare;;;;prossimit� via PALMIANO;Scontro frontale/laterale DX fra veicoli in marcia;Curva senza visuale libera;Una carreggiata a doppio senso;Bagnato (umidit� in atto);Asfaltata;Verticale ed orizzontale;Pioggia in atto;Normale;Buona;Ore Diurne;2;0;0;1;12,5159;41,98588;-1;1;Autovettura privata;In marcia / fermata / arresto;Passeggero;M;Rimandato;0;NON DECEDUTO;;
3891598;4;25/06/2018 15:20:00;Strada Urbana;VIA CAMERATA PICENA;da specificare;;;;prossimit� via PALMIANO;Scontro frontale/laterale DX fra veicoli in marcia;Curva senza visuale libera;Una carreggiata a doppio senso;Bagnato (umidit� in atto);Asfaltata;Verticale ed orizzontale;Pioggia in atto;Normale;Buona;Ore Diurne;2;0;0;1;12,5159;41,98588;-1;2;Autovettura privata;In marcia / fermata / arresto;Conducente;M;Rimandato;0;NON DECEDUTO;;
3891599;11;25/06/2018 20:30:00;Strada Urbana;VIA DEL GAZOMETRO;all'intersezione con;VIA CABOTO;VIA CABOTO;;;Scontro frontale fra veicoli in marcia;Intersezione stradale segnalata;Una carreggiata a doppio senso;Bagnato (umidit� in atto);Asfaltata;Verticale;Nuvoloso;Normale;Buona;Sufficiente;1;0;0;4;12,47927;41,87105;-1;1;Autovettura privata;In marcia / fermata / arresto;Conducente;M;Illeso;0;;Non accertato;
3891599;11;25/06/2018 20:30:00;Strada Urbana;VIA DEL GAZOMETRO;all'intersezione con;VIA CABOTO;VIA CABOTO;;;Scontro frontale fra veicoli in marcia;Intersezione stradale segnalata;Una carreggiata a doppio senso;Bagnato (umidit� in atto);Asfaltata;Verticale;Nuvoloso;Normale;Buona;Sufficiente;1;0;0;4;12,47927;41,87105;-1;1;Autovettura privata;In marcia / fermata / arresto;Passeggero;F;Illeso;0;;Non accertato;
3891599;11;25/06/2018 20:30:00;Strada Urbana;VIA DEL GAZOMETRO;all'intersezione con;VIA CABOTO;VIA CABOTO;;;Scontro frontale fra veicoli in marcia;Intersezione stradale segnalata;Una carreggiata a doppio senso;Bagnato (umidit� in atto);Asfaltata;Verticale;Nuvoloso;Normale;Buona;Sufficiente;1;0;0;4;12,47927;41,87105;-1;1;Autovettura privata;In marcia / fermata / arresto;Passeggero;F;Illeso;0;;Non accertato;
3891599;11;25/06/2018 20:30:00;Strada Urbana;VIA DEL GAZOMETRO;all'intersezione con;VIA CABOTO;VIA CABOTO;;;Scontro frontale fra veicoli in marcia;Intersezione stradale segnalata;Una carreggiata a doppio senso;Bagnato (umidit� in atto);Asfaltata;Verticale;Nuvoloso;Normale;Buona;Sufficiente;1;0;0;4;12,47927;41,87105;-1;1;Autovettura privata;In marcia / fermata / arresto;Passeggero;F;Illeso;0;;Non accertato;
3891599;11;25/06/2018 20:30:00;Strada Urbana;VIA DEL GAZOMETRO;all'intersezione con;VIA CABOTO;VIA CABOTO;;;Scontro frontale fra veicoli in marcia;Intersezione stradale segnalata;Una carreggiata a doppio senso;Bagnato (umidit� in atto);Asfaltata;Verticale;Nuvoloso;Normale;Buona;Sufficiente;1;0;0;4;12,47927;41,87105;-1;2;Motociclo a solo;In marcia / fermata / arresto;Conducente;F;Rimandato;0;NON DECEDUTO;Non accertato;
3891604;11;25/06/2018 19:00:00;Strada Urbana;VIA DI FIORANELLO;da specificare;;;;100 metri prima del civ. 61 direzione Ciampino;Fuoriuscita dalla sede stradale;Curva a visuale libera;Una carreggiata a doppio senso;Bagnato (pioggia);Asfaltata;Orizzontale;Pioggia in atto;Scarso;Sufficiente;Ore Diurne;0;0;0;3;12,54487;41,79024;-1;1;Autocarro inferiore 35 q.;In marcia / fermata / arresto;Conducente;M;Illeso;0;;;
3891604;11;25/06/2018 19:00:00;Strada Urbana;VIA DI FIORANELLO;da specificare;;;;100 metri prima del civ. 61 direzione Ciampino;Fuoriuscita dalla sede stradale;Curva a visuale libera;Una carreggiata a doppio senso;Bagnato (pioggia);Asfaltata;Orizzontale;Pioggia in atto;Scarso;Sufficiente;Ore Diurne;0;0;0;3;12,54487;41,79024;-1;1;Autocarro inferiore 35 q.;In marcia / fermata / arresto;Passeggero;F;Illeso;0;;;
3891604;11;25/06/2018 19:00:00;Strada Urbana;VIA DI FIORANELLO;da specificare;;;;100 metri prima del civ. 61 direzione Ciampino;Fuoriuscita dalla sede stradale;Curva a visuale libera;Una carreggiata a doppio senso;Bagnato (pioggia);Asfaltata;Orizzontale;Pioggia in atto;Scarso;Sufficiente;Ore Diurne;0;0;0;3;12,54487;41,79024;-1;1;Autocarro inferiore 35 q.;In marcia / fermata / arresto;Passeggero;F;Illeso;0;;;
3891613;4;25/06/2018 16:35:00;Strada Urbana;VIA GIUSEPPE PRINA;in prossimit�;;del civico n.;2;;Scontro laterale fra veicoli in marcia;Rettilineo;Una carreggiata a doppio senso;Bagnato (pioggia);Asfaltata;Verticale ed orizzontale;Nuvoloso;Normale;Buona;Ore Diurne;0;0;0;4;12,52335;41,95781;-1;1;Autovettura privata;In marcia / fermata / arresto;Conducente;F;Illeso;0;;;
3891613;4;25/06/2018 16:35:00;Strada Urbana;VIA GIUSEPPE PRINA;in prossimit�;;del civico n.;2;;Scontro laterale fra veicoli in marcia;Rettilineo;Una carreggiata a doppio senso;Bagnato (pioggia);Asfaltata;Verticale ed orizzontale;Nuvoloso;Normale;Buona;Ore Diurne;0;0;0;4;12,52335;41,95781;-1;1;Autovettura privata;In marcia / fermata / arresto;Passeggero;F;Illeso;0;;;
3891613;4;25/06/2018 16:35:00;Strada Urbana;VIA GIUSEPPE PRINA;in prossimit�;;del civico n.;2;;Scontro laterale fra veicoli in marcia;Rettilineo;Una carreggiata a doppio senso;Bagnato (pioggia);Asfaltata;Verticale ed orizzontale;Nuvoloso;Normale;Buona;Ore Diurne;0;0;0;4;12,52335;41,95781;-1;2;Autovettura privata;In marcia / fermata / arresto;Conducente;M;Illeso;0;;Non accertato;
3891613;4;25/06/2018 16:35:00;Strada Urbana;VIA GIUSEPPE PRINA;in prossimit�;;del civico n.;2;;Scontro laterale fra veicoli in marcia;Rettilineo;Una carreggiata a doppio senso;Bagnato (pioggia);Asfaltata;Verticale ed orizzontale;Nuvoloso;Normale;Buona;Ore Diurne;0;0;0;4;12,52335;41,95781;-1;2;Autovettura privata;In marcia / fermata / arresto;Passeggero;F;Illeso;0;;Non accertato;
3891617;7;25/06/2018 18:00:00;Strada Urbana;VIA DI CENTOCELLE;all'intersezione semaforizzata con;VIA SCRIBONIO CURIONE;VIA SCRIBONIO CURIONE;;;Scontro frontale/laterale DX fra veicoli in marcia;Incrocio;Una carreggiata a doppio senso;Bagnato (pioggia);Asfaltata;Verticale ed orizzontale;Nuvoloso;Normale;Buona;Ore Diurne;0;0;0;2;12,55494;41,86526;-1;1;Autovettura privata;In marcia / fermata / arresto;Conducente;F;Illeso;0;;Non accertato;Inesploso
3891617;7;25/06/2018 18:00:00;Strada Urbana;VIA DI CENTOCELLE;all'intersezione semaforizzata con;VIA SCRIBONIO CURIONE;VIA SCRIBONIO CURIONE;;;Scontro frontale/laterale DX fra veicoli in marcia;Incrocio;Una carreggiata a doppio senso;Bagnato (pioggia);Asfaltata;Verticale ed orizzontale;Nuvoloso;Normale;Buona;Ore Diurne;0;0;0;2;12,55494;41,86526;-1;2;Autovettura privata;In marcia / fermata / arresto;Conducente;M;Illeso;0;;Non accertato;Inesploso
3891618;11;25/06/2018 10:10:00;Strada Urbana;VIA DEL PORTO FLUVIALE;all'intersezione semaforizzata con;VIA OSTIENSE;VIA OSTIENSE;;;Tamponamento;Intersezione semaforizzata;Due carreggiate;Asciutto;Asfaltata;Verticale ed orizzontale;Sereno;Intenso;Buona;Ore Diurne;0;0;0;2;12,48018;41,8724;-1;1;Autovettura privata;In marcia / fermata / arresto;Conducente;M;Illeso;0;;;
3891618;11;25/06/2018 10:10:00;Strada Urbana;VIA DEL PORTO FLUVIALE;all'intersezione semaforizzata con;VIA OSTIENSE;VIA OSTIENSE;;;Tamponamento;Intersezione semaforizzata;Due carreggiate;Asciutto;Asfaltata;Verticale ed orizzontale;Sereno;Intenso;Buona;Ore Diurne;0;0;0;2;12,48018;41,8724;-1;2;Autovettura privata;In marcia / fermata / arresto;Conducente;M;Illeso;0;;;