Protocollo;Gruppo;DataOraIncidente;Localizzazione1;STRADA1;Localizzazione2;STRADA2;Strada02;Chilometrica;DaSpecificare;NaturaIncidente;particolaritastrade;TipoStrada;FondoStradale;Pavimentazione;Segnaletica;CondizioneAtmosferica;Traffico;Visibilita;Illuminazione;NUM_FERITI;NUM_RISERVATA;NUM_MORTI;NUM_ILLESI;Longitudine;Latitudine;Confermato;Progressivo;TipoVeicolo;StatoVeicolo;TipoPersona;Sesso;Tipolesione;Deceduto;DecedutoDopo;CinturaCascoUtilizzato;Airbag
3894974;20;27/06/2018 09:10:00;Strada Urbana;CORSO DI FRANCIA;da specificare;;;;altezza via Pecchio;Veicolo in marcia contro veicoli in sosta;Curva a visuale libera;Una carreggiata a senso unico di marcia;Asciutto;Asfaltata;Assente;Sereno;Normale;Buona;Ore Diurne;0;0;0;1;12,47168;41,93671;-1;1;Autovettura privata;In marcia / fermata / arresto;Conducente;F;Illeso;0;;Non accertato;
3894976;8;27/06/2018 16:45:00;Strada Urbana;VIA CASILINA;in corrispondenza;;del civico n.;1383;;Scontro laterale fra veicoli in marcia;Rettilineo;Una carreggiata a doppio senso;Asciutto;Asfaltata;Orizzontale;Sereno;Intenso;Buona;Ore Diurne;0;0;0;3;12,61707;41,86317;-1;1;Motociclo a solo;In marcia / fermata / arresto;Conducente;M;Illeso;0;;Non accertato;
3894976;8;27/06/2018 16:45:00;Strada Urbana;VIA CASILINA;in corrispondenza;;del civico n.;1383;;Scontro laterale fra veicoli in marcia;Rettilineo;Una carreggiata a doppio senso;Asciutto;Asfaltata;Orizzontale;Sereno;Intenso;Buona;Ore Diurne;0;0;0;3;12,61707;41,86317;-1;2;Autovettura privata;In marcia / fermata / arresto;Conducente;M;Illeso;0;;Non accertato;Inesploso
3894976;8;27/06/2018 16:45:00;Strada Urbana;VIA CASILINA;in corrispondenza;;del civico n.;1383;;Scontro laterale fra veicoli in marcia;Rettilineo;Una carreggiata a doppio senso;Asciutto;Asfaltata;Orizzontale;Sereno;Intenso;Buona;Ore Diurne;0;0;0;3;12,61707;41,86317;-1;2;Autovettura privata;In marcia / fermata / arresto;Passeggero;M;Illeso;0;;Non accertato;Inesploso
3894980;8;27/06/2018 18:00:00;Strada Urbana;VIA ARAGONA;in corrispondenza;;del civico n.;15;;Veicolo in marcia contro veicoli in arresto;Rettilineo;Una carreggiata a senso unico di marcia;Asciutto;Asfaltata;Assente;Sereno;Scarso;Buona;Ore Diurne;0;0;0;3;12,65211;41,86666;-1;1;Autovettura privata;In marcia / fermata / arresto;Conducente;F;Illeso;0;;Non accertato;Inesploso
3894980;8;27/06/2018 18:00:00;Strada Urbana;VIA ARAGONA;in corrispondenza;;del civico n.;15;;Veicolo in marcia contro veicoli in arresto;Rettilineo;Una carreggiata a senso unico di marcia;Asciutto;Asfaltata;Assente;Sereno;Scarso;Buona;Ore Diurne;0;0;0;3;12,65211;41,86666;-1;2;Autovettura privata;In marcia / fermata / arresto;Conducente;F;Illeso;0;;Non accertato;Inesploso
3894980;8;27/06/2018 18:00:00;Strada Urbana;VIA ARAGONA;in corrispondenza;;del civico n.;15;;Veicolo in marcia contro veicoli in arresto;Rettilineo;Una carreggiata a senso unico di marcia;Asciutto;Asfaltata;Assente;Sereno;Scarso;Buona;Ore Diurne;0;0;0;3;12,65211;41,86666;-1;2;Autovettura privata;In marcia / fermata / arresto;Passeggero;M;Illeso;0;;Non accertato;Inesploso
3894982;8;27/06/2018 18:15:00;Strada Urbana;VIA DI PASSOLOMBARDO;all'intersezione con;VIA CRACOVIA;VIA CRACOVIA;;;Scontro frontale/laterale DX fra veicoli in marcia;Intersezione stradale segnalata;Una carreggiata a doppio senso;Asciutto;Asfaltata;Verticale ed orizzontale;Sereno;Scarso;Buona;Ore Diurne;0;0;0;2;12,62939;41,84859;-1;1;Autovettura privata;In marcia / fermata / arresto;Conducente;M;Illeso;0;;Non accertato;Inesploso
3894982;8;27/06/2018 18:15:00;Strada Urbana;VIA DI PASSOLOMBARDO;all'intersezione con;VIA CRACOVIA;VIA CRACOVIA;;;Scontro frontale/laterale DX fra veicoli in marcia;Intersezione stradale segnalata;Una carreggiata a doppio senso;Asciutto;Asfaltata;Verticale ed orizzontale;Sereno;Scarso;Buona;Ore Diurne;0;0;0;2;12,62939;41,84859;-1;2;Autovettura privata;In marcia / fermata / arresto;Conducente;M;Illeso;0;;Non accertato;Inesploso
3894984;8;27/06/2018 19:20:00;Statale entro l'abitato;VIA CASILINA;in corrispondenza;;del civico n.;1765;;Scontro laterale fra veicoli in marcia;Rettilineo;Una carreggiata a doppio senso;Asciutto;Asfaltata;Verticale ed orizzontale;Sereno;Intenso;Buona;Ore Diurne;2;0;0;1;12,67029;41,86403;-1;1;Autovettura privata;In marcia / fermata / arresto;Conducente;M;Illeso;0;;;
3894984;8;27/06/2018 19:20:00;Statale entro l'abitato;VIA CASILINA;in corrispondenza;;del civico n.;1765;;Scontro laterale fra veicoli in marcia;Rettilineo;Una carreggiata a doppio senso;Asciutto;Asfaltata;Verticale ed orizzontale;Sereno;Intenso;Buona;Ore Diurne;2;0;0;1;12,67029;41,86403;-1;2;Motociclo a solo;In marcia / fermata / arresto;Conducente;M;Rifiuta cure immediate;0;NON DECEDUTO;;
3894984;8;27/06/2018 19:20:00;Statale entro l'abitato;VIA CASILINA;in corrispondenza;;del civico n.;1765;;Scontro laterale fra veicoli in marcia;Rettilineo;Una carreggiata a doppio senso;Asciutto;Asfaltata;Verticale ed orizzontale;Sereno;Intenso;Buona;Ore Diurne;2;0;0;1;12,67029;41,86403;-1;2;Motociclo a solo;In marcia / fermata / arresto;Passeggero;F;Rimandato;0;NON DECEDUTO;;
3894990;5;27/06/2018 06:50:00;Strada Urbana;VIA DI MARCO SIMONE;in corrispondenza;;del civico n.;18;;Scontro frontale/laterale DX fra veicoli in marcia;Rettilineo;Una carreggiata a doppio senso;Asciutto;Asfaltata;Orizzontale;Sereno;Intenso;Buona;Ore Diurne;1;0;0;1;12,64485;41,94471;-1;1;Autovettura privata;In marcia / fermata / arresto;Conducente;F;Rimandato;0;NON DECEDUTO;Non accertato;Esploso
3894990;5;27/06/2018 06:50:00;Strada Urbana;VIA DI MARCO SIMONE;in corrispondenza;;del civico n.;18;;Scontro frontale/laterale DX fra veicoli in marcia;Rettilineo;Una carreggiata a doppio senso;Asciutto;Asfaltata;Orizzontale;Sereno;Intenso;Buona;Ore Diurne;1;0;0;1;12,64485;41,94471;-1;2;Autovettura privata;In marcia / fermata / arresto;Conducente;M;Illeso;0;;Non accertato;Inesploso
3894992;20;27/06/2018 13:00:00;Strada Urbana;VIA CASSIA;in prossimit�;;del civico n.;928;;Scontro frontale/laterale DX fra veicoli in marcia;Rettilineo;Una carreggiata a doppio senso;Asciutto;Asfaltata;Verticale ed orizzontale;Sereno;Intenso;Buona;Ore Diurne;0;0;0;2;12,43465;41,97124;-1;1;Autovettura privata;In marcia / fermata / arresto;Conducente;M;Illeso;0;;Non accertato;Inesploso
3894992;20;27/06/2018 13:00:00;Strada Urbana;VIA CASSIA;in prossimit�;;del civico n.;928;;Scontro frontale/laterale DX fra veicoli in marcia;Rettilineo;Una carreggiata a doppio senso;Asciutto;Asfaltata;Verticale ed orizzontale;Sereno;Intenso;Buona;Ore Diurne;0;0;0;2;12,43465;41,97124;-1;2;Ciclomotore;In marcia / fermata / arresto;Conducente;M;Illeso;0;;Non accertato;
3895000;17;27/06/2018 14:55:00;Strada Urbana;LUNGOTEVERE IN SASSIA;da specificare;;;;altezza lampada 724 (sottopasso);Scontro frontale fra veicoli in marcia;Sottopasso illuminato;Una carreggiata a senso unico di marcia;Asciutto;Asfaltata;Verticale ed orizzontale;Sereno;Normale;Sufficiente;Ore Diurne;0;1;0;1;;;0;1;Motociclo a solo;In marcia / fermata / arresto;Conducente;F;Prognosi riservata;0;NON DECEDUTO;;
3895000;17;27/06/2018 14:55:00;Strada Urbana;LUNGOTEVERE IN SASSIA;da specificare;;;;altezza lampada 724 (sottopasso);Scontro frontale fra veicoli in marcia;Sottopasso illuminato;Una carreggiata a senso unico di marcia;Asciutto;Asfaltata;Verticale ed orizzontale;Sereno;Normale;Sufficiente;Ore Diurne;0;1;0;1;;;0;2;Autovettura privata;In marcia / fermata / arresto;Conducente;M;Illeso;0;;;
3895003;11;27/06/2018 17:30:00;Strada Urbana;VIA DELLA STAZIONE OSTIENSE;da specificare;;;;fronte civico 1;Tamponamento;Rettilineo;Una carreggiata a senso unico di marcia;Asciutto;Asfaltata;Verticale ed orizzontale;Sereno;Normale;Buona;Ore Diurne;0;0;0;3;12,48048;41,87336;-1;1;Autovettura privata;In marcia / fermata / arresto;Conducente;M;Illeso;0;;;
3895003;11;27/06/2018 17:30:00;Strada Urbana;VIA DELLA STAZIONE OSTIENSE;da specificare;;;;fronte civico 1;Tamponamento;Rettilineo;Una carreggiata a senso unico di marcia;Asciutto;Asfaltata;Verticale ed orizzontale;Sereno;Normale;Buona;Ore Diurne;0;0;0;3;12,48048;41,87336;-1;2;Autocarro inferiore 35 q.;In marcia / fermata / arresto;Conducente;M;Illeso;0;;;
3895003;11;27/06/2018 17:30:00;Strada Urbana;VIA DELLA STAZIONE OSTIENSE;da specificare;;;;fronte civico 1;Tamponamento;Rettilineo;Una carreggiata a senso unico di marcia;Asciutto;Asfaltata;Verticale ed orizzontale;Sereno;Normale;Buona;Ore Diurne;0;0;0;3;12,48048;41,87336;-1;2;Autocarro inferiore 35 q.;In marcia / fermata / arresto;Passeggero;M;Illeso;0;;;
3895005;13;27/06/2018 09:30:00;Strada Urbana;VIA FRANCESCO CILEA;in prossimit�;;del civico n.;307;;Tamponamento;Rettilineo;Una carreggiata a doppio senso;Asciutto;Asfaltata;Verticale ed orizzontale;Sereno;Normale;Buona;Ore Diurne;0;0;0;2;12,37483;41,75063;-1;1;Autovettura privata;In marcia / fermata / arresto;Conducente;M;Illeso;0;;Non accertato;Inesploso
3895005;13;27/06/2018 09:30:00;Strada Urbana;VIA FRANCESCO CILEA;in prossimit�;;del civico n.;307;;Tamponamento;Rettilineo;Una carreggiata a doppio senso;Asciutto;Asfaltata;Verticale ed orizzontale;Sereno;Normale;Buona;Ore Diurne;0;0;0;2;12,37483;41,75063;-1;2;Autovettura privata;In marcia / fermata / arresto;Conducente;M;Illeso;0;;Non accertato;Inesploso
3895008;11;27/06/2018 14:00:00;Strada Urbana;VIA CRISTOFORO COLOMBO;da specificare;;;;alt. palo acea 28;Scontro frontale/laterale DX fra veicoli in marcia;Rettilineo;Pi� di due carreggiate;Asciutto;Asfaltata;Verticale ed orizzontale;Sereno;Normale;Buona;Ore Diurne;1;0;0;1;12,49631;41,86979;-1;1;Autovettura privata;In marcia / fermata / arresto;Conducente;F;Rifiuta cure immediate;0;NON DECEDUTO;;
3895008;11;27/06/2018 14:00:00;Strada Urbana;VIA CRISTOFORO COLOMBO;da specificare;;;;alt. palo acea 28;Scontro frontale/laterale DX fra veicoli in marcia;Rettilineo;Pi� di due carreggiate;Asciutto;Asfaltata;Verticale ed orizzontale;Sereno;Normale;Buona;Ore Diurne;1;0;0;1;12,49631;41,86979;-1;2;Autovettura privata;In marcia / fermata / arresto;Conducente;M;Illeso;0;;;
3895011;20;27/06/2018 16:15:00;Strada Urbana;VIA CASSIA;in corrispondenza;;del civico n.;846;;Veicolo in marcia contro ostacolo accidentale;Rettilineo;Una carreggiata a doppio senso;Asciutto;Asfaltata;Orizzontale;Sereno;Intenso;Buona;Ore Diurne;0;0;0;1;12,4382;41,96827;-1;1;Autovettura privata;In marcia / fermata / arresto;Conducente;M;Illeso;0;;Non accertato;Inesploso
3895021;5;27/06/2018 12:00:00;Strada Urbana;VIA TIBURTINA;all'intersezione con;VIA FARINDOLA;VIA FARINDOLA;;;Tamponamento Multiplo;Incrocio;Una carreggiata a doppio senso;Asciutto;Asfaltata;Temporanea di cantiere;Sereno;Normale;Buona;Ore Diurne;0;0;0;3;12,63357;41,94058;-1;1;Autovettura privata;In marcia / fermata / arresto;Conducente;M;Illeso;0;;Non accertato;
3895021;5;27/06/2018 12:00:00;Strada Urbana;VIA TIBURTINA;all'intersezione con;VIA FARINDOLA;VIA FARINDOLA;;;Tamponamento Multiplo;Incrocio;Una carreggiata a doppio senso;Asciutto;Asfaltata;Temporanea di cantiere;Sereno;Normale;Buona;Ore Diurne;0;0;0;3;12,63357;41,94058;-1;2;Autocarro inferiore 35 q.;In marcia / fermata / arresto;Conducente;M;Illeso;0;;Non accertato;
3895021;5;27/06/2018 12:00:00;Strada Urbana;VIA TIBURTINA;all'intersezione con;VIA FARINDOLA;VIA FARINDOLA;;;Tamponamento Multiplo;Incrocio;Una carreggiata a doppio senso;Asciutto;Asfaltata;Temporanea di cantiere;Sereno;Normale;Buona;Ore Diurne;0;0;0;3;12,63357;41,94058;-1;3;Autocarro inferiore 35 q.;In marcia / fermata / arresto;Conducente;M;Illeso;0;;Non accertato;
3895025;20;27/06/2018 15:55:00;Strada Urbana;VIA FLAMINIA;da specificare;;;;prossimit� Viale Tor di Quinto;Veicolo in marcia contro ostacolo accidentale;Rettilineo;Una carreggiata a doppio senso;Asciutto;Asfaltata;Verticale ed orizzontale;Sereno;Normale;Buona;Ore Diurne;0;0;0;1;12,47183;41,94192;-1;1;Autovettura privata;In marcia / fermata / arresto;Conducente;M;Illeso;0;;Non accertato;Inesploso
3895036;19;27/06/2018 22:20:00;Comunale extraurbana;VIA TIBERINA;da specificare;;;;prossimit� f.c. 789;Veicolo in marcia contro ostacolo accidentale;Rettilineo;Una carreggiata a doppio senso;Asciutto;Asfaltata;Assente;Sereno;Scarso;Insufficiente;Inesistente;0;0;0;1;12,50498;42,02581;-1;1;Autovettura privata;In marcia / fermata / arresto;Conducente;M;Illeso;0;;Non accertato;Inesploso
3895039;13;27/06/2018 15:20:00;;PONTE TOR BOACCIANA;da specificare;;;;pross. via di t. boacciana;Tamponamento;;;;;;;;;;1;0;0;2;12,27776;41,75266;0;1;Autovettura privata;In marcia / fermata / arresto;Conducente;M;Rifiuta cure immediate;0;NON DECEDUTO;;
3895039;13;27/06/2018 15:20:00;;PONTE TOR BOACCIANA;da specificare;;;;pross. via di t. boacciana;Tamponamento;;;;;;;;;;1;0;0;2;12,27776;41,75266;0;2;Autovettura privata;In marcia / fermata / arresto;Conducente;F;Illeso;0;;;
3895039;13;27/06/2018 15:20:00;;PONTE TOR BOACCIANA;da specificare;;;;pross. via di t. boacciana;Tamponamento;;;;;;;;;;1;0;0;2;12,27776;41,75266;0;2;Autovettura privata;In marcia / fermata / arresto;Passeggero;M;Illeso;0;;;
3895040;11;27/06/2018 19:00:00;Strada Urbana;VIA MEROPIA;in corrispondenza;;del civico n.;105/f;;Veicolo in marcia contro veicoli in sosta;Rettilineo;Una carreggiata a doppio senso;Asciutto;Asfaltata;Assente;Sereno;Scarso;Buona;Ore Diurne;1;0;0;0;12,50721;41,85524;-1;2;Autovettura privata;In marcia / fermata / arresto;Conducente;M;Rimandato;0;NON DECEDUTO;;Inesistente
3895041;10;27/06/2018 12:00:00;;VIA TUSCOLANA;in prossimit�;;del civico n.;1988;;Tamponamento;;;;;;;;;;0;0;0;2;;;0;1;Autovettura privata;In marcia / fermata / arresto;Conducente;M;Illeso;0;;;
3895041;10;27/06/2018 12:00:00;;VIA TUSCOLANA;in prossimit�;;del civico n.;1988;;Tamponamento;;;;;;;;;;0;0;0;2;;;0;2;Velocipede;In marcia / fermata / arresto;Conducente;M;Illeso;0;;Esente;
3895043;11;27/06/2018 23:15:00;Strada Urbana;VIA DI VIGNA MURATA;all'intersezione semaforizzata con;VIA LAURENTINA;VIA LAURENTINA;;;Investimento di pedone;Intersezione semaforizzata;Una carreggiata a senso unico di marcia;Asciutto;Asfaltata;Verticale ed orizzontale;Sereno;Normale;Buona;Sufficiente;0;0;1;0;12,47895;41,82806;-1;;;;Pedone;M;Rimandato;0;DECEDUTO ENTRO 2 MESI;;
3895048;5;27/06/2018 17:45:00;Strada Urbana;VIA TIBURTINA;in prossimit�;;del civico n.;739;;Scontro laterale fra veicoli in marcia;Rettilineo;Due carreggiate;Asciutto;Asfaltata;Verticale ed orizzontale;Sereno;Normale;Buona;Ore Diurne;1;0;0;2;12,55196;41,91168;-1;1;Autovettura privata;In marcia / fermata / arresto;Conducente;M;Illeso;0;;Non accertato;
3895048;5;27/06/2018 17:45:00;Strada Urbana;VIA TIBURTINA;in prossimit�;;del civico n.;739;;Scontro laterale fra veicoli in marcia;Rettilineo;Due carreggiate;Asciutto;Asfaltata;Verticale ed orizzontale;Sereno;Normale;Buona;Ore Diurne;1;0;0;2;12,55196;41,91168;-1;1;Autovettura privata;In marcia / fermata / arresto;Passeggero;F;Illeso;0;;Non accertato;
3895048;5;27/06/2018 17:45:00;Strada Urbana;VIA TIBURTINA;in prossimit�;;del civico n.;739;;Scontro laterale fra veicoli in marcia;Rettilineo;Due carreggiate;Asciutto;Asfaltata;Verticale ed orizzontale;Sereno;Normale;Buona;Ore Diurne;1;0;0;2;12,55196;41,91168;-1;2;Motociclo a solo;In marcia / fermata / arresto;Conducente;F;Rimandato;0;NON DECEDUTO;Non accertato;
3895051;10;27/06/2018 07:00:00;Strada Urbana;VIALE ANICIO GALLO;all'intersezione semaforizzata con;CIRCONVALLAZIONE TUSCOLANA;CIRCONVALLAZIONE TUSCOLANA;;;Scontro frontale/laterale DX fra veicoli in marcia;Incrocio;Due carreggiate;Asciutto;Asfaltata;Verticale ed orizzontale;Sereno;Scarso;Buona;Ore Diurne;2;0;0;0;12,56701;41,85046;-1;1;Autocarro inferiore 35 q.;In marcia / fermata / arresto;Conducente;M;Rimandato;0;NON DECEDUTO;Non accertato;Inesploso
3895051;10;27/06/2018 07:00:00;Strada Urbana;VIALE ANICIO GALLO;all'intersezione semaforizzata con;CIRCONVALLAZIONE TUSCOLANA;CIRCONVALLAZIONE TUSCOLANA;;;Scontro frontale/laterale DX fra veicoli in marcia;Incrocio;Due carreggiate;Asciutto;Asfaltata;Verticale ed orizzontale;Sereno;Scarso;Buona;Ore Diurne;2;0;0;0;12,56701;41,85046;-1;2;Autovettura privata;In marcia / fermata / arresto;Conducente;F;Rimandato;0;NON DECEDUTO;Non accertato;Inesploso
3895064;19;27/06/2018 10:00:00;Strada Urbana;VIA TRIONFALE;in corrispondenza;;del civico n.;10779;;Scontro laterale fra veicoli in marcia;Rettilineo;Una carreggiata a doppio senso;Asciutto;Asfaltata;Verticale ed orizzontale;Sereno;Intenso;Buona;Ore Diurne;0;0;0;2;12,41245;41,95588;-1;1;Autovettura privata;In marcia / fermata / arresto;Conducente;M;Illeso;0;;Non accertato;Inesploso
3895064;19;27/06/2018 10:00:00;Strada Urbana;VIA TRIONFALE;in corrispondenza;;del civico n.;10779;;Scontro laterale fra veicoli in marcia;Rettilineo;Una carreggiata a doppio senso;Asciutto;Asfaltata;Verticale ed orizzontale;Sereno;Intenso;Buona;Ore Diurne;0;0;0;2;12,41245;41,95588;-1;2;Autovettura privata;In marcia / fermata / arresto;Conducente;F;Illeso;0;;Non accertato;
3895073;13;27/06/2018 18:00:00;Strada Urbana;VIA GIUSEPPE FIORELLI;in prossimit�;;del civico n.;43;;Tamponamento;Rettilineo;Una carreggiata a senso unico di marcia;Asciutto;Asfaltata;Assente;Sereno;Scarso;Buona;Ore Diurne;0;0;0;3;12,31167;41,76885;-1;1;Autovettura privata;In marcia / fermata / arresto;Conducente;M;Illeso;0;;Non accertato;Inesploso
3895073;13;27/06/2018 18:00:00;Strada Urbana;VIA GIUSEPPE FIORELLI;in prossimit�;;del civico n.;43;;Tamponamento;Rettilineo;Una carreggiata a senso unico di marcia;Asciutto;Asfaltata;Assente;Sereno;Scarso;Buona;Ore Diurne;0;0;0;3;12,31167;41,76885;-1;1;Autovettura privata;In marcia / fermata / arresto;Passeggero;F;Illeso;0;;;
3895073;13;27/06/2018 18:00:00;Strada Urbana;VIA GIUSEPPE FIORELLI;in prossimit�;;del civico n.;43;;Tamponamento;Rettilineo;Una carreggiata a senso unico di marcia;Asciutto;Asfaltata;Assente;Sereno;Scarso;Buona;Ore Diurne;0;0;0;3;12,31167;41,76885;-1;2;Autovettura privata;In marcia / fermata / arresto;Conducente;M;Illeso;0;;Non accertato;Inesploso
3895076;5;27/06/2018 10:50:00;Strada Urbana;VIA RAFFAELE COSTI;da specificare;;;;pross. rampa accesso A24 dir. Roma Centro;Scontro frontale fra veicoli in marcia;Curva senza visuale libera;Una carreggiata a senso unico di marcia;Asciutto;Asfaltata;Orizzontale;Sereno;Normale;Buona;Ore Diurne;1;0;0;1;12,59369;41,91464;-1;1;Autovettura privata;In marcia / fermata / arresto;Conducente;M;Rimandato;0;NON DECEDUTO;Non accertato;Inesploso
3895076;5;27/06/2018 10:50:00;Strada Urbana;VIA RAFFAELE COSTI;da specificare;;;;pross. rampa accesso A24 dir. Roma Centro;Scontro frontale fra veicoli in marcia;Curva senza visuale libera;Una carreggiata a senso unico di marcia;Asciutto;Asfaltata;Orizzontale;Sereno;Normale;Buona;Ore Diurne;1;0;0;1;12,59369;41,91464;-1;2;Autocarro superiore 35 q.;In marcia / fermata / arresto;Conducente;M;Illeso;0;;Non accertato;Inesploso
3895082;10;27/06/2018 09:30:00;Strada Urbana;VIA BIAGIO PETROCELLI;da specificare;;;;pross. rotatoria via M. Angeloni;Scontro laterale fra veicoli in marcia;Rotatoria;Una carreggiata a senso unico di marcia;Asciutto;Asfaltata;Orizzontale;Sereno;Scarso;Buona;Ore Diurne;0;0;0;2;12,61071;41,84124;-1;1;Autovettura privata;In marcia / fermata / arresto;Conducente;M;Illeso;0;;Non accertato;Inesploso
3895082;10;27/06/2018 09:30:00;Strada Urbana;VIA BIAGIO PETROCELLI;da specificare;;;;pross. rotatoria via M. Angeloni;Scontro laterale fra veicoli in marcia;Rotatoria;Una carreggiata a senso unico di marcia;Asciutto;Asfaltata;Orizzontale;Sereno;Scarso;Buona;Ore Diurne;0;0;0;2;12,61071;41,84124;-1;2;Autotreno;In marcia / fermata / arresto;Conducente;M;Illeso;0;;Non accertato;Inesploso
3895088;11;28/06/2018 00:30:00;Strada Urbana;VIA APPIA PIGNATELLI;all'intersezione con;VIA APPIA ANTICA;VIA APPIA ANTICA;;;Scontro frontale fra veicoli in marcia;Intersezione stradale segnalata;Una carreggiata a doppio senso;Asciutto;In cubetti di porfido;Verticale ed orizzontale;Sereno;Scarso;Sufficiente;Sufficiente;2;0;0;0;12,51384;41,8584;-1;1;Autovettura privata;In marcia / fermata / arresto;Conducente;M;Rimandato;0;NON DECEDUTO;Non accertato;
3895088;11;28/06/2018 00:30:00;Strada Urbana;VIA APPIA PIGNATELLI;all'intersezione con;VIA APPIA ANTICA;VIA APPIA ANTICA;;;Scontro frontale fra veicoli in marcia;Intersezione stradale segnalata;Una carreggiata a doppio senso;Asciutto;In cubetti di porfido;Verticale ed orizzontale;Sereno;Scarso;Sufficiente;Sufficiente;2;0;0;0;12,51384;41,8584;-1;2;Motociclo a solo;In marcia / fermata / arresto;Conducente;M;Ricoverato;0;NON DECEDUTO;Non accertato;
3895113;17;27/06/2018 16:00:00;Strada Urbana;PIAZZA ADRIANA;in corrispondenza;;del civico n.;4;;Scontro laterale fra veicoli in marcia;Rettilineo;Una carreggiata a senso unico di marcia;Asciutto;Asfaltata;Verticale ed orizzontale;Sereno;Intenso;Sufficiente;Ore Diurne;0;0;0;4;12,46856;41,90433;0;1;Autovettura privata;In marcia / fermata / arresto;Conducente;M;Illeso;0;;;
3895113;17;27/06/2018 16:00:00;Strada Urbana;PIAZZA ADRIANA;in corrispondenza;;del civico n.;4;;Scontro laterale fra veicoli in marcia;Rettilineo;Una carreggiata a senso unico di marcia;Asciutto;Asfaltata;Verticale ed orizzontale;Sereno;Intenso;Sufficiente;Ore Diurne;0;0;0;4;12,46856;41,90433;0;1;Autovettura privata;In marcia / fermata / arresto;Passeggero;F;Illeso;0;;;
3895113;17;27/06/2018 16:00:00;Strada Urbana;PIAZZA ADRIANA;in corrispondenza;;del civico n.;4;;Scontro laterale fra veicoli in marcia;Rettilineo;Una carreggiata a senso unico di marcia;Asciutto;Asfaltata;Verticale ed orizzontale;Sereno;Intenso;Sufficiente;Ore Diurne;0;0;0;4;12,46856;41,90433;0;1;Autovettura privata;In marcia / fermata / arresto;Passeggero;F;Illeso;0;;;
3895113;17;27/06/2018 16:00:00;Strada Urbana;PIAZZA ADRIANA;in corrispondenza;;del civico n.;4;;Scontro laterale fra veicoli in marcia;Rettilineo;Una carreggiata a senso unico di marcia;Asciutto;Asfaltata;Verticale ed orizzontale;Sereno;Intenso;Sufficiente;Ore Diurne;0;0;0;4;12,46856;41,90433;0;2;Autovettura privata;In marcia / fermata / arresto;Conducente;M;Illeso;0;;;
3895117;18;27/06/2018 21:25:00;Strada Urbana;VIA AURELIA;in prossimit�;;del civico n.;468;;Veicoli in marcia contro veicolo fermo;Rettilineo;Due carreggiate;Asciutto;Asfaltata;Verticale ed orizzontale;Sereno;Normale;Sufficiente;Sufficiente;0;0;0;3;12,42519;41,89855;-1;1;Autovettura privata;In marcia / fermata / arresto;Conducente;M;Illeso;0;;;
3895117;18;27/06/2018 21:25:00;Strada Urbana;VIA AURELIA;in prossimit�;;del civico n.;468;;Veicoli in marcia contro veicolo fermo;Rettilineo;Due carreggiate;Asciutto;Asfaltata;Verticale ed orizzontale;Sereno;Normale;Sufficiente;Sufficiente;0;0;0;3;12,42519;41,89855;-1;2;Autovettura privata;In marcia / fermata / arresto;Conducente;F;Illeso;0;;;
3895117;18;27/06/2018 21:25:00;Strada Urbana;VIA AURELIA;in prossimit�;;del civico n.;468;;Veicoli in marcia contro veicolo fermo;Rettilineo;Due carreggiate;Asciutto;Asfaltata;Verticale ed orizzontale;Sereno;Normale;Sufficiente;Sufficiente;0;0;0;3;12,42519;41,89855;-1;3;Autovettura privata;In marcia / fermata / arresto;Conducente;F;Illeso;0;;;
3895118;4;27/06/2018 10:40:00;;VIA SALARIA;all'intersezione con;VIA MARCIANA MARINA;VIA MARCIANA MARINA;;;Infortunio per caduta del veicolo;;;;;;;;;;0;0;0;1;;;0;1;Motociclo a solo;In marcia / fermata / arresto;Conducente;M;Illeso;0;;Non accertato;
3895121;13;27/06/2018 18:10:00;Strada Urbana;VIALE DI CASTEL PORZIANO;in prossimit�;;del civico n.;389;;Scontro frontale/laterale DX fra veicoli in marcia;Rettilineo;Una carreggiata a doppio senso;Asciutto;Asfaltata;Verticale ed orizzontale;Sereno;Normale;Sufficiente;Ore Diurne;1;0;0;2;12,36168;41,73497;-1;1;Autovettura privata;In marcia / fermata / arresto;Conducente;F;Rimandato;0;NON DECEDUTO;Non accertato;Inesploso
3895121;13;27/06/2018 18:10:00;Strada Urbana;VIALE DI CASTEL PORZIANO;in prossimit�;;del civico n.;389;;Scontro frontale/laterale DX fra veicoli in marcia;Rettilineo;Una carreggiata a doppio senso;Asciutto;Asfaltata;Verticale ed orizzontale;Sereno;Normale;Sufficiente;Ore Diurne;1;0;0;2;12,36168;41,73497;-1;2;Autovettura privata;In marcia / fermata / arresto;Conducente;M;Illeso;0;;Non accertato;Inesploso